[    1433ms] [INFO] %cDownload the React DevTools for a better development experience: https://reactjs.org/link/react-devtools font-weight:bold @ http://localhost:3000/static/js/bundle.js:157094
[    1927ms] [WARNING] [cloud-relay-host] background poll skipped Error: Electron API is not available
    at requireApi (http://localhost:3000/static/js/bundle.js:21134:62)
    at getRuntimeConfig (http://localhost:3000/static/js/bundle.js:21138:10)
    at runHostCloudLoop (http://localhost:3000/static/js/bundle.js:172:110)
    at http://localhost:3000/static/js/bundle.js:180:5
    at commitHookEffectListMount (http://localhost:3000/static/js/bundle.js:151389:30)
    at commitPassiveMountOnFiber (http://localhost:3000/static/js/bundle.js:152882:17)
    at commitPassiveMountEffects_complete (http://localhost:3000/static/js/bundle.js:152854:13)
    at commitPassiveMountEffects_begin (http://localhost:3000/static/js/bundle.js:152844:11)
    at commitPassiveMountEffects (http://localhost:3000/static/js/bundle.js:152834:7)
    at flushPassiveEffectsImpl (http://localhost:3000/static/js/bundle.js:154717:7) @ http://localhost:3000/static/js/bundle.js:176
[    1927ms] [LOG] Database service loaded successfully @ http://localhost:3000/static/js/bundle.js:157
[   13693ms] [INFO] %cDownload the React DevTools for a better development experience: https://reactjs.org/link/react-devtools font-weight:bold @ http://localhost:3000/static/js/bundle.js:157094
[   14024ms] [WARNING] [cloud-relay-host] background poll skipped Error: Electron API is not available
    at requireApi (http://localhost:3000/static/js/bundle.js:21134:62)
    at getRuntimeConfig (http://localhost:3000/static/js/bundle.js:21138:10)
    at runHostCloudLoop (http://localhost:3000/static/js/bundle.js:172:110)
    at http://localhost:3000/static/js/bundle.js:180:5
    at commitHookEffectListMount (http://localhost:3000/static/js/bundle.js:151389:30)
    at commitPassiveMountOnFiber (http://localhost:3000/static/js/bundle.js:152882:17)
    at commitPassiveMountEffects_complete (http://localhost:3000/static/js/bundle.js:152854:13)
    at commitPassiveMountEffects_begin (http://localhost:3000/static/js/bundle.js:152844:11)
    at commitPassiveMountEffects (http://localhost:3000/static/js/bundle.js:152834:7)
    at flushPassiveEffectsImpl (http://localhost:3000/static/js/bundle.js:154717:7) @ http://localhost:3000/static/js/bundle.js:176
[   14024ms] [LOG] Database service loaded successfully @ http://localhost:3000/static/js/bundle.js:157
[   74032ms] [WARNING] [cloud-relay-host] background poll skipped Error: Electron API is not available
    at requireApi (http://localhost:3000/static/js/bundle.js:21134:62)
    at getRuntimeConfig (http://localhost:3000/static/js/bundle.js:21138:10)
    at runHostCloudLoop (http://localhost:3000/static/js/bundle.js:172:110) @ http://localhost:3000/static/js/bundle.js:176
[  134027ms] [WARNING] [cloud-relay-host] background poll skipped Error: Electron API is not available
    at requireApi (http://localhost:3000/static/js/bundle.js:21134:62)
    at getRuntimeConfig (http://localhost:3000/static/js/bundle.js:21138:10)
    at runHostCloudLoop (http://localhost:3000/static/js/bundle.js:172:110) @ http://localhost:3000/static/js/bundle.js:176
[  194025ms] [WARNING] [cloud-relay-host] background poll skipped Error: Electron API is not available
    at requireApi (http://localhost:3000/static/js/bundle.js:21134:62)
    at getRuntimeConfig (http://localhost:3000/static/js/bundle.js:21138:10)
    at runHostCloudLoop (http://localhost:3000/static/js/bundle.js:172:110) @ http://localhost:3000/static/js/bundle.js:176
[  254028ms] [WARNING] [cloud-relay-host] background poll skipped Error: Electron API is not available
    at requireApi (http://localhost:3000/static/js/bundle.js:21134:62)
    at getRuntimeConfig (http://localhost:3000/static/js/bundle.js:21138:10)
    at runHostCloudLoop (http://localhost:3000/static/js/bundle.js:172:110) @ http://localhost:3000/static/js/bundle.js:176
[  314025ms] [WARNING] [cloud-relay-host] background poll skipped Error: Electron API is not available
    at requireApi (http://localhost:3000/static/js/bundle.js:21134:62)
    at getRuntimeConfig (http://localhost:3000/static/js/bundle.js:21138:10)
    at runHostCloudLoop (http://localhost:3000/static/js/bundle.js:172:110) @ http://localhost:3000/static/js/bundle.js:176
[  374026ms] [WARNING] [cloud-relay-host] background poll skipped Error: Electron API is not available
    at requireApi (http://localhost:3000/static/js/bundle.js:21134:62)
    at getRuntimeConfig (http://localhost:3000/static/js/bundle.js:21138:10)
    at runHostCloudLoop (http://localhost:3000/static/js/bundle.js:172:110) @ http://localhost:3000/static/js/bundle.js:176
[  434037ms] [WARNING] [cloud-relay-host] background poll skipped Error: Electron API is not available
    at requireApi (http://localhost:3000/static/js/bundle.js:21134:62)
    at getRuntimeConfig (http://localhost:3000/static/js/bundle.js:21138:10)
    at runHostCloudLoop (http://localhost:3000/static/js/bundle.js:172:110) @ http://localhost:3000/static/js/bundle.js:176
[  494042ms] [WARNING] [cloud-relay-host] background poll skipped Error: Electron API is not available
    at requireApi (http://localhost:3000/static/js/bundle.js:21134:62)
    at getRuntimeConfig (http://localhost:3000/static/js/bundle.js:21138:10)
    at runHostCloudLoop (http://localhost:3000/static/js/bundle.js:172:110) @ http://localhost:3000/static/js/bundle.js:176
[  554035ms] [WARNING] [cloud-relay-host] background poll skipped Error: Electron API is not available
    at requireApi (http://localhost:3000/static/js/bundle.js:21134:62)
    at getRuntimeConfig (http://localhost:3000/static/js/bundle.js:21138:10)
    at runHostCloudLoop (http://localhost:3000/static/js/bundle.js:172:110) @ http://localhost:3000/static/js/bundle.js:176
[  614035ms] [WARNING] [cloud-relay-host] background poll skipped Error: Electron API is not available
    at requireApi (http://localhost:3000/static/js/bundle.js:21134:62)
    at getRuntimeConfig (http://localhost:3000/static/js/bundle.js:21138:10)
    at runHostCloudLoop (http://localhost:3000/static/js/bundle.js:172:110) @ http://localhost:3000/static/js/bundle.js:176
[  674045ms] [WARNING] [cloud-relay-host] background poll skipped Error: Electron API is not available
    at requireApi (http://localhost:3000/static/js/bundle.js:21134:62)
    at getRuntimeConfig (http://localhost:3000/static/js/bundle.js:21138:10)
    at runHostCloudLoop (http://localhost:3000/static/js/bundle.js:172:110) @ http://localhost:3000/static/js/bundle.js:176
[  734038ms] [WARNING] [cloud-relay-host] background poll skipped Error: Electron API is not available
    at requireApi (http://localhost:3000/static/js/bundle.js:21134:62)
    at getRuntimeConfig (http://localhost:3000/static/js/bundle.js:21138:10)
    at runHostCloudLoop (http://localhost:3000/static/js/bundle.js:172:110) @ http://localhost:3000/static/js/bundle.js:176
[  794041ms] [WARNING] [cloud-relay-host] background poll skipped Error: Electron API is not available
    at requireApi (http://localhost:3000/static/js/bundle.js:21134:62)
    at getRuntimeConfig (http://localhost:3000/static/js/bundle.js:21138:10)
    at runHostCloudLoop (http://localhost:3000/static/js/bundle.js:172:110) @ http://localhost:3000/static/js/bundle.js:176
[  854037ms] [WARNING] [cloud-relay-host] background poll skipped Error: Electron API is not available
    at requireApi (http://localhost:3000/static/js/bundle.js:21134:62)
    at getRuntimeConfig (http://localhost:3000/static/js/bundle.js:21138:10)
    at runHostCloudLoop (http://localhost:3000/static/js/bundle.js:172:110) @ http://localhost:3000/static/js/bundle.js:176
[  914044ms] [WARNING] [cloud-relay-host] background poll skipped Error: Electron API is not available
    at requireApi (http://localhost:3000/static/js/bundle.js:21134:62)
    at getRuntimeConfig (http://localhost:3000/static/js/bundle.js:21138:10)
    at runHostCloudLoop (http://localhost:3000/static/js/bundle.js:172:110) @ http://localhost:3000/static/js/bundle.js:176
[  974046ms] [WARNING] [cloud-relay-host] background poll skipped Error: Electron API is not available
    at requireApi (http://localhost:3000/static/js/bundle.js:21134:62)
    at getRuntimeConfig (http://localhost:3000/static/js/bundle.js:21138:10)
    at runHostCloudLoop (http://localhost:3000/static/js/bundle.js:172:110) @ http://localhost:3000/static/js/bundle.js:176
[ 1034049ms] [WARNING] [cloud-relay-host] background poll skipped Error: Electron API is not available
    at requireApi (http://localhost:3000/static/js/bundle.js:21134:62)
    at getRuntimeConfig (http://localhost:3000/static/js/bundle.js:21138:10)
    at runHostCloudLoop (http://localhost:3000/static/js/bundle.js:172:110) @ http://localhost:3000/static/js/bundle.js:176
[ 1094045ms] [WARNING] [cloud-relay-host] background poll skipped Error: Electron API is not available
    at requireApi (http://localhost:3000/static/js/bundle.js:21134:62)
    at getRuntimeConfig (http://localhost:3000/static/js/bundle.js:21138:10)
    at runHostCloudLoop (http://localhost:3000/static/js/bundle.js:172:110) @ http://localhost:3000/static/js/bundle.js:176
[ 1154045ms] [WARNING] [cloud-relay-host] background poll skipped Error: Electron API is not available
    at requireApi (http://localhost:3000/static/js/bundle.js:21134:62)
    at getRuntimeConfig (http://localhost:3000/static/js/bundle.js:21138:10)
    at runHostCloudLoop (http://localhost:3000/static/js/bundle.js:172:110) @ http://localhost:3000/static/js/bundle.js:176
[ 1214044ms] [WARNING] [cloud-relay-host] background poll skipped Error: Electron API is not available
    at requireApi (http://localhost:3000/static/js/bundle.js:21134:62)
    at getRuntimeConfig (http://localhost:3000/static/js/bundle.js:21138:10)
    at runHostCloudLoop (http://localhost:3000/static/js/bundle.js:172:110) @ http://localhost:3000/static/js/bundle.js:176
[ 1274050ms] [WARNING] [cloud-relay-host] background poll skipped Error: Electron API is not available
    at requireApi (http://localhost:3000/static/js/bundle.js:21134:62)
    at getRuntimeConfig (http://localhost:3000/static/js/bundle.js:21138:10)
    at runHostCloudLoop (http://localhost:3000/static/js/bundle.js:172:110) @ http://localhost:3000/static/js/bundle.js:176
[ 1334060ms] [WARNING] [cloud-relay-host] background poll skipped Error: Electron API is not available
    at requireApi (http://localhost:3000/static/js/bundle.js:21134:62)
    at getRuntimeConfig (http://localhost:3000/static/js/bundle.js:21138:10)
    at runHostCloudLoop (http://localhost:3000/static/js/bundle.js:172:110) @ http://localhost:3000/static/js/bundle.js:176
[ 1394047ms] [WARNING] [cloud-relay-host] background poll skipped Error: Electron API is not available
    at requireApi (http://localhost:3000/static/js/bundle.js:21134:62)
    at getRuntimeConfig (http://localhost:3000/static/js/bundle.js:21138:10)
    at runHostCloudLoop (http://localhost:3000/static/js/bundle.js:172:110) @ http://localhost:3000/static/js/bundle.js:176
[ 1454058ms] [WARNING] [cloud-relay-host] background poll skipped Error: Electron API is not available
    at requireApi (http://localhost:3000/static/js/bundle.js:21134:62)
    at getRuntimeConfig (http://localhost:3000/static/js/bundle.js:21138:10)
    at runHostCloudLoop (http://localhost:3000/static/js/bundle.js:172:110) @ http://localhost:3000/static/js/bundle.js:176
[ 1514054ms] [WARNING] [cloud-relay-host] background poll skipped Error: Electron API is not available
    at requireApi (http://localhost:3000/static/js/bundle.js:21134:62)
    at getRuntimeConfig (http://localhost:3000/static/js/bundle.js:21138:10)
    at runHostCloudLoop (http://localhost:3000/static/js/bundle.js:172:110) @ http://localhost:3000/static/js/bundle.js:176
[ 1574063ms] [WARNING] [cloud-relay-host] background poll skipped Error: Electron API is not available
    at requireApi (http://localhost:3000/static/js/bundle.js:21134:62)
    at getRuntimeConfig (http://localhost:3000/static/js/bundle.js:21138:10)
    at runHostCloudLoop (http://localhost:3000/static/js/bundle.js:172:110) @ http://localhost:3000/static/js/bundle.js:176
[ 1634066ms] [WARNING] [cloud-relay-host] background poll skipped Error: Electron API is not available
    at requireApi (http://localhost:3000/static/js/bundle.js:21134:62)
    at getRuntimeConfig (http://localhost:3000/static/js/bundle.js:21138:10)
    at runHostCloudLoop (http://localhost:3000/static/js/bundle.js:172:110) @ http://localhost:3000/static/js/bundle.js:176
[ 1694062ms] [WARNING] [cloud-relay-host] background poll skipped Error: Electron API is not available
    at requireApi (http://localhost:3000/static/js/bundle.js:21134:62)
    at getRuntimeConfig (http://localhost:3000/static/js/bundle.js:21138:10)
    at runHostCloudLoop (http://localhost:3000/static/js/bundle.js:172:110) @ http://localhost:3000/static/js/bundle.js:176
[ 1754055ms] [WARNING] [cloud-relay-host] background poll skipped Error: Electron API is not available
    at requireApi (http://localhost:3000/static/js/bundle.js:21134:62)
    at getRuntimeConfig (http://localhost:3000/static/js/bundle.js:21138:10)
    at runHostCloudLoop (http://localhost:3000/static/js/bundle.js:172:110) @ http://localhost:3000/static/js/bundle.js:176
[ 1814061ms] [WARNING] [cloud-relay-host] background poll skipped Error: Electron API is not available
    at requireApi (http://localhost:3000/static/js/bundle.js:21134:62)
    at getRuntimeConfig (http://localhost:3000/static/js/bundle.js:21138:10)
    at runHostCloudLoop (http://localhost:3000/static/js/bundle.js:172:110) @ http://localhost:3000/static/js/bundle.js:176
[ 1874071ms] [WARNING] [cloud-relay-host] background poll skipped Error: Electron API is not available
    at requireApi (http://localhost:3000/static/js/bundle.js:21134:62)
    at getRuntimeConfig (http://localhost:3000/static/js/bundle.js:21138:10)
    at runHostCloudLoop (http://localhost:3000/static/js/bundle.js:172:110) @ http://localhost:3000/static/js/bundle.js:176
[ 1934067ms] [WARNING] [cloud-relay-host] background poll skipped Error: Electron API is not available
    at requireApi (http://localhost:3000/static/js/bundle.js:21134:62)
    at getRuntimeConfig (http://localhost:3000/static/js/bundle.js:21138:10)
    at runHostCloudLoop (http://localhost:3000/static/js/bundle.js:172:110) @ http://localhost:3000/static/js/bundle.js:176
[ 1994073ms] [WARNING] [cloud-relay-host] background poll skipped Error: Electron API is not available
    at requireApi (http://localhost:3000/static/js/bundle.js:21134:62)
    at getRuntimeConfig (http://localhost:3000/static/js/bundle.js:21138:10)
    at runHostCloudLoop (http://localhost:3000/static/js/bundle.js:172:110) @ http://localhost:3000/static/js/bundle.js:176
[ 2054063ms] [WARNING] [cloud-relay-host] background poll skipped Error: Electron API is not available
    at requireApi (http://localhost:3000/static/js/bundle.js:21134:62)
    at getRuntimeConfig (http://localhost:3000/static/js/bundle.js:21138:10)
    at runHostCloudLoop (http://localhost:3000/static/js/bundle.js:172:110) @ http://localhost:3000/static/js/bundle.js:176
[ 2114069ms] [WARNING] [cloud-relay-host] background poll skipped Error: Electron API is not available
    at requireApi (http://localhost:3000/static/js/bundle.js:21134:62)
    at getRuntimeConfig (http://localhost:3000/static/js/bundle.js:21138:10)
    at runHostCloudLoop (http://localhost:3000/static/js/bundle.js:172:110) @ http://localhost:3000/static/js/bundle.js:176
[ 2174063ms] [WARNING] [cloud-relay-host] background poll skipped Error: Electron API is not available
    at requireApi (http://localhost:3000/static/js/bundle.js:21134:62)
    at getRuntimeConfig (http://localhost:3000/static/js/bundle.js:21138:10)
    at runHostCloudLoop (http://localhost:3000/static/js/bundle.js:172:110) @ http://localhost:3000/static/js/bundle.js:176
[ 2234070ms] [WARNING] [cloud-relay-host] background poll skipped Error: Electron API is not available
    at requireApi (http://localhost:3000/static/js/bundle.js:21134:62)
    at getRuntimeConfig (http://localhost:3000/static/js/bundle.js:21138:10)
    at runHostCloudLoop (http://localhost:3000/static/js/bundle.js:172:110) @ http://localhost:3000/static/js/bundle.js:176
[ 2294075ms] [WARNING] [cloud-relay-host] background poll skipped Error: Electron API is not available
    at requireApi (http://localhost:3000/static/js/bundle.js:21134:62)
    at getRuntimeConfig (http://localhost:3000/static/js/bundle.js:21138:10)
    at runHostCloudLoop (http://localhost:3000/static/js/bundle.js:172:110) @ http://localhost:3000/static/js/bundle.js:176
[ 2354071ms] [WARNING] [cloud-relay-host] background poll skipped Error: Electron API is not available
    at requireApi (http://localhost:3000/static/js/bundle.js:21134:62)
    at getRuntimeConfig (http://localhost:3000/static/js/bundle.js:21138:10)
    at runHostCloudLoop (http://localhost:3000/static/js/bundle.js:172:110) @ http://localhost:3000/static/js/bundle.js:176
[ 2414082ms] [WARNING] [cloud-relay-host] background poll skipped Error: Electron API is not available
    at requireApi (http://localhost:3000/static/js/bundle.js:21134:62)
    at getRuntimeConfig (http://localhost:3000/static/js/bundle.js:21138:10)
    at runHostCloudLoop (http://localhost:3000/static/js/bundle.js:172:110) @ http://localhost:3000/static/js/bundle.js:176
[ 2474073ms] [WARNING] [cloud-relay-host] background poll skipped Error: Electron API is not available
    at requireApi (http://localhost:3000/static/js/bundle.js:21134:62)
    at getRuntimeConfig (http://localhost:3000/static/js/bundle.js:21138:10)
    at runHostCloudLoop (http://localhost:3000/static/js/bundle.js:172:110) @ http://localhost:3000/static/js/bundle.js:176
[ 2534083ms] [WARNING] [cloud-relay-host] background poll skipped Error: Electron API is not available
    at requireApi (http://localhost:3000/static/js/bundle.js:21134:62)
    at getRuntimeConfig (http://localhost:3000/static/js/bundle.js:21138:10)
    at runHostCloudLoop (http://localhost:3000/static/js/bundle.js:172:110) @ http://localhost:3000/static/js/bundle.js:176
[ 2594080ms] [WARNING] [cloud-relay-host] background poll skipped Error: Electron API is not available
    at requireApi (http://localhost:3000/static/js/bundle.js:21134:62)
    at getRuntimeConfig (http://localhost:3000/static/js/bundle.js:21138:10)
    at runHostCloudLoop (http://localhost:3000/static/js/bundle.js:172:110) @ http://localhost:3000/static/js/bundle.js:176
[ 2654077ms] [WARNING] [cloud-relay-host] background poll skipped Error: Electron API is not available
    at requireApi (http://localhost:3000/static/js/bundle.js:21134:62)
    at getRuntimeConfig (http://localhost:3000/static/js/bundle.js:21138:10)
    at runHostCloudLoop (http://localhost:3000/static/js/bundle.js:172:110) @ http://localhost:3000/static/js/bundle.js:176
[ 2714087ms] [WARNING] [cloud-relay-host] background poll skipped Error: Electron API is not available
    at requireApi (http://localhost:3000/static/js/bundle.js:21134:62)
    at getRuntimeConfig (http://localhost:3000/static/js/bundle.js:21138:10)
    at runHostCloudLoop (http://localhost:3000/static/js/bundle.js:172:110) @ http://localhost:3000/static/js/bundle.js:176
[ 2774083ms] [WARNING] [cloud-relay-host] background poll skipped Error: Electron API is not available
    at requireApi (http://localhost:3000/static/js/bundle.js:21134:62)
    at getRuntimeConfig (http://localhost:3000/static/js/bundle.js:21138:10)
    at runHostCloudLoop (http://localhost:3000/static/js/bundle.js:172:110) @ http://localhost:3000/static/js/bundle.js:176
[ 2834092ms] [WARNING] [cloud-relay-host] background poll skipped Error: Electron API is not available
    at requireApi (http://localhost:3000/static/js/bundle.js:21134:62)
    at getRuntimeConfig (http://localhost:3000/static/js/bundle.js:21138:10)
    at runHostCloudLoop (http://localhost:3000/static/js/bundle.js:172:110) @ http://localhost:3000/static/js/bundle.js:176
[ 2894091ms] [WARNING] [cloud-relay-host] background poll skipped Error: Electron API is not available
    at requireApi (http://localhost:3000/static/js/bundle.js:21134:62)
    at getRuntimeConfig (http://localhost:3000/static/js/bundle.js:21138:10)
    at runHostCloudLoop (http://localhost:3000/static/js/bundle.js:172:110) @ http://localhost:3000/static/js/bundle.js:176
[ 2954085ms] [WARNING] [cloud-relay-host] background poll skipped Error: Electron API is not available
    at requireApi (http://localhost:3000/static/js/bundle.js:21134:62)
    at getRuntimeConfig (http://localhost:3000/static/js/bundle.js:21138:10)
    at runHostCloudLoop (http://localhost:3000/static/js/bundle.js:172:110) @ http://localhost:3000/static/js/bundle.js:176
[ 3014091ms] [WARNING] [cloud-relay-host] background poll skipped Error: Electron API is not available
    at requireApi (http://localhost:3000/static/js/bundle.js:21134:62)
    at getRuntimeConfig (http://localhost:3000/static/js/bundle.js:21138:10)
    at runHostCloudLoop (http://localhost:3000/static/js/bundle.js:172:110) @ http://localhost:3000/static/js/bundle.js:176
[ 3074086ms] [WARNING] [cloud-relay-host] background poll skipped Error: Electron API is not available
    at requireApi (http://localhost:3000/static/js/bundle.js:21134:62)
    at getRuntimeConfig (http://localhost:3000/static/js/bundle.js:21138:10)
    at runHostCloudLoop (http://localhost:3000/static/js/bundle.js:172:110) @ http://localhost:3000/static/js/bundle.js:176
[ 3134091ms] [WARNING] [cloud-relay-host] background poll skipped Error: Electron API is not available
    at requireApi (http://localhost:3000/static/js/bundle.js:21134:62)
    at getRuntimeConfig (http://localhost:3000/static/js/bundle.js:21138:10)
    at runHostCloudLoop (http://localhost:3000/static/js/bundle.js:172:110) @ http://localhost:3000/static/js/bundle.js:176
[ 3194089ms] [WARNING] [cloud-relay-host] background poll skipped Error: Electron API is not available
    at requireApi (http://localhost:3000/static/js/bundle.js:21134:62)
    at getRuntimeConfig (http://localhost:3000/static/js/bundle.js:21138:10)
    at runHostCloudLoop (http://localhost:3000/static/js/bundle.js:172:110) @ http://localhost:3000/static/js/bundle.js:176
[ 3254098ms] [WARNING] [cloud-relay-host] background poll skipped Error: Electron API is not available
    at requireApi (http://localhost:3000/static/js/bundle.js:21134:62)
    at getRuntimeConfig (http://localhost:3000/static/js/bundle.js:21138:10)
    at runHostCloudLoop (http://localhost:3000/static/js/bundle.js:172:110) @ http://localhost:3000/static/js/bundle.js:176
[ 3314098ms] [WARNING] [cloud-relay-host] background poll skipped Error: Electron API is not available
    at requireApi (http://localhost:3000/static/js/bundle.js:21134:62)
    at getRuntimeConfig (http://localhost:3000/static/js/bundle.js:21138:10)
    at runHostCloudLoop (http://localhost:3000/static/js/bundle.js:172:110) @ http://localhost:3000/static/js/bundle.js:176
[ 3374095ms] [WARNING] [cloud-relay-host] background poll skipped Error: Electron API is not available
    at requireApi (http://localhost:3000/static/js/bundle.js:21134:62)
    at getRuntimeConfig (http://localhost:3000/static/js/bundle.js:21138:10)
    at runHostCloudLoop (http://localhost:3000/static/js/bundle.js:172:110) @ http://localhost:3000/static/js/bundle.js:176
[ 3434101ms] [WARNING] [cloud-relay-host] background poll skipped Error: Electron API is not available
    at requireApi (http://localhost:3000/static/js/bundle.js:21134:62)
    at getRuntimeConfig (http://localhost:3000/static/js/bundle.js:21138:10)
    at runHostCloudLoop (http://localhost:3000/static/js/bundle.js:172:110) @ http://localhost:3000/static/js/bundle.js:176
[ 3494097ms] [WARNING] [cloud-relay-host] background poll skipped Error: Electron API is not available
    at requireApi (http://localhost:3000/static/js/bundle.js:21134:62)
    at getRuntimeConfig (http://localhost:3000/static/js/bundle.js:21138:10)
    at runHostCloudLoop (http://localhost:3000/static/js/bundle.js:172:110) @ http://localhost:3000/static/js/bundle.js:176
[ 3554097ms] [WARNING] [cloud-relay-host] background poll skipped Error: Electron API is not available
    at requireApi (http://localhost:3000/static/js/bundle.js:21134:62)
    at getRuntimeConfig (http://localhost:3000/static/js/bundle.js:21138:10)
    at runHostCloudLoop (http://localhost:3000/static/js/bundle.js:172:110) @ http://localhost:3000/static/js/bundle.js:176
[ 3614106ms] [WARNING] [cloud-relay-host] background poll skipped Error: Electron API is not available
    at requireApi (http://localhost:3000/static/js/bundle.js:21134:62)
    at getRuntimeConfig (http://localhost:3000/static/js/bundle.js:21138:10)
    at runHostCloudLoop (http://localhost:3000/static/js/bundle.js:172:110) @ http://localhost:3000/static/js/bundle.js:176
[ 3674100ms] [WARNING] [cloud-relay-host] background poll skipped Error: Electron API is not available
    at requireApi (http://localhost:3000/static/js/bundle.js:21134:62)
    at getRuntimeConfig (http://localhost:3000/static/js/bundle.js:21138:10)
    at runHostCloudLoop (http://localhost:3000/static/js/bundle.js:172:110) @ http://localhost:3000/static/js/bundle.js:176
[ 3734106ms] [WARNING] [cloud-relay-host] background poll skipped Error: Electron API is not available
    at requireApi (http://localhost:3000/static/js/bundle.js:21134:62)
    at getRuntimeConfig (http://localhost:3000/static/js/bundle.js:21138:10)
    at runHostCloudLoop (http://localhost:3000/static/js/bundle.js:172:110) @ http://localhost:3000/static/js/bundle.js:176
[ 3794101ms] [WARNING] [cloud-relay-host] background poll skipped Error: Electron API is not available
    at requireApi (http://localhost:3000/static/js/bundle.js:21134:62)
    at getRuntimeConfig (http://localhost:3000/static/js/bundle.js:21138:10)
    at runHostCloudLoop (http://localhost:3000/static/js/bundle.js:172:110) @ http://localhost:3000/static/js/bundle.js:176
[ 3854112ms] [WARNING] [cloud-relay-host] background poll skipped Error: Electron API is not available
    at requireApi (http://localhost:3000/static/js/bundle.js:21134:62)
    at getRuntimeConfig (http://localhost:3000/static/js/bundle.js:21138:10)
    at runHostCloudLoop (http://localhost:3000/static/js/bundle.js:172:110) @ http://localhost:3000/static/js/bundle.js:176
[ 3914111ms] [WARNING] [cloud-relay-host] background poll skipped Error: Electron API is not available
    at requireApi (http://localhost:3000/static/js/bundle.js:21134:62)
    at getRuntimeConfig (http://localhost:3000/static/js/bundle.js:21138:10)
    at runHostCloudLoop (http://localhost:3000/static/js/bundle.js:172:110) @ http://localhost:3000/static/js/bundle.js:176
[ 3974104ms] [WARNING] [cloud-relay-host] background poll skipped Error: Electron API is not available
    at requireApi (http://localhost:3000/static/js/bundle.js:21134:62)
    at getRuntimeConfig (http://localhost:3000/static/js/bundle.js:21138:10)
    at runHostCloudLoop (http://localhost:3000/static/js/bundle.js:172:110) @ http://localhost:3000/static/js/bundle.js:176
[ 4034119ms] [WARNING] [cloud-relay-host] background poll skipped Error: Electron API is not available
    at requireApi (http://localhost:3000/static/js/bundle.js:21134:62)
    at getRuntimeConfig (http://localhost:3000/static/js/bundle.js:21138:10)
    at runHostCloudLoop (http://localhost:3000/static/js/bundle.js:172:110) @ http://localhost:3000/static/js/bundle.js:176
[ 4094105ms] [WARNING] [cloud-relay-host] background poll skipped Error: Electron API is not available
    at requireApi (http://localhost:3000/static/js/bundle.js:21134:62)
    at getRuntimeConfig (http://localhost:3000/static/js/bundle.js:21138:10)
    at runHostCloudLoop (http://localhost:3000/static/js/bundle.js:172:110) @ http://localhost:3000/static/js/bundle.js:176
[ 4154114ms] [WARNING] [cloud-relay-host] background poll skipped Error: Electron API is not available
    at requireApi (http://localhost:3000/static/js/bundle.js:21134:62)
    at getRuntimeConfig (http://localhost:3000/static/js/bundle.js:21138:10)
    at runHostCloudLoop (http://localhost:3000/static/js/bundle.js:172:110) @ http://localhost:3000/static/js/bundle.js:176
[ 4214112ms] [WARNING] [cloud-relay-host] background poll skipped Error: Electron API is not available
    at requireApi (http://localhost:3000/static/js/bundle.js:21134:62)
    at getRuntimeConfig (http://localhost:3000/static/js/bundle.js:21138:10)
    at runHostCloudLoop (http://localhost:3000/static/js/bundle.js:172:110) @ http://localhost:3000/static/js/bundle.js:176
[ 4274111ms] [WARNING] [cloud-relay-host] background poll skipped Error: Electron API is not available
    at requireApi (http://localhost:3000/static/js/bundle.js:21134:62)
    at getRuntimeConfig (http://localhost:3000/static/js/bundle.js:21138:10)
    at runHostCloudLoop (http://localhost:3000/static/js/bundle.js:172:110) @ http://localhost:3000/static/js/bundle.js:176
[ 4334113ms] [WARNING] [cloud-relay-host] background poll skipped Error: Electron API is not available
    at requireApi (http://localhost:3000/static/js/bundle.js:21134:62)
    at getRuntimeConfig (http://localhost:3000/static/js/bundle.js:21138:10)
    at runHostCloudLoop (http://localhost:3000/static/js/bundle.js:172:110) @ http://localhost:3000/static/js/bundle.js:176
[ 4394114ms] [WARNING] [cloud-relay-host] background poll skipped Error: Electron API is not available
    at requireApi (http://localhost:3000/static/js/bundle.js:21134:62)
    at getRuntimeConfig (http://localhost:3000/static/js/bundle.js:21138:10)
    at runHostCloudLoop (http://localhost:3000/static/js/bundle.js:172:110) @ http://localhost:3000/static/js/bundle.js:176
[ 4454112ms] [WARNING] [cloud-relay-host] background poll skipped Error: Electron API is not available
    at requireApi (http://localhost:3000/static/js/bundle.js:21134:62)
    at getRuntimeConfig (http://localhost:3000/static/js/bundle.js:21138:10)
    at runHostCloudLoop (http://localhost:3000/static/js/bundle.js:172:110) @ http://localhost:3000/static/js/bundle.js:176
[ 4514124ms] [WARNING] [cloud-relay-host] background poll skipped Error: Electron API is not available
    at requireApi (http://localhost:3000/static/js/bundle.js:21134:62)
    at getRuntimeConfig (http://localhost:3000/static/js/bundle.js:21138:10)
    at runHostCloudLoop (http://localhost:3000/static/js/bundle.js:172:110) @ http://localhost:3000/static/js/bundle.js:176
[ 4574125ms] [WARNING] [cloud-relay-host] background poll skipped Error: Electron API is not available
    at requireApi (http://localhost:3000/static/js/bundle.js:21134:62)
    at getRuntimeConfig (http://localhost:3000/static/js/bundle.js:21138:10)
    at runHostCloudLoop (http://localhost:3000/static/js/bundle.js:172:110) @ http://localhost:3000/static/js/bundle.js:176
[ 4634123ms] [WARNING] [cloud-relay-host] background poll skipped Error: Electron API is not available
    at requireApi (http://localhost:3000/static/js/bundle.js:21134:62)
    at getRuntimeConfig (http://localhost:3000/static/js/bundle.js:21138:10)
    at runHostCloudLoop (http://localhost:3000/static/js/bundle.js:172:110) @ http://localhost:3000/static/js/bundle.js:176
[ 4694130ms] [WARNING] [cloud-relay-host] background poll skipped Error: Electron API is not available
    at requireApi (http://localhost:3000/static/js/bundle.js:21134:62)
    at getRuntimeConfig (http://localhost:3000/static/js/bundle.js:21138:10)
    at runHostCloudLoop (http://localhost:3000/static/js/bundle.js:172:110) @ http://localhost:3000/static/js/bundle.js:176
[ 4754119ms] [WARNING] [cloud-relay-host] background poll skipped Error: Electron API is not available
    at requireApi (http://localhost:3000/static/js/bundle.js:21134:62)
    at getRuntimeConfig (http://localhost:3000/static/js/bundle.js:21138:10)
    at runHostCloudLoop (http://localhost:3000/static/js/bundle.js:172:110) @ http://localhost:3000/static/js/bundle.js:176
[ 4814134ms] [WARNING] [cloud-relay-host] background poll skipped Error: Electron API is not available
    at requireApi (http://localhost:3000/static/js/bundle.js:21134:62)
    at getRuntimeConfig (http://localhost:3000/static/js/bundle.js:21138:10)
    at runHostCloudLoop (http://localhost:3000/static/js/bundle.js:172:110) @ http://localhost:3000/static/js/bundle.js:176
[ 4874133ms] [WARNING] [cloud-relay-host] background poll skipped Error: Electron API is not available
    at requireApi (http://localhost:3000/static/js/bundle.js:21134:62)
    at getRuntimeConfig (http://localhost:3000/static/js/bundle.js:21138:10)
    at runHostCloudLoop (http://localhost:3000/static/js/bundle.js:172:110) @ http://localhost:3000/static/js/bundle.js:176
[ 4934131ms] [WARNING] [cloud-relay-host] background poll skipped Error: Electron API is not available
    at requireApi (http://localhost:3000/static/js/bundle.js:21134:62)
    at getRuntimeConfig (http://localhost:3000/static/js/bundle.js:21138:10)
    at runHostCloudLoop (http://localhost:3000/static/js/bundle.js:172:110) @ http://localhost:3000/static/js/bundle.js:176
[ 4994136ms] [WARNING] [cloud-relay-host] background poll skipped Error: Electron API is not available
    at requireApi (http://localhost:3000/static/js/bundle.js:21134:62)
    at getRuntimeConfig (http://localhost:3000/static/js/bundle.js:21138:10)
    at runHostCloudLoop (http://localhost:3000/static/js/bundle.js:172:110) @ http://localhost:3000/static/js/bundle.js:176
[ 5054127ms] [WARNING] [cloud-relay-host] background poll skipped Error: Electron API is not available
    at requireApi (http://localhost:3000/static/js/bundle.js:21134:62)
    at getRuntimeConfig (http://localhost:3000/static/js/bundle.js:21138:10)
    at runHostCloudLoop (http://localhost:3000/static/js/bundle.js:172:110) @ http://localhost:3000/static/js/bundle.js:176
[ 5114145ms] [WARNING] [cloud-relay-host] background poll skipped Error: Electron API is not available
    at requireApi (http://localhost:3000/static/js/bundle.js:21134:62)
    at getRuntimeConfig (http://localhost:3000/static/js/bundle.js:21138:10)
    at runHostCloudLoop (http://localhost:3000/static/js/bundle.js:172:110) @ http://localhost:3000/static/js/bundle.js:176
[ 5174141ms] [WARNING] [cloud-relay-host] background poll skipped Error: Electron API is not available
    at requireApi (http://localhost:3000/static/js/bundle.js:21134:62)
    at getRuntimeConfig (http://localhost:3000/static/js/bundle.js:21138:10)
    at runHostCloudLoop (http://localhost:3000/static/js/bundle.js:172:110) @ http://localhost:3000/static/js/bundle.js:176
[ 5234138ms] [WARNING] [cloud-relay-host] background poll skipped Error: Electron API is not available
    at requireApi (http://localhost:3000/static/js/bundle.js:21134:62)
    at getRuntimeConfig (http://localhost:3000/static/js/bundle.js:21138:10)
    at runHostCloudLoop (http://localhost:3000/static/js/bundle.js:172:110) @ http://localhost:3000/static/js/bundle.js:176
[ 5294133ms] [WARNING] [cloud-relay-host] background poll skipped Error: Electron API is not available
    at requireApi (http://localhost:3000/static/js/bundle.js:21134:62)
    at getRuntimeConfig (http://localhost:3000/static/js/bundle.js:21138:10)
    at runHostCloudLoop (http://localhost:3000/static/js/bundle.js:172:110) @ http://localhost:3000/static/js/bundle.js:176
[ 5354134ms] [WARNING] [cloud-relay-host] background poll skipped Error: Electron API is not available
    at requireApi (http://localhost:3000/static/js/bundle.js:21134:62)
    at getRuntimeConfig (http://localhost:3000/static/js/bundle.js:21138:10)
    at runHostCloudLoop (http://localhost:3000/static/js/bundle.js:172:110) @ http://localhost:3000/static/js/bundle.js:176
[ 5414137ms] [WARNING] [cloud-relay-host] background poll skipped Error: Electron API is not available
    at requireApi (http://localhost:3000/static/js/bundle.js:21134:62)
    at getRuntimeConfig (http://localhost:3000/static/js/bundle.js:21138:10)
    at runHostCloudLoop (http://localhost:3000/static/js/bundle.js:172:110) @ http://localhost:3000/static/js/bundle.js:176
[ 5474136ms] [WARNING] [cloud-relay-host] background poll skipped Error: Electron API is not available
    at requireApi (http://localhost:3000/static/js/bundle.js:21134:62)
    at getRuntimeConfig (http://localhost:3000/static/js/bundle.js:21138:10)
    at runHostCloudLoop (http://localhost:3000/static/js/bundle.js:172:110) @ http://localhost:3000/static/js/bundle.js:176
[ 5534146ms] [WARNING] [cloud-relay-host] background poll skipped Error: Electron API is not available
    at requireApi (http://localhost:3000/static/js/bundle.js:21134:62)
    at getRuntimeConfig (http://localhost:3000/static/js/bundle.js:21138:10)
    at runHostCloudLoop (http://localhost:3000/static/js/bundle.js:172:110) @ http://localhost:3000/static/js/bundle.js:176
[ 5594141ms] [WARNING] [cloud-relay-host] background poll skipped Error: Electron API is not available
    at requireApi (http://localhost:3000/static/js/bundle.js:21134:62)
    at getRuntimeConfig (http://localhost:3000/static/js/bundle.js:21138:10)
    at runHostCloudLoop (http://localhost:3000/static/js/bundle.js:172:110) @ http://localhost:3000/static/js/bundle.js:176
[ 5654134ms] [WARNING] [cloud-relay-host] background poll skipped Error: Electron API is not available
    at requireApi (http://localhost:3000/static/js/bundle.js:21134:62)
    at getRuntimeConfig (http://localhost:3000/static/js/bundle.js:21138:10)
    at runHostCloudLoop (http://localhost:3000/static/js/bundle.js:172:110) @ http://localhost:3000/static/js/bundle.js:176
[ 5714133ms] [WARNING] [cloud-relay-host] background poll skipped Error: Electron API is not available
    at requireApi (http://localhost:3000/static/js/bundle.js:21134:62)
    at getRuntimeConfig (http://localhost:3000/static/js/bundle.js:21138:10)
    at runHostCloudLoop (http://localhost:3000/static/js/bundle.js:172:110) @ http://localhost:3000/static/js/bundle.js:176
[ 5774135ms] [WARNING] [cloud-relay-host] background poll skipped Error: Electron API is not available
    at requireApi (http://localhost:3000/static/js/bundle.js:21134:62)
    at getRuntimeConfig (http://localhost:3000/static/js/bundle.js:21138:10)
    at runHostCloudLoop (http://localhost:3000/static/js/bundle.js:172:110) @ http://localhost:3000/static/js/bundle.js:176
[ 5834127ms] [WARNING] [cloud-relay-host] background poll skipped Error: Electron API is not available
    at requireApi (http://localhost:3000/static/js/bundle.js:21134:62)
    at getRuntimeConfig (http://localhost:3000/static/js/bundle.js:21138:10)
    at runHostCloudLoop (http://localhost:3000/static/js/bundle.js:172:110) @ http://localhost:3000/static/js/bundle.js:176
[ 5894119ms] [WARNING] [cloud-relay-host] background poll skipped Error: Electron API is not available
    at requireApi (http://localhost:3000/static/js/bundle.js:21134:62)
    at getRuntimeConfig (http://localhost:3000/static/js/bundle.js:21138:10)
    at runHostCloudLoop (http://localhost:3000/static/js/bundle.js:172:110) @ http://localhost:3000/static/js/bundle.js:176
[ 5954125ms] [WARNING] [cloud-relay-host] background poll skipped Error: Electron API is not available
    at requireApi (http://localhost:3000/static/js/bundle.js:21134:62)
    at getRuntimeConfig (http://localhost:3000/static/js/bundle.js:21138:10)
    at runHostCloudLoop (http://localhost:3000/static/js/bundle.js:172:110) @ http://localhost:3000/static/js/bundle.js:176
[ 6014119ms] [WARNING] [cloud-relay-host] background poll skipped Error: Electron API is not available
    at requireApi (http://localhost:3000/static/js/bundle.js:21134:62)
    at getRuntimeConfig (http://localhost:3000/static/js/bundle.js:21138:10)
    at runHostCloudLoop (http://localhost:3000/static/js/bundle.js:172:110) @ http://localhost:3000/static/js/bundle.js:176
[ 6074110ms] [WARNING] [cloud-relay-host] background poll skipped Error: Electron API is not available
    at requireApi (http://localhost:3000/static/js/bundle.js:21134:62)
    at getRuntimeConfig (http://localhost:3000/static/js/bundle.js:21138:10)
    at runHostCloudLoop (http://localhost:3000/static/js/bundle.js:172:110) @ http://localhost:3000/static/js/bundle.js:176
[ 6134115ms] [WARNING] [cloud-relay-host] background poll skipped Error: Electron API is not available
    at requireApi (http://localhost:3000/static/js/bundle.js:21134:62)
    at getRuntimeConfig (http://localhost:3000/static/js/bundle.js:21138:10)
    at runHostCloudLoop (http://localhost:3000/static/js/bundle.js:172:110) @ http://localhost:3000/static/js/bundle.js:176
[ 6194104ms] [WARNING] [cloud-relay-host] background poll skipped Error: Electron API is not available
    at requireApi (http://localhost:3000/static/js/bundle.js:21134:62)
    at getRuntimeConfig (http://localhost:3000/static/js/bundle.js:21138:10)
    at runHostCloudLoop (http://localhost:3000/static/js/bundle.js:172:110) @ http://localhost:3000/static/js/bundle.js:176
[ 6254103ms] [WARNING] [cloud-relay-host] background poll skipped Error: Electron API is not available
    at requireApi (http://localhost:3000/static/js/bundle.js:21134:62)
    at getRuntimeConfig (http://localhost:3000/static/js/bundle.js:21138:10)
    at runHostCloudLoop (http://localhost:3000/static/js/bundle.js:172:110) @ http://localhost:3000/static/js/bundle.js:176
[ 6314107ms] [WARNING] [cloud-relay-host] background poll skipped Error: Electron API is not available
    at requireApi (http://localhost:3000/static/js/bundle.js:21134:62)
    at getRuntimeConfig (http://localhost:3000/static/js/bundle.js:21138:10)
    at runHostCloudLoop (http://localhost:3000/static/js/bundle.js:172:110) @ http://localhost:3000/static/js/bundle.js:176
[ 6374105ms] [WARNING] [cloud-relay-host] background poll skipped Error: Electron API is not available
    at requireApi (http://localhost:3000/static/js/bundle.js:21134:62)
    at getRuntimeConfig (http://localhost:3000/static/js/bundle.js:21138:10)
    at runHostCloudLoop (http://localhost:3000/static/js/bundle.js:172:110) @ http://localhost:3000/static/js/bundle.js:176
[ 6434102ms] [WARNING] [cloud-relay-host] background poll skipped Error: Electron API is not available
    at requireApi (http://localhost:3000/static/js/bundle.js:21134:62)
    at getRuntimeConfig (http://localhost:3000/static/js/bundle.js:21138:10)
    at runHostCloudLoop (http://localhost:3000/static/js/bundle.js:172:110) @ http://localhost:3000/static/js/bundle.js:176
[ 6494095ms] [WARNING] [cloud-relay-host] background poll skipped Error: Electron API is not available
    at requireApi (http://localhost:3000/static/js/bundle.js:21134:62)
    at getRuntimeConfig (http://localhost:3000/static/js/bundle.js:21138:10)
    at runHostCloudLoop (http://localhost:3000/static/js/bundle.js:172:110) @ http://localhost:3000/static/js/bundle.js:176
[ 6554095ms] [WARNING] [cloud-relay-host] background poll skipped Error: Electron API is not available
    at requireApi (http://localhost:3000/static/js/bundle.js:21134:62)
    at getRuntimeConfig (http://localhost:3000/static/js/bundle.js:21138:10)
    at runHostCloudLoop (http://localhost:3000/static/js/bundle.js:172:110) @ http://localhost:3000/static/js/bundle.js:176
[ 6614104ms] [WARNING] [cloud-relay-host] background poll skipped Error: Electron API is not available
    at requireApi (http://localhost:3000/static/js/bundle.js:21134:62)
    at getRuntimeConfig (http://localhost:3000/static/js/bundle.js:21138:10)
    at runHostCloudLoop (http://localhost:3000/static/js/bundle.js:172:110) @ http://localhost:3000/static/js/bundle.js:176
[ 6674084ms] [WARNING] [cloud-relay-host] background poll skipped Error: Electron API is not available
    at requireApi (http://localhost:3000/static/js/bundle.js:21134:62)
    at getRuntimeConfig (http://localhost:3000/static/js/bundle.js:21138:10)
    at runHostCloudLoop (http://localhost:3000/static/js/bundle.js:172:110) @ http://localhost:3000/static/js/bundle.js:176
[ 6734084ms] [WARNING] [cloud-relay-host] background poll skipped Error: Electron API is not available
    at requireApi (http://localhost:3000/static/js/bundle.js:21134:62)
    at getRuntimeConfig (http://localhost:3000/static/js/bundle.js:21138:10)
    at runHostCloudLoop (http://localhost:3000/static/js/bundle.js:172:110) @ http://localhost:3000/static/js/bundle.js:176
[ 6794083ms] [WARNING] [cloud-relay-host] background poll skipped Error: Electron API is not available
    at requireApi (http://localhost:3000/static/js/bundle.js:21134:62)
    at getRuntimeConfig (http://localhost:3000/static/js/bundle.js:21138:10)
    at runHostCloudLoop (http://localhost:3000/static/js/bundle.js:172:110) @ http://localhost:3000/static/js/bundle.js:176
[ 6854090ms] [WARNING] [cloud-relay-host] background poll skipped Error: Electron API is not available
    at requireApi (http://localhost:3000/static/js/bundle.js:21134:62)
    at getRuntimeConfig (http://localhost:3000/static/js/bundle.js:21138:10)
    at runHostCloudLoop (http://localhost:3000/static/js/bundle.js:172:110) @ http://localhost:3000/static/js/bundle.js:176
[ 6914088ms] [WARNING] [cloud-relay-host] background poll skipped Error: Electron API is not available
    at requireApi (http://localhost:3000/static/js/bundle.js:21134:62)
    at getRuntimeConfig (http://localhost:3000/static/js/bundle.js:21138:10)
    at runHostCloudLoop (http://localhost:3000/static/js/bundle.js:172:110) @ http://localhost:3000/static/js/bundle.js:176
[ 6974085ms] [WARNING] [cloud-relay-host] background poll skipped Error: Electron API is not available
    at requireApi (http://localhost:3000/static/js/bundle.js:21134:62)
    at getRuntimeConfig (http://localhost:3000/static/js/bundle.js:21138:10)
    at runHostCloudLoop (http://localhost:3000/static/js/bundle.js:172:110) @ http://localhost:3000/static/js/bundle.js:176
[ 7034089ms] [WARNING] [cloud-relay-host] background poll skipped Error: Electron API is not available
    at requireApi (http://localhost:3000/static/js/bundle.js:21134:62)
    at getRuntimeConfig (http://localhost:3000/static/js/bundle.js:21138:10)
    at runHostCloudLoop (http://localhost:3000/static/js/bundle.js:172:110) @ http://localhost:3000/static/js/bundle.js:176
[ 7094074ms] [WARNING] [cloud-relay-host] background poll skipped Error: Electron API is not available
    at requireApi (http://localhost:3000/static/js/bundle.js:21134:62)
    at getRuntimeConfig (http://localhost:3000/static/js/bundle.js:21138:10)
    at runHostCloudLoop (http://localhost:3000/static/js/bundle.js:172:110) @ http://localhost:3000/static/js/bundle.js:176
[ 7154070ms] [WARNING] [cloud-relay-host] background poll skipped Error: Electron API is not available
    at requireApi (http://localhost:3000/static/js/bundle.js:21134:62)
    at getRuntimeConfig (http://localhost:3000/static/js/bundle.js:21138:10)
    at runHostCloudLoop (http://localhost:3000/static/js/bundle.js:172:110) @ http://localhost:3000/static/js/bundle.js:176
[ 7214077ms] [WARNING] [cloud-relay-host] background poll skipped Error: Electron API is not available
    at requireApi (http://localhost:3000/static/js/bundle.js:21134:62)
    at getRuntimeConfig (http://localhost:3000/static/js/bundle.js:21138:10)
    at runHostCloudLoop (http://localhost:3000/static/js/bundle.js:172:110) @ http://localhost:3000/static/js/bundle.js:176
[ 7274074ms] [WARNING] [cloud-relay-host] background poll skipped Error: Electron API is not available
    at requireApi (http://localhost:3000/static/js/bundle.js:21134:62)
    at getRuntimeConfig (http://localhost:3000/static/js/bundle.js:21138:10)
    at runHostCloudLoop (http://localhost:3000/static/js/bundle.js:172:110) @ http://localhost:3000/static/js/bundle.js:176
[ 7334067ms] [WARNING] [cloud-relay-host] background poll skipped Error: Electron API is not available
    at requireApi (http://localhost:3000/static/js/bundle.js:21134:62)
    at getRuntimeConfig (http://localhost:3000/static/js/bundle.js:21138:10)
    at runHostCloudLoop (http://localhost:3000/static/js/bundle.js:172:110) @ http://localhost:3000/static/js/bundle.js:176
[ 7394076ms] [WARNING] [cloud-relay-host] background poll skipped Error: Electron API is not available
    at requireApi (http://localhost:3000/static/js/bundle.js:21134:62)
    at getRuntimeConfig (http://localhost:3000/static/js/bundle.js:21138:10)
    at runHostCloudLoop (http://localhost:3000/static/js/bundle.js:172:110) @ http://localhost:3000/static/js/bundle.js:176
[ 7454067ms] [WARNING] [cloud-relay-host] background poll skipped Error: Electron API is not available
    at requireApi (http://localhost:3000/static/js/bundle.js:21134:62)
    at getRuntimeConfig (http://localhost:3000/static/js/bundle.js:21138:10)
    at runHostCloudLoop (http://localhost:3000/static/js/bundle.js:172:110) @ http://localhost:3000/static/js/bundle.js:176
[ 7514069ms] [WARNING] [cloud-relay-host] background poll skipped Error: Electron API is not available
    at requireApi (http://localhost:3000/static/js/bundle.js:21134:62)
    at getRuntimeConfig (http://localhost:3000/static/js/bundle.js:21138:10)
    at runHostCloudLoop (http://localhost:3000/static/js/bundle.js:172:110) @ http://localhost:3000/static/js/bundle.js:176
[ 7574068ms] [WARNING] [cloud-relay-host] background poll skipped Error: Electron API is not available
    at requireApi (http://localhost:3000/static/js/bundle.js:21134:62)
    at getRuntimeConfig (http://localhost:3000/static/js/bundle.js:21138:10)
    at runHostCloudLoop (http://localhost:3000/static/js/bundle.js:172:110) @ http://localhost:3000/static/js/bundle.js:176
[ 7634054ms] [WARNING] [cloud-relay-host] background poll skipped Error: Electron API is not available
    at requireApi (http://localhost:3000/static/js/bundle.js:21134:62)
    at getRuntimeConfig (http://localhost:3000/static/js/bundle.js:21138:10)
    at runHostCloudLoop (http://localhost:3000/static/js/bundle.js:172:110) @ http://localhost:3000/static/js/bundle.js:176
[ 7694058ms] [WARNING] [cloud-relay-host] background poll skipped Error: Electron API is not available
    at requireApi (http://localhost:3000/static/js/bundle.js:21134:62)
    at getRuntimeConfig (http://localhost:3000/static/js/bundle.js:21138:10)
    at runHostCloudLoop (http://localhost:3000/static/js/bundle.js:172:110) @ http://localhost:3000/static/js/bundle.js:176
[ 7754053ms] [WARNING] [cloud-relay-host] background poll skipped Error: Electron API is not available
    at requireApi (http://localhost:3000/static/js/bundle.js:21134:62)
    at getRuntimeConfig (http://localhost:3000/static/js/bundle.js:21138:10)
    at runHostCloudLoop (http://localhost:3000/static/js/bundle.js:172:110) @ http://localhost:3000/static/js/bundle.js:176
[ 7814051ms] [WARNING] [cloud-relay-host] background poll skipped Error: Electron API is not available
    at requireApi (http://localhost:3000/static/js/bundle.js:21134:62)
    at getRuntimeConfig (http://localhost:3000/static/js/bundle.js:21138:10)
    at runHostCloudLoop (http://localhost:3000/static/js/bundle.js:172:110) @ http://localhost:3000/static/js/bundle.js:176
[ 7874054ms] [WARNING] [cloud-relay-host] background poll skipped Error: Electron API is not available
    at requireApi (http://localhost:3000/static/js/bundle.js:21134:62)
    at getRuntimeConfig (http://localhost:3000/static/js/bundle.js:21138:10)
    at runHostCloudLoop (http://localhost:3000/static/js/bundle.js:172:110) @ http://localhost:3000/static/js/bundle.js:176
[ 7934054ms] [WARNING] [cloud-relay-host] background poll skipped Error: Electron API is not available
    at requireApi (http://localhost:3000/static/js/bundle.js:21134:62)
    at getRuntimeConfig (http://localhost:3000/static/js/bundle.js:21138:10)
    at runHostCloudLoop (http://localhost:3000/static/js/bundle.js:172:110) @ http://localhost:3000/static/js/bundle.js:176
[ 7994054ms] [WARNING] [cloud-relay-host] background poll skipped Error: Electron API is not available
    at requireApi (http://localhost:3000/static/js/bundle.js:21134:62)
    at getRuntimeConfig (http://localhost:3000/static/js/bundle.js:21138:10)
    at runHostCloudLoop (http://localhost:3000/static/js/bundle.js:172:110) @ http://localhost:3000/static/js/bundle.js:176
[ 8054052ms] [WARNING] [cloud-relay-host] background poll skipped Error: Electron API is not available
    at requireApi (http://localhost:3000/static/js/bundle.js:21134:62)
    at getRuntimeConfig (http://localhost:3000/static/js/bundle.js:21138:10)
    at runHostCloudLoop (http://localhost:3000/static/js/bundle.js:172:110) @ http://localhost:3000/static/js/bundle.js:176
[ 8114059ms] [WARNING] [cloud-relay-host] background poll skipped Error: Electron API is not available
    at requireApi (http://localhost:3000/static/js/bundle.js:21134:62)
    at getRuntimeConfig (http://localhost:3000/static/js/bundle.js:21138:10)
    at runHostCloudLoop (http://localhost:3000/static/js/bundle.js:172:110) @ http://localhost:3000/static/js/bundle.js:176
[ 8174050ms] [WARNING] [cloud-relay-host] background poll skipped Error: Electron API is not available
    at requireApi (http://localhost:3000/static/js/bundle.js:21134:62)
    at getRuntimeConfig (http://localhost:3000/static/js/bundle.js:21138:10)
    at runHostCloudLoop (http://localhost:3000/static/js/bundle.js:172:110) @ http://localhost:3000/static/js/bundle.js:176
[ 8234051ms] [WARNING] [cloud-relay-host] background poll skipped Error: Electron API is not available
    at requireApi (http://localhost:3000/static/js/bundle.js:21134:62)
    at getRuntimeConfig (http://localhost:3000/static/js/bundle.js:21138:10)
    at runHostCloudLoop (http://localhost:3000/static/js/bundle.js:172:110) @ http://localhost:3000/static/js/bundle.js:176
[ 8294048ms] [WARNING] [cloud-relay-host] background poll skipped Error: Electron API is not available
    at requireApi (http://localhost:3000/static/js/bundle.js:21134:62)
    at getRuntimeConfig (http://localhost:3000/static/js/bundle.js:21138:10)
    at runHostCloudLoop (http://localhost:3000/static/js/bundle.js:172:110) @ http://localhost:3000/static/js/bundle.js:176
[ 8354042ms] [WARNING] [cloud-relay-host] background poll skipped Error: Electron API is not available
    at requireApi (http://localhost:3000/static/js/bundle.js:21134:62)
    at getRuntimeConfig (http://localhost:3000/static/js/bundle.js:21138:10)
    at runHostCloudLoop (http://localhost:3000/static/js/bundle.js:172:110) @ http://localhost:3000/static/js/bundle.js:176
[ 8414050ms] [WARNING] [cloud-relay-host] background poll skipped Error: Electron API is not available
    at requireApi (http://localhost:3000/static/js/bundle.js:21134:62)
    at getRuntimeConfig (http://localhost:3000/static/js/bundle.js:21138:10)
    at runHostCloudLoop (http://localhost:3000/static/js/bundle.js:172:110) @ http://localhost:3000/static/js/bundle.js:176
[ 8474050ms] [WARNING] [cloud-relay-host] background poll skipped Error: Electron API is not available
    at requireApi (http://localhost:3000/static/js/bundle.js:21134:62)
    at getRuntimeConfig (http://localhost:3000/static/js/bundle.js:21138:10)
    at runHostCloudLoop (http://localhost:3000/static/js/bundle.js:172:110) @ http://localhost:3000/static/js/bundle.js:176
[ 8534050ms] [WARNING] [cloud-relay-host] background poll skipped Error: Electron API is not available
    at requireApi (http://localhost:3000/static/js/bundle.js:21134:62)
    at getRuntimeConfig (http://localhost:3000/static/js/bundle.js:21138:10)
    at runHostCloudLoop (http://localhost:3000/static/js/bundle.js:172:110) @ http://localhost:3000/static/js/bundle.js:176
[ 8594046ms] [WARNING] [cloud-relay-host] background poll skipped Error: Electron API is not available
    at requireApi (http://localhost:3000/static/js/bundle.js:21134:62)
    at getRuntimeConfig (http://localhost:3000/static/js/bundle.js:21138:10)
    at runHostCloudLoop (http://localhost:3000/static/js/bundle.js:172:110) @ http://localhost:3000/static/js/bundle.js:176
[ 8654048ms] [WARNING] [cloud-relay-host] background poll skipped Error: Electron API is not available
    at requireApi (http://localhost:3000/static/js/bundle.js:21134:62)
    at getRuntimeConfig (http://localhost:3000/static/js/bundle.js:21138:10)
    at runHostCloudLoop (http://localhost:3000/static/js/bundle.js:172:110) @ http://localhost:3000/static/js/bundle.js:176
[ 8714046ms] [WARNING] [cloud-relay-host] background poll skipped Error: Electron API is not available
    at requireApi (http://localhost:3000/static/js/bundle.js:21134:62)
    at getRuntimeConfig (http://localhost:3000/static/js/bundle.js:21138:10)
    at runHostCloudLoop (http://localhost:3000/static/js/bundle.js:172:110) @ http://localhost:3000/static/js/bundle.js:176
[ 8774038ms] [WARNING] [cloud-relay-host] background poll skipped Error: Electron API is not available
    at requireApi (http://localhost:3000/static/js/bundle.js:21134:62)
    at getRuntimeConfig (http://localhost:3000/static/js/bundle.js:21138:10)
    at runHostCloudLoop (http://localhost:3000/static/js/bundle.js:172:110) @ http://localhost:3000/static/js/bundle.js:176
[ 8834049ms] [WARNING] [cloud-relay-host] background poll skipped Error: Electron API is not available
    at requireApi (http://localhost:3000/static/js/bundle.js:21134:62)
    at getRuntimeConfig (http://localhost:3000/static/js/bundle.js:21138:10)
    at runHostCloudLoop (http://localhost:3000/static/js/bundle.js:172:110) @ http://localhost:3000/static/js/bundle.js:176
[ 8894040ms] [WARNING] [cloud-relay-host] background poll skipped Error: Electron API is not available
    at requireApi (http://localhost:3000/static/js/bundle.js:21134:62)
    at getRuntimeConfig (http://localhost:3000/static/js/bundle.js:21138:10)
    at runHostCloudLoop (http://localhost:3000/static/js/bundle.js:172:110) @ http://localhost:3000/static/js/bundle.js:176
[ 8954043ms] [WARNING] [cloud-relay-host] background poll skipped Error: Electron API is not available
    at requireApi (http://localhost:3000/static/js/bundle.js:21134:62)
    at getRuntimeConfig (http://localhost:3000/static/js/bundle.js:21138:10)
    at runHostCloudLoop (http://localhost:3000/static/js/bundle.js:172:110) @ http://localhost:3000/static/js/bundle.js:176
[ 9014039ms] [WARNING] [cloud-relay-host] background poll skipped Error: Electron API is not available
    at requireApi (http://localhost:3000/static/js/bundle.js:21134:62)
    at getRuntimeConfig (http://localhost:3000/static/js/bundle.js:21138:10)
    at runHostCloudLoop (http://localhost:3000/static/js/bundle.js:172:110) @ http://localhost:3000/static/js/bundle.js:176
[ 9074036ms] [WARNING] [cloud-relay-host] background poll skipped Error: Electron API is not available
    at requireApi (http://localhost:3000/static/js/bundle.js:21134:62)
    at getRuntimeConfig (http://localhost:3000/static/js/bundle.js:21138:10)
    at runHostCloudLoop (http://localhost:3000/static/js/bundle.js:172:110) @ http://localhost:3000/static/js/bundle.js:176
[ 9134041ms] [WARNING] [cloud-relay-host] background poll skipped Error: Electron API is not available
    at requireApi (http://localhost:3000/static/js/bundle.js:21134:62)
    at getRuntimeConfig (http://localhost:3000/static/js/bundle.js:21138:10)
    at runHostCloudLoop (http://localhost:3000/static/js/bundle.js:172:110) @ http://localhost:3000/static/js/bundle.js:176
[ 9194045ms] [WARNING] [cloud-relay-host] background poll skipped Error: Electron API is not available
    at requireApi (http://localhost:3000/static/js/bundle.js:21134:62)
    at getRuntimeConfig (http://localhost:3000/static/js/bundle.js:21138:10)
    at runHostCloudLoop (http://localhost:3000/static/js/bundle.js:172:110) @ http://localhost:3000/static/js/bundle.js:176
[ 9254035ms] [WARNING] [cloud-relay-host] background poll skipped Error: Electron API is not available
    at requireApi (http://localhost:3000/static/js/bundle.js:21134:62)
    at getRuntimeConfig (http://localhost:3000/static/js/bundle.js:21138:10)
    at runHostCloudLoop (http://localhost:3000/static/js/bundle.js:172:110) @ http://localhost:3000/static/js/bundle.js:176
[ 9314046ms] [WARNING] [cloud-relay-host] background poll skipped Error: Electron API is not available
    at requireApi (http://localhost:3000/static/js/bundle.js:21134:62)
    at getRuntimeConfig (http://localhost:3000/static/js/bundle.js:21138:10)
    at runHostCloudLoop (http://localhost:3000/static/js/bundle.js:172:110) @ http://localhost:3000/static/js/bundle.js:176
[ 9374033ms] [WARNING] [cloud-relay-host] background poll skipped Error: Electron API is not available
    at requireApi (http://localhost:3000/static/js/bundle.js:21134:62)
    at getRuntimeConfig (http://localhost:3000/static/js/bundle.js:21138:10)
    at runHostCloudLoop (http://localhost:3000/static/js/bundle.js:172:110) @ http://localhost:3000/static/js/bundle.js:176
[ 9434038ms] [WARNING] [cloud-relay-host] background poll skipped Error: Electron API is not available
    at requireApi (http://localhost:3000/static/js/bundle.js:21134:62)
    at getRuntimeConfig (http://localhost:3000/static/js/bundle.js:21138:10)
    at runHostCloudLoop (http://localhost:3000/static/js/bundle.js:172:110) @ http://localhost:3000/static/js/bundle.js:176
[ 9494038ms] [WARNING] [cloud-relay-host] background poll skipped Error: Electron API is not available
    at requireApi (http://localhost:3000/static/js/bundle.js:21134:62)
    at getRuntimeConfig (http://localhost:3000/static/js/bundle.js:21138:10)
    at runHostCloudLoop (http://localhost:3000/static/js/bundle.js:172:110) @ http://localhost:3000/static/js/bundle.js:176
[ 9554038ms] [WARNING] [cloud-relay-host] background poll skipped Error: Electron API is not available
    at requireApi (http://localhost:3000/static/js/bundle.js:21134:62)
    at getRuntimeConfig (http://localhost:3000/static/js/bundle.js:21138:10)
    at runHostCloudLoop (http://localhost:3000/static/js/bundle.js:172:110) @ http://localhost:3000/static/js/bundle.js:176
[ 9614039ms] [WARNING] [cloud-relay-host] background poll skipped Error: Electron API is not available
    at requireApi (http://localhost:3000/static/js/bundle.js:21134:62)
    at getRuntimeConfig (http://localhost:3000/static/js/bundle.js:21138:10)
    at runHostCloudLoop (http://localhost:3000/static/js/bundle.js:172:110) @ http://localhost:3000/static/js/bundle.js:176
[ 9674037ms] [WARNING] [cloud-relay-host] background poll skipped Error: Electron API is not available
    at requireApi (http://localhost:3000/static/js/bundle.js:21134:62)
    at getRuntimeConfig (http://localhost:3000/static/js/bundle.js:21138:10)
    at runHostCloudLoop (http://localhost:3000/static/js/bundle.js:172:110) @ http://localhost:3000/static/js/bundle.js:176
[ 9734038ms] [WARNING] [cloud-relay-host] background poll skipped Error: Electron API is not available
    at requireApi (http://localhost:3000/static/js/bundle.js:21134:62)
    at getRuntimeConfig (http://localhost:3000/static/js/bundle.js:21138:10)
    at runHostCloudLoop (http://localhost:3000/static/js/bundle.js:172:110) @ http://localhost:3000/static/js/bundle.js:176
[ 9794033ms] [WARNING] [cloud-relay-host] background poll skipped Error: Electron API is not available
    at requireApi (http://localhost:3000/static/js/bundle.js:21134:62)
    at getRuntimeConfig (http://localhost:3000/static/js/bundle.js:21138:10)
    at runHostCloudLoop (http://localhost:3000/static/js/bundle.js:172:110) @ http://localhost:3000/static/js/bundle.js:176
[ 9854039ms] [WARNING] [cloud-relay-host] background poll skipped Error: Electron API is not available
    at requireApi (http://localhost:3000/static/js/bundle.js:21134:62)
    at getRuntimeConfig (http://localhost:3000/static/js/bundle.js:21138:10)
    at runHostCloudLoop (http://localhost:3000/static/js/bundle.js:172:110) @ http://localhost:3000/static/js/bundle.js:176
[ 9914047ms] [WARNING] [cloud-relay-host] background poll skipped Error: Electron API is not available
    at requireApi (http://localhost:3000/static/js/bundle.js:21134:62)
    at getRuntimeConfig (http://localhost:3000/static/js/bundle.js:21138:10)
    at runHostCloudLoop (http://localhost:3000/static/js/bundle.js:172:110) @ http://localhost:3000/static/js/bundle.js:176
[ 9974032ms] [WARNING] [cloud-relay-host] background poll skipped Error: Electron API is not available
    at requireApi (http://localhost:3000/static/js/bundle.js:21134:62)
    at getRuntimeConfig (http://localhost:3000/static/js/bundle.js:21138:10)
    at runHostCloudLoop (http://localhost:3000/static/js/bundle.js:172:110) @ http://localhost:3000/static/js/bundle.js:176
[10034040ms] [WARNING] [cloud-relay-host] background poll skipped Error: Electron API is not available
    at requireApi (http://localhost:3000/static/js/bundle.js:21134:62)
    at getRuntimeConfig (http://localhost:3000/static/js/bundle.js:21138:10)
    at runHostCloudLoop (http://localhost:3000/static/js/bundle.js:172:110) @ http://localhost:3000/static/js/bundle.js:176
[10094041ms] [WARNING] [cloud-relay-host] background poll skipped Error: Electron API is not available
    at requireApi (http://localhost:3000/static/js/bundle.js:21134:62)
    at getRuntimeConfig (http://localhost:3000/static/js/bundle.js:21138:10)
    at runHostCloudLoop (http://localhost:3000/static/js/bundle.js:172:110) @ http://localhost:3000/static/js/bundle.js:176
[10154046ms] [WARNING] [cloud-relay-host] background poll skipped Error: Electron API is not available
    at requireApi (http://localhost:3000/static/js/bundle.js:21134:62)
    at getRuntimeConfig (http://localhost:3000/static/js/bundle.js:21138:10)
    at runHostCloudLoop (http://localhost:3000/static/js/bundle.js:172:110) @ http://localhost:3000/static/js/bundle.js:176
[10214037ms] [WARNING] [cloud-relay-host] background poll skipped Error: Electron API is not available
    at requireApi (http://localhost:3000/static/js/bundle.js:21134:62)
    at getRuntimeConfig (http://localhost:3000/static/js/bundle.js:21138:10)
    at runHostCloudLoop (http://localhost:3000/static/js/bundle.js:172:110) @ http://localhost:3000/static/js/bundle.js:176
[10274047ms] [WARNING] [cloud-relay-host] background poll skipped Error: Electron API is not available
    at requireApi (http://localhost:3000/static/js/bundle.js:21134:62)
    at getRuntimeConfig (http://localhost:3000/static/js/bundle.js:21138:10)
    at runHostCloudLoop (http://localhost:3000/static/js/bundle.js:172:110) @ http://localhost:3000/static/js/bundle.js:176
[10334036ms] [WARNING] [cloud-relay-host] background poll skipped Error: Electron API is not available
    at requireApi (http://localhost:3000/static/js/bundle.js:21134:62)
    at getRuntimeConfig (http://localhost:3000/static/js/bundle.js:21138:10)
    at runHostCloudLoop (http://localhost:3000/static/js/bundle.js:172:110) @ http://localhost:3000/static/js/bundle.js:176
[10394043ms] [WARNING] [cloud-relay-host] background poll skipped Error: Electron API is not available
    at requireApi (http://localhost:3000/static/js/bundle.js:21134:62)
    at getRuntimeConfig (http://localhost:3000/static/js/bundle.js:21138:10)
    at runHostCloudLoop (http://localhost:3000/static/js/bundle.js:172:110) @ http://localhost:3000/static/js/bundle.js:176
[10454038ms] [WARNING] [cloud-relay-host] background poll skipped Error: Electron API is not available
    at requireApi (http://localhost:3000/static/js/bundle.js:21134:62)
    at getRuntimeConfig (http://localhost:3000/static/js/bundle.js:21138:10)
    at runHostCloudLoop (http://localhost:3000/static/js/bundle.js:172:110) @ http://localhost:3000/static/js/bundle.js:176
[10514034ms] [WARNING] [cloud-relay-host] background poll skipped Error: Electron API is not available
    at requireApi (http://localhost:3000/static/js/bundle.js:21134:62)
    at getRuntimeConfig (http://localhost:3000/static/js/bundle.js:21138:10)
    at runHostCloudLoop (http://localhost:3000/static/js/bundle.js:172:110) @ http://localhost:3000/static/js/bundle.js:176
[10574036ms] [WARNING] [cloud-relay-host] background poll skipped Error: Electron API is not available
    at requireApi (http://localhost:3000/static/js/bundle.js:21134:62)
    at getRuntimeConfig (http://localhost:3000/static/js/bundle.js:21138:10)
    at runHostCloudLoop (http://localhost:3000/static/js/bundle.js:172:110) @ http://localhost:3000/static/js/bundle.js:176
[10634034ms] [WARNING] [cloud-relay-host] background poll skipped Error: Electron API is not available
    at requireApi (http://localhost:3000/static/js/bundle.js:21134:62)
    at getRuntimeConfig (http://localhost:3000/static/js/bundle.js:21138:10)
    at runHostCloudLoop (http://localhost:3000/static/js/bundle.js:172:110) @ http://localhost:3000/static/js/bundle.js:176
[10694037ms] [WARNING] [cloud-relay-host] background poll skipped Error: Electron API is not available
    at requireApi (http://localhost:3000/static/js/bundle.js:21134:62)
    at getRuntimeConfig (http://localhost:3000/static/js/bundle.js:21138:10)
    at runHostCloudLoop (http://localhost:3000/static/js/bundle.js:172:110) @ http://localhost:3000/static/js/bundle.js:176
[10754040ms] [WARNING] [cloud-relay-host] background poll skipped Error: Electron API is not available
    at requireApi (http://localhost:3000/static/js/bundle.js:21134:62)
    at getRuntimeConfig (http://localhost:3000/static/js/bundle.js:21138:10)
    at runHostCloudLoop (http://localhost:3000/static/js/bundle.js:172:110) @ http://localhost:3000/static/js/bundle.js:176
[10814043ms] [WARNING] [cloud-relay-host] background poll skipped Error: Electron API is not available
    at requireApi (http://localhost:3000/static/js/bundle.js:21134:62)
    at getRuntimeConfig (http://localhost:3000/static/js/bundle.js:21138:10)
    at runHostCloudLoop (http://localhost:3000/static/js/bundle.js:172:110) @ http://localhost:3000/static/js/bundle.js:176
[10874041ms] [WARNING] [cloud-relay-host] background poll skipped Error: Electron API is not available
    at requireApi (http://localhost:3000/static/js/bundle.js:21134:62)
    at getRuntimeConfig (http://localhost:3000/static/js/bundle.js:21138:10)
    at runHostCloudLoop (http://localhost:3000/static/js/bundle.js:172:110) @ http://localhost:3000/static/js/bundle.js:176
[10934033ms] [WARNING] [cloud-relay-host] background poll skipped Error: Electron API is not available
    at requireApi (http://localhost:3000/static/js/bundle.js:21134:62)
    at getRuntimeConfig (http://localhost:3000/static/js/bundle.js:21138:10)
    at runHostCloudLoop (http://localhost:3000/static/js/bundle.js:172:110) @ http://localhost:3000/static/js/bundle.js:176
[10994034ms] [WARNING] [cloud-relay-host] background poll skipped Error: Electron API is not available
    at requireApi (http://localhost:3000/static/js/bundle.js:21134:62)
    at getRuntimeConfig (http://localhost:3000/static/js/bundle.js:21138:10)
    at runHostCloudLoop (http://localhost:3000/static/js/bundle.js:172:110) @ http://localhost:3000/static/js/bundle.js:176
[11054040ms] [WARNING] [cloud-relay-host] background poll skipped Error: Electron API is not available
    at requireApi (http://localhost:3000/static/js/bundle.js:21134:62)
    at getRuntimeConfig (http://localhost:3000/static/js/bundle.js:21138:10)
    at runHostCloudLoop (http://localhost:3000/static/js/bundle.js:172:110) @ http://localhost:3000/static/js/bundle.js:176
[11114036ms] [WARNING] [cloud-relay-host] background poll skipped Error: Electron API is not available
    at requireApi (http://localhost:3000/static/js/bundle.js:21134:62)
    at getRuntimeConfig (http://localhost:3000/static/js/bundle.js:21138:10)
    at runHostCloudLoop (http://localhost:3000/static/js/bundle.js:172:110) @ http://localhost:3000/static/js/bundle.js:176
[11174037ms] [WARNING] [cloud-relay-host] background poll skipped Error: Electron API is not available
    at requireApi (http://localhost:3000/static/js/bundle.js:21134:62)
    at getRuntimeConfig (http://localhost:3000/static/js/bundle.js:21138:10)
    at runHostCloudLoop (http://localhost:3000/static/js/bundle.js:172:110) @ http://localhost:3000/static/js/bundle.js:176
[11234042ms] [WARNING] [cloud-relay-host] background poll skipped Error: Electron API is not available
    at requireApi (http://localhost:3000/static/js/bundle.js:21134:62)
    at getRuntimeConfig (http://localhost:3000/static/js/bundle.js:21138:10)
    at runHostCloudLoop (http://localhost:3000/static/js/bundle.js:172:110) @ http://localhost:3000/static/js/bundle.js:176
[11294037ms] [WARNING] [cloud-relay-host] background poll skipped Error: Electron API is not available
    at requireApi (http://localhost:3000/static/js/bundle.js:21134:62)
    at getRuntimeConfig (http://localhost:3000/static/js/bundle.js:21138:10)
    at runHostCloudLoop (http://localhost:3000/static/js/bundle.js:172:110) @ http://localhost:3000/static/js/bundle.js:176
[11354036ms] [WARNING] [cloud-relay-host] background poll skipped Error: Electron API is not available
    at requireApi (http://localhost:3000/static/js/bundle.js:21134:62)
    at getRuntimeConfig (http://localhost:3000/static/js/bundle.js:21138:10)
    at runHostCloudLoop (http://localhost:3000/static/js/bundle.js:172:110) @ http://localhost:3000/static/js/bundle.js:176
[11414037ms] [WARNING] [cloud-relay-host] background poll skipped Error: Electron API is not available
    at requireApi (http://localhost:3000/static/js/bundle.js:21134:62)
    at getRuntimeConfig (http://localhost:3000/static/js/bundle.js:21138:10)
    at runHostCloudLoop (http://localhost:3000/static/js/bundle.js:172:110) @ http://localhost:3000/static/js/bundle.js:176
[11474040ms] [WARNING] [cloud-relay-host] background poll skipped Error: Electron API is not available
    at requireApi (http://localhost:3000/static/js/bundle.js:21134:62)
    at getRuntimeConfig (http://localhost:3000/static/js/bundle.js:21138:10)
    at runHostCloudLoop (http://localhost:3000/static/js/bundle.js:172:110) @ http://localhost:3000/static/js/bundle.js:176
[11534051ms] [WARNING] [cloud-relay-host] background poll skipped Error: Electron API is not available
    at requireApi (http://localhost:3000/static/js/bundle.js:21134:62)
    at getRuntimeConfig (http://localhost:3000/static/js/bundle.js:21138:10)
    at runHostCloudLoop (http://localhost:3000/static/js/bundle.js:172:110) @ http://localhost:3000/static/js/bundle.js:176
[11594041ms] [WARNING] [cloud-relay-host] background poll skipped Error: Electron API is not available
    at requireApi (http://localhost:3000/static/js/bundle.js:21134:62)
    at getRuntimeConfig (http://localhost:3000/static/js/bundle.js:21138:10)
    at runHostCloudLoop (http://localhost:3000/static/js/bundle.js:172:110) @ http://localhost:3000/static/js/bundle.js:176
[11654046ms] [WARNING] [cloud-relay-host] background poll skipped Error: Electron API is not available
    at requireApi (http://localhost:3000/static/js/bundle.js:21134:62)
    at getRuntimeConfig (http://localhost:3000/static/js/bundle.js:21138:10)
    at runHostCloudLoop (http://localhost:3000/static/js/bundle.js:172:110) @ http://localhost:3000/static/js/bundle.js:176
[11714038ms] [WARNING] [cloud-relay-host] background poll skipped Error: Electron API is not available
    at requireApi (http://localhost:3000/static/js/bundle.js:21134:62)
    at getRuntimeConfig (http://localhost:3000/static/js/bundle.js:21138:10)
    at runHostCloudLoop (http://localhost:3000/static/js/bundle.js:172:110) @ http://localhost:3000/static/js/bundle.js:176
[11774048ms] [WARNING] [cloud-relay-host] background poll skipped Error: Electron API is not available
    at requireApi (http://localhost:3000/static/js/bundle.js:21134:62)
    at getRuntimeConfig (http://localhost:3000/static/js/bundle.js:21138:10)
    at runHostCloudLoop (http://localhost:3000/static/js/bundle.js:172:110) @ http://localhost:3000/static/js/bundle.js:176
[11834053ms] [WARNING] [cloud-relay-host] background poll skipped Error: Electron API is not available
    at requireApi (http://localhost:3000/static/js/bundle.js:21134:62)
    at getRuntimeConfig (http://localhost:3000/static/js/bundle.js:21138:10)
    at runHostCloudLoop (http://localhost:3000/static/js/bundle.js:172:110) @ http://localhost:3000/static/js/bundle.js:176
[11894056ms] [WARNING] [cloud-relay-host] background poll skipped Error: Electron API is not available
    at requireApi (http://localhost:3000/static/js/bundle.js:21134:62)
    at getRuntimeConfig (http://localhost:3000/static/js/bundle.js:21138:10)
    at runHostCloudLoop (http://localhost:3000/static/js/bundle.js:172:110) @ http://localhost:3000/static/js/bundle.js:176
[11954048ms] [WARNING] [cloud-relay-host] background poll skipped Error: Electron API is not available
    at requireApi (http://localhost:3000/static/js/bundle.js:21134:62)
    at getRuntimeConfig (http://localhost:3000/static/js/bundle.js:21138:10)
    at runHostCloudLoop (http://localhost:3000/static/js/bundle.js:172:110) @ http://localhost:3000/static/js/bundle.js:176
[12014048ms] [WARNING] [cloud-relay-host] background poll skipped Error: Electron API is not available
    at requireApi (http://localhost:3000/static/js/bundle.js:21134:62)
    at getRuntimeConfig (http://localhost:3000/static/js/bundle.js:21138:10)
    at runHostCloudLoop (http://localhost:3000/static/js/bundle.js:172:110) @ http://localhost:3000/static/js/bundle.js:176
[12074041ms] [WARNING] [cloud-relay-host] background poll skipped Error: Electron API is not available
    at requireApi (http://localhost:3000/static/js/bundle.js:21134:62)
    at getRuntimeConfig (http://localhost:3000/static/js/bundle.js:21138:10)
    at runHostCloudLoop (http://localhost:3000/static/js/bundle.js:172:110) @ http://localhost:3000/static/js/bundle.js:176
[12134054ms] [WARNING] [cloud-relay-host] background poll skipped Error: Electron API is not available
    at requireApi (http://localhost:3000/static/js/bundle.js:21134:62)
    at getRuntimeConfig (http://localhost:3000/static/js/bundle.js:21138:10)
    at runHostCloudLoop (http://localhost:3000/static/js/bundle.js:172:110) @ http://localhost:3000/static/js/bundle.js:176
[12194045ms] [WARNING] [cloud-relay-host] background poll skipped Error: Electron API is not available
    at requireApi (http://localhost:3000/static/js/bundle.js:21134:62)
    at getRuntimeConfig (http://localhost:3000/static/js/bundle.js:21138:10)
    at runHostCloudLoop (http://localhost:3000/static/js/bundle.js:172:110) @ http://localhost:3000/static/js/bundle.js:176
[12254051ms] [WARNING] [cloud-relay-host] background poll skipped Error: Electron API is not available
    at requireApi (http://localhost:3000/static/js/bundle.js:21134:62)
    at getRuntimeConfig (http://localhost:3000/static/js/bundle.js:21138:10)
    at runHostCloudLoop (http://localhost:3000/static/js/bundle.js:172:110) @ http://localhost:3000/static/js/bundle.js:176
[12314047ms] [WARNING] [cloud-relay-host] background poll skipped Error: Electron API is not available
    at requireApi (http://localhost:3000/static/js/bundle.js:21134:62)
    at getRuntimeConfig (http://localhost:3000/static/js/bundle.js:21138:10)
    at runHostCloudLoop (http://localhost:3000/static/js/bundle.js:172:110) @ http://localhost:3000/static/js/bundle.js:176
[12374057ms] [WARNING] [cloud-relay-host] background poll skipped Error: Electron API is not available
    at requireApi (http://localhost:3000/static/js/bundle.js:21134:62)
    at getRuntimeConfig (http://localhost:3000/static/js/bundle.js:21138:10)
    at runHostCloudLoop (http://localhost:3000/static/js/bundle.js:172:110) @ http://localhost:3000/static/js/bundle.js:176
[12434045ms] [WARNING] [cloud-relay-host] background poll skipped Error: Electron API is not available
    at requireApi (http://localhost:3000/static/js/bundle.js:21134:62)
    at getRuntimeConfig (http://localhost:3000/static/js/bundle.js:21138:10)
    at runHostCloudLoop (http://localhost:3000/static/js/bundle.js:172:110) @ http://localhost:3000/static/js/bundle.js:176
[12494046ms] [WARNING] [cloud-relay-host] background poll skipped Error: Electron API is not available
    at requireApi (http://localhost:3000/static/js/bundle.js:21134:62)
    at getRuntimeConfig (http://localhost:3000/static/js/bundle.js:21138:10)
    at runHostCloudLoop (http://localhost:3000/static/js/bundle.js:172:110) @ http://localhost:3000/static/js/bundle.js:176
[12554063ms] [WARNING] [cloud-relay-host] background poll skipped Error: Electron API is not available
    at requireApi (http://localhost:3000/static/js/bundle.js:21134:62)
    at getRuntimeConfig (http://localhost:3000/static/js/bundle.js:21138:10)
    at runHostCloudLoop (http://localhost:3000/static/js/bundle.js:172:110) @ http://localhost:3000/static/js/bundle.js:176
[12614057ms] [WARNING] [cloud-relay-host] background poll skipped Error: Electron API is not available
    at requireApi (http://localhost:3000/static/js/bundle.js:21134:62)
    at getRuntimeConfig (http://localhost:3000/static/js/bundle.js:21138:10)
    at runHostCloudLoop (http://localhost:3000/static/js/bundle.js:172:110) @ http://localhost:3000/static/js/bundle.js:176
[12674052ms] [WARNING] [cloud-relay-host] background poll skipped Error: Electron API is not available
    at requireApi (http://localhost:3000/static/js/bundle.js:21134:62)
    at getRuntimeConfig (http://localhost:3000/static/js/bundle.js:21138:10)
    at runHostCloudLoop (http://localhost:3000/static/js/bundle.js:172:110) @ http://localhost:3000/static/js/bundle.js:176
[12734053ms] [WARNING] [cloud-relay-host] background poll skipped Error: Electron API is not available
    at requireApi (http://localhost:3000/static/js/bundle.js:21134:62)
    at getRuntimeConfig (http://localhost:3000/static/js/bundle.js:21138:10)
    at runHostCloudLoop (http://localhost:3000/static/js/bundle.js:172:110) @ http://localhost:3000/static/js/bundle.js:176
[12794050ms] [WARNING] [cloud-relay-host] background poll skipped Error: Electron API is not available
    at requireApi (http://localhost:3000/static/js/bundle.js:21134:62)
    at getRuntimeConfig (http://localhost:3000/static/js/bundle.js:21138:10)
    at runHostCloudLoop (http://localhost:3000/static/js/bundle.js:172:110) @ http://localhost:3000/static/js/bundle.js:176
[12854057ms] [WARNING] [cloud-relay-host] background poll skipped Error: Electron API is not available
    at requireApi (http://localhost:3000/static/js/bundle.js:21134:62)
    at getRuntimeConfig (http://localhost:3000/static/js/bundle.js:21138:10)
    at runHostCloudLoop (http://localhost:3000/static/js/bundle.js:172:110) @ http://localhost:3000/static/js/bundle.js:176
[12914063ms] [WARNING] [cloud-relay-host] background poll skipped Error: Electron API is not available
    at requireApi (http://localhost:3000/static/js/bundle.js:21134:62)
    at getRuntimeConfig (http://localhost:3000/static/js/bundle.js:21138:10)
    at runHostCloudLoop (http://localhost:3000/static/js/bundle.js:172:110) @ http://localhost:3000/static/js/bundle.js:176
[12974056ms] [WARNING] [cloud-relay-host] background poll skipped Error: Electron API is not available
    at requireApi (http://localhost:3000/static/js/bundle.js:21134:62)
    at getRuntimeConfig (http://localhost:3000/static/js/bundle.js:21138:10)
    at runHostCloudLoop (http://localhost:3000/static/js/bundle.js:172:110) @ http://localhost:3000/static/js/bundle.js:176
[13034051ms] [WARNING] [cloud-relay-host] background poll skipped Error: Electron API is not available
    at requireApi (http://localhost:3000/static/js/bundle.js:21134:62)
    at getRuntimeConfig (http://localhost:3000/static/js/bundle.js:21138:10)
    at runHostCloudLoop (http://localhost:3000/static/js/bundle.js:172:110) @ http://localhost:3000/static/js/bundle.js:176
[13094056ms] [WARNING] [cloud-relay-host] background poll skipped Error: Electron API is not available
    at requireApi (http://localhost:3000/static/js/bundle.js:21134:62)
    at getRuntimeConfig (http://localhost:3000/static/js/bundle.js:21138:10)
    at runHostCloudLoop (http://localhost:3000/static/js/bundle.js:172:110) @ http://localhost:3000/static/js/bundle.js:176
[13154070ms] [WARNING] [cloud-relay-host] background poll skipped Error: Electron API is not available
    at requireApi (http://localhost:3000/static/js/bundle.js:21134:62)
    at getRuntimeConfig (http://localhost:3000/static/js/bundle.js:21138:10)
    at runHostCloudLoop (http://localhost:3000/static/js/bundle.js:172:110) @ http://localhost:3000/static/js/bundle.js:176
[13214060ms] [WARNING] [cloud-relay-host] background poll skipped Error: Electron API is not available
    at requireApi (http://localhost:3000/static/js/bundle.js:21134:62)
    at getRuntimeConfig (http://localhost:3000/static/js/bundle.js:21138:10)
    at runHostCloudLoop (http://localhost:3000/static/js/bundle.js:172:110) @ http://localhost:3000/static/js/bundle.js:176
[13274063ms] [WARNING] [cloud-relay-host] background poll skipped Error: Electron API is not available
    at requireApi (http://localhost:3000/static/js/bundle.js:21134:62)
    at getRuntimeConfig (http://localhost:3000/static/js/bundle.js:21138:10)
    at runHostCloudLoop (http://localhost:3000/static/js/bundle.js:172:110) @ http://localhost:3000/static/js/bundle.js:176
[13334067ms] [WARNING] [cloud-relay-host] background poll skipped Error: Electron API is not available
    at requireApi (http://localhost:3000/static/js/bundle.js:21134:62)
    at getRuntimeConfig (http://localhost:3000/static/js/bundle.js:21138:10)
    at runHostCloudLoop (http://localhost:3000/static/js/bundle.js:172:110) @ http://localhost:3000/static/js/bundle.js:176
[13394063ms] [WARNING] [cloud-relay-host] background poll skipped Error: Electron API is not available
    at requireApi (http://localhost:3000/static/js/bundle.js:21134:62)
    at getRuntimeConfig (http://localhost:3000/static/js/bundle.js:21138:10)
    at runHostCloudLoop (http://localhost:3000/static/js/bundle.js:172:110) @ http://localhost:3000/static/js/bundle.js:176
[13454058ms] [WARNING] [cloud-relay-host] background poll skipped Error: Electron API is not available
    at requireApi (http://localhost:3000/static/js/bundle.js:21134:62)
    at getRuntimeConfig (http://localhost:3000/static/js/bundle.js:21138:10)
    at runHostCloudLoop (http://localhost:3000/static/js/bundle.js:172:110) @ http://localhost:3000/static/js/bundle.js:176
[13514070ms] [WARNING] [cloud-relay-host] background poll skipped Error: Electron API is not available
    at requireApi (http://localhost:3000/static/js/bundle.js:21134:62)
    at getRuntimeConfig (http://localhost:3000/static/js/bundle.js:21138:10)
    at runHostCloudLoop (http://localhost:3000/static/js/bundle.js:172:110) @ http://localhost:3000/static/js/bundle.js:176
[13574056ms] [WARNING] [cloud-relay-host] background poll skipped Error: Electron API is not available
    at requireApi (http://localhost:3000/static/js/bundle.js:21134:62)
    at getRuntimeConfig (http://localhost:3000/static/js/bundle.js:21138:10)
    at runHostCloudLoop (http://localhost:3000/static/js/bundle.js:172:110) @ http://localhost:3000/static/js/bundle.js:176
[13634084ms] [WARNING] [cloud-relay-host] background poll skipped Error: Electron API is not available
    at requireApi (http://localhost:3000/static/js/bundle.js:21134:62)
    at getRuntimeConfig (http://localhost:3000/static/js/bundle.js:21138:10)
    at runHostCloudLoop (http://localhost:3000/static/js/bundle.js:172:110) @ http://localhost:3000/static/js/bundle.js:176
[13694070ms] [WARNING] [cloud-relay-host] background poll skipped Error: Electron API is not available
    at requireApi (http://localhost:3000/static/js/bundle.js:21134:62)
    at getRuntimeConfig (http://localhost:3000/static/js/bundle.js:21138:10)
    at runHostCloudLoop (http://localhost:3000/static/js/bundle.js:172:110) @ http://localhost:3000/static/js/bundle.js:176
[13754069ms] [WARNING] [cloud-relay-host] background poll skipped Error: Electron API is not available
    at requireApi (http://localhost:3000/static/js/bundle.js:21134:62)
    at getRuntimeConfig (http://localhost:3000/static/js/bundle.js:21138:10)
    at runHostCloudLoop (http://localhost:3000/static/js/bundle.js:172:110) @ http://localhost:3000/static/js/bundle.js:176
[13814071ms] [WARNING] [cloud-relay-host] background poll skipped Error: Electron API is not available
    at requireApi (http://localhost:3000/static/js/bundle.js:21134:62)
    at getRuntimeConfig (http://localhost:3000/static/js/bundle.js:21138:10)
    at runHostCloudLoop (http://localhost:3000/static/js/bundle.js:172:110) @ http://localhost:3000/static/js/bundle.js:176
[13874069ms] [WARNING] [cloud-relay-host] background poll skipped Error: Electron API is not available
    at requireApi (http://localhost:3000/static/js/bundle.js:21134:62)
    at getRuntimeConfig (http://localhost:3000/static/js/bundle.js:21138:10)
    at runHostCloudLoop (http://localhost:3000/static/js/bundle.js:172:110) @ http://localhost:3000/static/js/bundle.js:176
[13934070ms] [WARNING] [cloud-relay-host] background poll skipped Error: Electron API is not available
    at requireApi (http://localhost:3000/static/js/bundle.js:21134:62)
    at getRuntimeConfig (http://localhost:3000/static/js/bundle.js:21138:10)
    at runHostCloudLoop (http://localhost:3000/static/js/bundle.js:172:110) @ http://localhost:3000/static/js/bundle.js:176
[13994067ms] [WARNING] [cloud-relay-host] background poll skipped Error: Electron API is not available
    at requireApi (http://localhost:3000/static/js/bundle.js:21134:62)
    at getRuntimeConfig (http://localhost:3000/static/js/bundle.js:21138:10)
    at runHostCloudLoop (http://localhost:3000/static/js/bundle.js:172:110) @ http://localhost:3000/static/js/bundle.js:176
[14054073ms] [WARNING] [cloud-relay-host] background poll skipped Error: Electron API is not available
    at requireApi (http://localhost:3000/static/js/bundle.js:21134:62)
    at getRuntimeConfig (http://localhost:3000/static/js/bundle.js:21138:10)
    at runHostCloudLoop (http://localhost:3000/static/js/bundle.js:172:110) @ http://localhost:3000/static/js/bundle.js:176
[14114079ms] [WARNING] [cloud-relay-host] background poll skipped Error: Electron API is not available
    at requireApi (http://localhost:3000/static/js/bundle.js:21134:62)
    at getRuntimeConfig (http://localhost:3000/static/js/bundle.js:21138:10)
    at runHostCloudLoop (http://localhost:3000/static/js/bundle.js:172:110) @ http://localhost:3000/static/js/bundle.js:176
[14174073ms] [WARNING] [cloud-relay-host] background poll skipped Error: Electron API is not available
    at requireApi (http://localhost:3000/static/js/bundle.js:21134:62)
    at getRuntimeConfig (http://localhost:3000/static/js/bundle.js:21138:10)
    at runHostCloudLoop (http://localhost:3000/static/js/bundle.js:172:110) @ http://localhost:3000/static/js/bundle.js:176
[14234066ms] [WARNING] [cloud-relay-host] background poll skipped Error: Electron API is not available
    at requireApi (http://localhost:3000/static/js/bundle.js:21134:62)
    at getRuntimeConfig (http://localhost:3000/static/js/bundle.js:21138:10)
    at runHostCloudLoop (http://localhost:3000/static/js/bundle.js:172:110) @ http://localhost:3000/static/js/bundle.js:176
[14294078ms] [WARNING] [cloud-relay-host] background poll skipped Error: Electron API is not available
    at requireApi (http://localhost:3000/static/js/bundle.js:21134:62)
    at getRuntimeConfig (http://localhost:3000/static/js/bundle.js:21138:10)
    at runHostCloudLoop (http://localhost:3000/static/js/bundle.js:172:110) @ http://localhost:3000/static/js/bundle.js:176
[14354069ms] [WARNING] [cloud-relay-host] background poll skipped Error: Electron API is not available
    at requireApi (http://localhost:3000/static/js/bundle.js:21134:62)
    at getRuntimeConfig (http://localhost:3000/static/js/bundle.js:21138:10)
    at runHostCloudLoop (http://localhost:3000/static/js/bundle.js:172:110) @ http://localhost:3000/static/js/bundle.js:176
[14414072ms] [WARNING] [cloud-relay-host] background poll skipped Error: Electron API is not available
    at requireApi (http://localhost:3000/static/js/bundle.js:21134:62)
    at getRuntimeConfig (http://localhost:3000/static/js/bundle.js:21138:10)
    at runHostCloudLoop (http://localhost:3000/static/js/bundle.js:172:110) @ http://localhost:3000/static/js/bundle.js:176
[14474080ms] [WARNING] [cloud-relay-host] background poll skipped Error: Electron API is not available
    at requireApi (http://localhost:3000/static/js/bundle.js:21134:62)
    at getRuntimeConfig (http://localhost:3000/static/js/bundle.js:21138:10)
    at runHostCloudLoop (http://localhost:3000/static/js/bundle.js:172:110) @ http://localhost:3000/static/js/bundle.js:176
[14534084ms] [WARNING] [cloud-relay-host] background poll skipped Error: Electron API is not available
    at requireApi (http://localhost:3000/static/js/bundle.js:21134:62)
    at getRuntimeConfig (http://localhost:3000/static/js/bundle.js:21138:10)
    at runHostCloudLoop (http://localhost:3000/static/js/bundle.js:172:110) @ http://localhost:3000/static/js/bundle.js:176
[14594082ms] [WARNING] [cloud-relay-host] background poll skipped Error: Electron API is not available
    at requireApi (http://localhost:3000/static/js/bundle.js:21134:62)
    at getRuntimeConfig (http://localhost:3000/static/js/bundle.js:21138:10)
    at runHostCloudLoop (http://localhost:3000/static/js/bundle.js:172:110) @ http://localhost:3000/static/js/bundle.js:176
[14654072ms] [WARNING] [cloud-relay-host] background poll skipped Error: Electron API is not available
    at requireApi (http://localhost:3000/static/js/bundle.js:21134:62)
    at getRuntimeConfig (http://localhost:3000/static/js/bundle.js:21138:10)
    at runHostCloudLoop (http://localhost:3000/static/js/bundle.js:172:110) @ http://localhost:3000/static/js/bundle.js:176
[14706399ms] [WARNING] [cloud-relay-host] background poll skipped Error: Electron API is not available
    at requireApi (http://localhost:3000/static/js/bundle.js:21134:62)
    at getRuntimeConfig (http://localhost:3000/static/js/bundle.js:21138:10)
    at runHostCloudLoop (http://localhost:3000/main.0c35f54a4e05eaf535ab.hot-update.js:171:110)
    at http://localhost:3000/main.0c35f54a4e05eaf535ab.hot-update.js:179:5
    at commitHookEffectListMount (http://localhost:3000/static/js/bundle.js:151389:30)
    at commitPassiveMountOnFiber (http://localhost:3000/static/js/bundle.js:152882:17)
    at commitPassiveMountEffects_complete (http://localhost:3000/static/js/bundle.js:152854:13)
    at commitPassiveMountEffects_begin (http://localhost:3000/static/js/bundle.js:152844:11)
    at commitPassiveMountEffects (http://localhost:3000/static/js/bundle.js:152834:7)
    at flushPassiveEffectsImpl (http://localhost:3000/static/js/bundle.js:154717:7) @ http://localhost:3000/main.0c35f54a4e05eaf535ab.hot-update.js:175
[14706399ms] [LOG] Database service loaded successfully @ http://localhost:3000/main.0c35f54a4e05eaf535ab.hot-update.js:156
[14766407ms] [WARNING] [cloud-relay-host] background poll skipped Error: Electron API is not available
    at requireApi (http://localhost:3000/static/js/bundle.js:21134:62)
    at getRuntimeConfig (http://localhost:3000/static/js/bundle.js:21138:10)
    at runHostCloudLoop (http://localhost:3000/main.0c35f54a4e05eaf535ab.hot-update.js:171:110) @ http://localhost:3000/main.0c35f54a4e05eaf535ab.hot-update.js:175
[14826404ms] [WARNING] [cloud-relay-host] background poll skipped Error: Electron API is not available
    at requireApi (http://localhost:3000/static/js/bundle.js:21134:62)
    at getRuntimeConfig (http://localhost:3000/static/js/bundle.js:21138:10)
    at runHostCloudLoop (http://localhost:3000/main.0c35f54a4e05eaf535ab.hot-update.js:171:110) @ http://localhost:3000/main.0c35f54a4e05eaf535ab.hot-update.js:175
[14886404ms] [WARNING] [cloud-relay-host] background poll skipped Error: Electron API is not available
    at requireApi (http://localhost:3000/static/js/bundle.js:21134:62)
    at getRuntimeConfig (http://localhost:3000/static/js/bundle.js:21138:10)
    at runHostCloudLoop (http://localhost:3000/main.0c35f54a4e05eaf535ab.hot-update.js:171:110) @ http://localhost:3000/main.0c35f54a4e05eaf535ab.hot-update.js:175
[14946416ms] [WARNING] [cloud-relay-host] background poll skipped Error: Electron API is not available
    at requireApi (http://localhost:3000/static/js/bundle.js:21134:62)
    at getRuntimeConfig (http://localhost:3000/static/js/bundle.js:21138:10)
    at runHostCloudLoop (http://localhost:3000/main.0c35f54a4e05eaf535ab.hot-update.js:171:110) @ http://localhost:3000/main.0c35f54a4e05eaf535ab.hot-update.js:175
[15006420ms] [WARNING] [cloud-relay-host] background poll skipped Error: Electron API is not available
    at requireApi (http://localhost:3000/static/js/bundle.js:21134:62)
    at getRuntimeConfig (http://localhost:3000/static/js/bundle.js:21138:10)
    at runHostCloudLoop (http://localhost:3000/main.0c35f54a4e05eaf535ab.hot-update.js:171:110) @ http://localhost:3000/main.0c35f54a4e05eaf535ab.hot-update.js:175
[15066407ms] [WARNING] [cloud-relay-host] background poll skipped Error: Electron API is not available
    at requireApi (http://localhost:3000/static/js/bundle.js:21134:62)
    at getRuntimeConfig (http://localhost:3000/static/js/bundle.js:21138:10)
    at runHostCloudLoop (http://localhost:3000/main.0c35f54a4e05eaf535ab.hot-update.js:171:110) @ http://localhost:3000/main.0c35f54a4e05eaf535ab.hot-update.js:175
[15126420ms] [WARNING] [cloud-relay-host] background poll skipped Error: Electron API is not available
    at requireApi (http://localhost:3000/static/js/bundle.js:21134:62)
    at getRuntimeConfig (http://localhost:3000/static/js/bundle.js:21138:10)
    at runHostCloudLoop (http://localhost:3000/main.0c35f54a4e05eaf535ab.hot-update.js:171:110) @ http://localhost:3000/main.0c35f54a4e05eaf535ab.hot-update.js:175
[15186416ms] [WARNING] [cloud-relay-host] background poll skipped Error: Electron API is not available
    at requireApi (http://localhost:3000/static/js/bundle.js:21134:62)
    at getRuntimeConfig (http://localhost:3000/static/js/bundle.js:21138:10)
    at runHostCloudLoop (http://localhost:3000/main.0c35f54a4e05eaf535ab.hot-update.js:171:110) @ http://localhost:3000/main.0c35f54a4e05eaf535ab.hot-update.js:175
[15246418ms] [WARNING] [cloud-relay-host] background poll skipped Error: Electron API is not available
    at requireApi (http://localhost:3000/static/js/bundle.js:21134:62)
    at getRuntimeConfig (http://localhost:3000/static/js/bundle.js:21138:10)
    at runHostCloudLoop (http://localhost:3000/main.0c35f54a4e05eaf535ab.hot-update.js:171:110) @ http://localhost:3000/main.0c35f54a4e05eaf535ab.hot-update.js:175
[15306413ms] [WARNING] [cloud-relay-host] background poll skipped Error: Electron API is not available
    at requireApi (http://localhost:3000/static/js/bundle.js:21134:62)
    at getRuntimeConfig (http://localhost:3000/static/js/bundle.js:21138:10)
    at runHostCloudLoop (http://localhost:3000/main.0c35f54a4e05eaf535ab.hot-update.js:171:110) @ http://localhost:3000/main.0c35f54a4e05eaf535ab.hot-update.js:175
[15366430ms] [WARNING] [cloud-relay-host] background poll skipped Error: Electron API is not available
    at requireApi (http://localhost:3000/static/js/bundle.js:21134:62)
    at getRuntimeConfig (http://localhost:3000/static/js/bundle.js:21138:10)
    at runHostCloudLoop (http://localhost:3000/main.0c35f54a4e05eaf535ab.hot-update.js:171:110) @ http://localhost:3000/main.0c35f54a4e05eaf535ab.hot-update.js:175
[15426413ms] [WARNING] [cloud-relay-host] background poll skipped Error: Electron API is not available
    at requireApi (http://localhost:3000/static/js/bundle.js:21134:62)
    at getRuntimeConfig (http://localhost:3000/static/js/bundle.js:21138:10)
    at runHostCloudLoop (http://localhost:3000/main.0c35f54a4e05eaf535ab.hot-update.js:171:110) @ http://localhost:3000/main.0c35f54a4e05eaf535ab.hot-update.js:175
[15486424ms] [WARNING] [cloud-relay-host] background poll skipped Error: Electron API is not available
    at requireApi (http://localhost:3000/static/js/bundle.js:21134:62)
    at getRuntimeConfig (http://localhost:3000/static/js/bundle.js:21138:10)
    at runHostCloudLoop (http://localhost:3000/main.0c35f54a4e05eaf535ab.hot-update.js:171:110) @ http://localhost:3000/main.0c35f54a4e05eaf535ab.hot-update.js:175
[15546415ms] [WARNING] [cloud-relay-host] background poll skipped Error: Electron API is not available
    at requireApi (http://localhost:3000/static/js/bundle.js:21134:62)
    at getRuntimeConfig (http://localhost:3000/static/js/bundle.js:21138:10)
    at runHostCloudLoop (http://localhost:3000/main.0c35f54a4e05eaf535ab.hot-update.js:171:110) @ http://localhost:3000/main.0c35f54a4e05eaf535ab.hot-update.js:175
[15606431ms] [WARNING] [cloud-relay-host] background poll skipped Error: Electron API is not available
    at requireApi (http://localhost:3000/static/js/bundle.js:21134:62)
    at getRuntimeConfig (http://localhost:3000/static/js/bundle.js:21138:10)
    at runHostCloudLoop (http://localhost:3000/main.0c35f54a4e05eaf535ab.hot-update.js:171:110) @ http://localhost:3000/main.0c35f54a4e05eaf535ab.hot-update.js:175
[15666424ms] [WARNING] [cloud-relay-host] background poll skipped Error: Electron API is not available
    at requireApi (http://localhost:3000/static/js/bundle.js:21134:62)
    at getRuntimeConfig (http://localhost:3000/static/js/bundle.js:21138:10)
    at runHostCloudLoop (http://localhost:3000/main.0c35f54a4e05eaf535ab.hot-update.js:171:110) @ http://localhost:3000/main.0c35f54a4e05eaf535ab.hot-update.js:175
[15726416ms] [WARNING] [cloud-relay-host] background poll skipped Error: Electron API is not available
    at requireApi (http://localhost:3000/static/js/bundle.js:21134:62)
    at getRuntimeConfig (http://localhost:3000/static/js/bundle.js:21138:10)
    at runHostCloudLoop (http://localhost:3000/main.0c35f54a4e05eaf535ab.hot-update.js:171:110) @ http://localhost:3000/main.0c35f54a4e05eaf535ab.hot-update.js:175
[15786432ms] [WARNING] [cloud-relay-host] background poll skipped Error: Electron API is not available
    at requireApi (http://localhost:3000/static/js/bundle.js:21134:62)
    at getRuntimeConfig (http://localhost:3000/static/js/bundle.js:21138:10)
    at runHostCloudLoop (http://localhost:3000/main.0c35f54a4e05eaf535ab.hot-update.js:171:110) @ http://localhost:3000/main.0c35f54a4e05eaf535ab.hot-update.js:175
[15846423ms] [WARNING] [cloud-relay-host] background poll skipped Error: Electron API is not available
    at requireApi (http://localhost:3000/static/js/bundle.js:21134:62)
    at getRuntimeConfig (http://localhost:3000/static/js/bundle.js:21138:10)
    at runHostCloudLoop (http://localhost:3000/main.0c35f54a4e05eaf535ab.hot-update.js:171:110) @ http://localhost:3000/main.0c35f54a4e05eaf535ab.hot-update.js:175
[15906430ms] [WARNING] [cloud-relay-host] background poll skipped Error: Electron API is not available
    at requireApi (http://localhost:3000/static/js/bundle.js:21134:62)
    at getRuntimeConfig (http://localhost:3000/static/js/bundle.js:21138:10)
    at runHostCloudLoop (http://localhost:3000/main.0c35f54a4e05eaf535ab.hot-update.js:171:110) @ http://localhost:3000/main.0c35f54a4e05eaf535ab.hot-update.js:175
[15966432ms] [WARNING] [cloud-relay-host] background poll skipped Error: Electron API is not available
    at requireApi (http://localhost:3000/static/js/bundle.js:21134:62)
    at getRuntimeConfig (http://localhost:3000/static/js/bundle.js:21138:10)
    at runHostCloudLoop (http://localhost:3000/main.0c35f54a4e05eaf535ab.hot-update.js:171:110) @ http://localhost:3000/main.0c35f54a4e05eaf535ab.hot-update.js:175
[16026436ms] [WARNING] [cloud-relay-host] background poll skipped Error: Electron API is not available
    at requireApi (http://localhost:3000/static/js/bundle.js:21134:62)
    at getRuntimeConfig (http://localhost:3000/static/js/bundle.js:21138:10)
    at runHostCloudLoop (http://localhost:3000/main.0c35f54a4e05eaf535ab.hot-update.js:171:110) @ http://localhost:3000/main.0c35f54a4e05eaf535ab.hot-update.js:175
[16086420ms] [WARNING] [cloud-relay-host] background poll skipped Error: Electron API is not available
    at requireApi (http://localhost:3000/static/js/bundle.js:21134:62)
    at getRuntimeConfig (http://localhost:3000/static/js/bundle.js:21138:10)
    at runHostCloudLoop (http://localhost:3000/main.0c35f54a4e05eaf535ab.hot-update.js:171:110) @ http://localhost:3000/main.0c35f54a4e05eaf535ab.hot-update.js:175
[16146423ms] [WARNING] [cloud-relay-host] background poll skipped Error: Electron API is not available
    at requireApi (http://localhost:3000/static/js/bundle.js:21134:62)
    at getRuntimeConfig (http://localhost:3000/static/js/bundle.js:21138:10)
    at runHostCloudLoop (http://localhost:3000/main.0c35f54a4e05eaf535ab.hot-update.js:171:110) @ http://localhost:3000/main.0c35f54a4e05eaf535ab.hot-update.js:175
