[  147020ms] [INFO] %cDownload the React DevTools for a better development experience: https://reactjs.org/link/react-devtools font-weight:bold @ http://localhost:3000/static/js/bundle.js:158299
[  147879ms] [LOG] Database service loaded successfully @ http://localhost:3000/static/js/bundle.js:157
[  148281ms] [ERROR] Failed to load resource: the server responded with a status of 404 (Not Found) @ http://localhost:3000/api/cloud-relay-host/tasks/process:0
[  148282ms] [WARNING] [cloud-relay-host] background poll skipped SyntaxError: Unexpected token '<', "<!DOCTYPE "... is not valid JSON @ http://localhost:3000/static/js/bundle.js:176
[  207881ms] [ERROR] Failed to load resource: the server responded with a status of 404 (Not Found) @ http://localhost:3000/api/cloud-relay-host/tasks/process:0
[  207881ms] [WARNING] [cloud-relay-host] background poll skipped SyntaxError: Unexpected token '<', "<!DOCTYPE "... is not valid JSON @ http://localhost:3000/static/js/bundle.js:176
[  268246ms] [ERROR] Failed to load resource: the server responded with a status of 404 (Not Found) @ http://localhost:3000/api/cloud-relay-host/tasks/process:0
[  268247ms] [WARNING] [cloud-relay-host] background poll skipped SyntaxError: Unexpected token '<', "<!DOCTYPE "... is not valid JSON @ http://localhost:3000/static/js/bundle.js:176
[  327932ms] [ERROR] Failed to load resource: the server responded with a status of 404 (Not Found) @ http://localhost:3000/api/cloud-relay-host/tasks/process:0
[  327933ms] [WARNING] [cloud-relay-host] background poll skipped SyntaxError: Unexpected token '<', "<!DOCTYPE "... is not valid JSON @ http://localhost:3000/static/js/bundle.js:176
[  388187ms] [ERROR] Failed to load resource: the server responded with a status of 404 (Not Found) @ http://localhost:3000/api/cloud-relay-host/tasks/process:0
[  388187ms] [WARNING] [cloud-relay-host] background poll skipped SyntaxError: Unexpected token '<', "<!DOCTYPE "... is not valid JSON @ http://localhost:3000/static/js/bundle.js:176
[  449877ms] [ERROR] Failed to load resource: the server responded with a status of 404 (Not Found) @ http://localhost:3000/api/cloud-relay-host/tasks/process:0
[  449879ms] [WARNING] [cloud-relay-host] background poll skipped SyntaxError: Unexpected token '<', "<!DOCTYPE "... is not valid JSON @ http://localhost:3000/static/js/bundle.js:176
[  507882ms] [ERROR] Failed to load resource: the server responded with a status of 404 (Not Found) @ http://localhost:3000/api/cloud-relay-host/tasks/process:0
[  507883ms] [WARNING] [cloud-relay-host] background poll skipped SyntaxError: Unexpected token '<', "<!DOCTYPE "... is not valid JSON @ http://localhost:3000/static/js/bundle.js:176
[  568353ms] [ERROR] Failed to load resource: the server responded with a status of 404 (Not Found) @ http://localhost:3000/api/cloud-relay-host/tasks/process:0
[  568355ms] [WARNING] [cloud-relay-host] background poll skipped SyntaxError: Unexpected token '<', "<!DOCTYPE "... is not valid JSON @ http://localhost:3000/static/js/bundle.js:176
[  627884ms] [ERROR] Failed to load resource: the server responded with a status of 404 (Not Found) @ http://localhost:3000/api/cloud-relay-host/tasks/process:0
[  627885ms] [WARNING] [cloud-relay-host] background poll skipped SyntaxError: Unexpected token '<', "<!DOCTYPE "... is not valid JSON @ http://localhost:3000/static/js/bundle.js:176
[  688241ms] [ERROR] Failed to load resource: the server responded with a status of 404 (Not Found) @ http://localhost:3000/api/cloud-relay-host/tasks/process:0
[  688244ms] [WARNING] [cloud-relay-host] background poll skipped SyntaxError: Unexpected token '<', "<!DOCTYPE "... is not valid JSON @ http://localhost:3000/static/js/bundle.js:176
[  747887ms] [ERROR] Failed to load resource: the server responded with a status of 404 (Not Found) @ http://localhost:3000/api/cloud-relay-host/tasks/process:0
[  747887ms] [WARNING] [cloud-relay-host] background poll skipped SyntaxError: Unexpected token '<', "<!DOCTYPE "... is not valid JSON @ http://localhost:3000/static/js/bundle.js:176
[  808242ms] [ERROR] Failed to load resource: the server responded with a status of 404 (Not Found) @ http://localhost:3000/api/cloud-relay-host/tasks/process:0
[  808245ms] [WARNING] [cloud-relay-host] background poll skipped SyntaxError: Unexpected token '<', "<!DOCTYPE "... is not valid JSON @ http://localhost:3000/static/js/bundle.js:176
[  867887ms] [ERROR] Failed to load resource: the server responded with a status of 404 (Not Found) @ http://localhost:3000/api/cloud-relay-host/tasks/process:0
[  867887ms] [WARNING] [cloud-relay-host] background poll skipped SyntaxError: Unexpected token '<', "<!DOCTYPE "... is not valid JSON @ http://localhost:3000/static/js/bundle.js:176
[  928213ms] [ERROR] Failed to load resource: the server responded with a status of 404 (Not Found) @ http://localhost:3000/api/cloud-relay-host/tasks/process:0
[  928214ms] [WARNING] [cloud-relay-host] background poll skipped SyntaxError: Unexpected token '<', "<!DOCTYPE "... is not valid JSON @ http://localhost:3000/static/js/bundle.js:176
[  987925ms] [ERROR] Failed to load resource: the server responded with a status of 404 (Not Found) @ http://localhost:3000/api/cloud-relay-host/tasks/process:0
[  987927ms] [WARNING] [cloud-relay-host] background poll skipped SyntaxError: Unexpected token '<', "<!DOCTYPE "... is not valid JSON @ http://localhost:3000/static/js/bundle.js:176
[ 1048202ms] [ERROR] Failed to load resource: the server responded with a status of 404 (Not Found) @ http://localhost:3000/api/cloud-relay-host/tasks/process:0
[ 1048202ms] [WARNING] [cloud-relay-host] background poll skipped SyntaxError: Unexpected token '<', "<!DOCTYPE "... is not valid JSON @ http://localhost:3000/static/js/bundle.js:176
[ 1107930ms] [ERROR] Failed to load resource: the server responded with a status of 404 (Not Found) @ http://localhost:3000/api/cloud-relay-host/tasks/process:0
[ 1107932ms] [WARNING] [cloud-relay-host] background poll skipped SyntaxError: Unexpected token '<', "<!DOCTYPE "... is not valid JSON @ http://localhost:3000/static/js/bundle.js:176
[ 1168206ms] [ERROR] Failed to load resource: the server responded with a status of 404 (Not Found) @ http://localhost:3000/api/cloud-relay-host/tasks/process:0
[ 1168207ms] [WARNING] [cloud-relay-host] background poll skipped SyntaxError: Unexpected token '<', "<!DOCTYPE "... is not valid JSON @ http://localhost:3000/static/js/bundle.js:176
[ 1227891ms] [ERROR] Failed to load resource: the server responded with a status of 404 (Not Found) @ http://localhost:3000/api/cloud-relay-host/tasks/process:0
[ 1227891ms] [WARNING] [cloud-relay-host] background poll skipped SyntaxError: Unexpected token '<', "<!DOCTYPE "... is not valid JSON @ http://localhost:3000/static/js/bundle.js:176
[ 1288205ms] [ERROR] Failed to load resource: the server responded with a status of 404 (Not Found) @ http://localhost:3000/api/cloud-relay-host/tasks/process:0
[ 1288206ms] [WARNING] [cloud-relay-host] background poll skipped SyntaxError: Unexpected token '<', "<!DOCTYPE "... is not valid JSON @ http://localhost:3000/static/js/bundle.js:176
[ 1347900ms] [ERROR] Failed to load resource: the server responded with a status of 404 (Not Found) @ http://localhost:3000/api/cloud-relay-host/tasks/process:0
[ 1347900ms] [WARNING] [cloud-relay-host] background poll skipped SyntaxError: Unexpected token '<', "<!DOCTYPE "... is not valid JSON @ http://localhost:3000/static/js/bundle.js:176
[ 1408205ms] [ERROR] Failed to load resource: the server responded with a status of 404 (Not Found) @ http://localhost:3000/api/cloud-relay-host/tasks/process:0
[ 1408206ms] [WARNING] [cloud-relay-host] background poll skipped SyntaxError: Unexpected token '<', "<!DOCTYPE "... is not valid JSON @ http://localhost:3000/static/js/bundle.js:176
[ 1467904ms] [ERROR] Failed to load resource: the server responded with a status of 404 (Not Found) @ http://localhost:3000/api/cloud-relay-host/tasks/process:0
[ 1467905ms] [WARNING] [cloud-relay-host] background poll skipped SyntaxError: Unexpected token '<', "<!DOCTYPE "... is not valid JSON @ http://localhost:3000/static/js/bundle.js:176
[ 1528204ms] [ERROR] Failed to load resource: the server responded with a status of 404 (Not Found) @ http://localhost:3000/api/cloud-relay-host/tasks/process:0
[ 1528205ms] [WARNING] [cloud-relay-host] background poll skipped SyntaxError: Unexpected token '<', "<!DOCTYPE "... is not valid JSON @ http://localhost:3000/static/js/bundle.js:176
[ 1587927ms] [ERROR] Failed to load resource: the server responded with a status of 404 (Not Found) @ http://localhost:3000/api/cloud-relay-host/tasks/process:0
[ 1587928ms] [WARNING] [cloud-relay-host] background poll skipped SyntaxError: Unexpected token '<', "<!DOCTYPE "... is not valid JSON @ http://localhost:3000/static/js/bundle.js:176
[ 1648213ms] [ERROR] Failed to load resource: the server responded with a status of 404 (Not Found) @ http://localhost:3000/api/cloud-relay-host/tasks/process:0
[ 1648215ms] [WARNING] [cloud-relay-host] background poll skipped SyntaxError: Unexpected token '<', "<!DOCTYPE "... is not valid JSON @ http://localhost:3000/static/js/bundle.js:176
[ 1707904ms] [ERROR] Failed to load resource: the server responded with a status of 404 (Not Found) @ http://localhost:3000/api/cloud-relay-host/tasks/process:0
[ 1707905ms] [WARNING] [cloud-relay-host] background poll skipped SyntaxError: Unexpected token '<', "<!DOCTYPE "... is not valid JSON @ http://localhost:3000/static/js/bundle.js:176
[ 1768208ms] [ERROR] Failed to load resource: the server responded with a status of 404 (Not Found) @ http://localhost:3000/api/cloud-relay-host/tasks/process:0
[ 1768209ms] [WARNING] [cloud-relay-host] background poll skipped SyntaxError: Unexpected token '<', "<!DOCTYPE "... is not valid JSON @ http://localhost:3000/static/js/bundle.js:176
[ 1827911ms] [ERROR] Failed to load resource: the server responded with a status of 404 (Not Found) @ http://localhost:3000/api/cloud-relay-host/tasks/process:0
[ 1827912ms] [WARNING] [cloud-relay-host] background poll skipped SyntaxError: Unexpected token '<', "<!DOCTYPE "... is not valid JSON @ http://localhost:3000/static/js/bundle.js:176
[ 1888211ms] [ERROR] Failed to load resource: the server responded with a status of 404 (Not Found) @ http://localhost:3000/api/cloud-relay-host/tasks/process:0
[ 1888212ms] [WARNING] [cloud-relay-host] background poll skipped SyntaxError: Unexpected token '<', "<!DOCTYPE "... is not valid JSON @ http://localhost:3000/static/js/bundle.js:176
[ 1947903ms] [ERROR] Failed to load resource: the server responded with a status of 404 (Not Found) @ http://localhost:3000/api/cloud-relay-host/tasks/process:0
[ 1947903ms] [WARNING] [cloud-relay-host] background poll skipped SyntaxError: Unexpected token '<', "<!DOCTYPE "... is not valid JSON @ http://localhost:3000/static/js/bundle.js:176
[ 2008246ms] [ERROR] Failed to load resource: the server responded with a status of 404 (Not Found) @ http://localhost:3000/api/cloud-relay-host/tasks/process:0
[ 2008249ms] [WARNING] [cloud-relay-host] background poll skipped SyntaxError: Unexpected token '<', "<!DOCTYPE "... is not valid JSON @ http://localhost:3000/static/js/bundle.js:176
[ 2067911ms] [ERROR] Failed to load resource: the server responded with a status of 404 (Not Found) @ http://localhost:3000/api/cloud-relay-host/tasks/process:0
[ 2067912ms] [WARNING] [cloud-relay-host] background poll skipped SyntaxError: Unexpected token '<', "<!DOCTYPE "... is not valid JSON @ http://localhost:3000/static/js/bundle.js:176
[ 2128281ms] [ERROR] Failed to load resource: the server responded with a status of 404 (Not Found) @ http://localhost:3000/api/cloud-relay-host/tasks/process:0
[ 2128283ms] [WARNING] [cloud-relay-host] background poll skipped SyntaxError: Unexpected token '<', "<!DOCTYPE "... is not valid JSON @ http://localhost:3000/static/js/bundle.js:176
[ 2187912ms] [ERROR] Failed to load resource: the server responded with a status of 404 (Not Found) @ http://localhost:3000/api/cloud-relay-host/tasks/process:0
[ 2187912ms] [WARNING] [cloud-relay-host] background poll skipped SyntaxError: Unexpected token '<', "<!DOCTYPE "... is not valid JSON @ http://localhost:3000/static/js/bundle.js:176
[ 2248258ms] [ERROR] Failed to load resource: the server responded with a status of 404 (Not Found) @ http://localhost:3000/api/cloud-relay-host/tasks/process:0
[ 2248260ms] [WARNING] [cloud-relay-host] background poll skipped SyntaxError: Unexpected token '<', "<!DOCTYPE "... is not valid JSON @ http://localhost:3000/static/js/bundle.js:176
[ 2307921ms] [ERROR] Failed to load resource: the server responded with a status of 404 (Not Found) @ http://localhost:3000/api/cloud-relay-host/tasks/process:0
[ 2307922ms] [WARNING] [cloud-relay-host] background poll skipped SyntaxError: Unexpected token '<', "<!DOCTYPE "... is not valid JSON @ http://localhost:3000/static/js/bundle.js:176
[ 2368251ms] [ERROR] Failed to load resource: the server responded with a status of 404 (Not Found) @ http://localhost:3000/api/cloud-relay-host/tasks/process:0
[ 2368253ms] [WARNING] [cloud-relay-host] background poll skipped SyntaxError: Unexpected token '<', "<!DOCTYPE "... is not valid JSON @ http://localhost:3000/static/js/bundle.js:176
[ 2427917ms] [ERROR] Failed to load resource: the server responded with a status of 404 (Not Found) @ http://localhost:3000/api/cloud-relay-host/tasks/process:0
[ 2427918ms] [WARNING] [cloud-relay-host] background poll skipped SyntaxError: Unexpected token '<', "<!DOCTYPE "... is not valid JSON @ http://localhost:3000/static/js/bundle.js:176
[ 2488273ms] [ERROR] Failed to load resource: the server responded with a status of 404 (Not Found) @ http://localhost:3000/api/cloud-relay-host/tasks/process:0
[ 2488277ms] [WARNING] [cloud-relay-host] background poll skipped SyntaxError: Unexpected token '<', "<!DOCTYPE "... is not valid JSON @ http://localhost:3000/static/js/bundle.js:176
[ 2547917ms] [ERROR] Failed to load resource: the server responded with a status of 404 (Not Found) @ http://localhost:3000/api/cloud-relay-host/tasks/process:0
[ 2547918ms] [WARNING] [cloud-relay-host] background poll skipped SyntaxError: Unexpected token '<', "<!DOCTYPE "... is not valid JSON @ http://localhost:3000/static/js/bundle.js:176
[ 2608256ms] [ERROR] Failed to load resource: the server responded with a status of 404 (Not Found) @ http://localhost:3000/api/cloud-relay-host/tasks/process:0
[ 2608259ms] [WARNING] [cloud-relay-host] background poll skipped SyntaxError: Unexpected token '<', "<!DOCTYPE "... is not valid JSON @ http://localhost:3000/static/js/bundle.js:176
[ 2667928ms] [ERROR] Failed to load resource: the server responded with a status of 404 (Not Found) @ http://localhost:3000/api/cloud-relay-host/tasks/process:0
[ 2667929ms] [WARNING] [cloud-relay-host] background poll skipped SyntaxError: Unexpected token '<', "<!DOCTYPE "... is not valid JSON @ http://localhost:3000/static/js/bundle.js:176
[ 2728264ms] [ERROR] Failed to load resource: the server responded with a status of 404 (Not Found) @ http://localhost:3000/api/cloud-relay-host/tasks/process:0
[ 2728267ms] [WARNING] [cloud-relay-host] background poll skipped SyntaxError: Unexpected token '<', "<!DOCTYPE "... is not valid JSON @ http://localhost:3000/static/js/bundle.js:176
[ 2787918ms] [ERROR] Failed to load resource: the server responded with a status of 404 (Not Found) @ http://localhost:3000/api/cloud-relay-host/tasks/process:0
[ 2787918ms] [WARNING] [cloud-relay-host] background poll skipped SyntaxError: Unexpected token '<', "<!DOCTYPE "... is not valid JSON @ http://localhost:3000/static/js/bundle.js:176
[ 2848253ms] [ERROR] Failed to load resource: the server responded with a status of 404 (Not Found) @ http://localhost:3000/api/cloud-relay-host/tasks/process:0
[ 2848254ms] [WARNING] [cloud-relay-host] background poll skipped SyntaxError: Unexpected token '<', "<!DOCTYPE "... is not valid JSON @ http://localhost:3000/static/js/bundle.js:176
[ 2907927ms] [ERROR] Failed to load resource: the server responded with a status of 404 (Not Found) @ http://localhost:3000/api/cloud-relay-host/tasks/process:0
[ 2907927ms] [WARNING] [cloud-relay-host] background poll skipped SyntaxError: Unexpected token '<', "<!DOCTYPE "... is not valid JSON @ http://localhost:3000/static/js/bundle.js:176
[ 2968276ms] [ERROR] Failed to load resource: the server responded with a status of 404 (Not Found) @ http://localhost:3000/api/cloud-relay-host/tasks/process:0
[ 2968278ms] [WARNING] [cloud-relay-host] background poll skipped SyntaxError: Unexpected token '<', "<!DOCTYPE "... is not valid JSON @ http://localhost:3000/static/js/bundle.js:176
[ 3027928ms] [ERROR] Failed to load resource: the server responded with a status of 404 (Not Found) @ http://localhost:3000/api/cloud-relay-host/tasks/process:0
[ 3027929ms] [WARNING] [cloud-relay-host] background poll skipped SyntaxError: Unexpected token '<', "<!DOCTYPE "... is not valid JSON @ http://localhost:3000/static/js/bundle.js:176
[ 3088278ms] [ERROR] Failed to load resource: the server responded with a status of 404 (Not Found) @ http://localhost:3000/api/cloud-relay-host/tasks/process:0
[ 3088279ms] [WARNING] [cloud-relay-host] background poll skipped SyntaxError: Unexpected token '<', "<!DOCTYPE "... is not valid JSON @ http://localhost:3000/static/js/bundle.js:176
[ 3147932ms] [ERROR] Failed to load resource: the server responded with a status of 404 (Not Found) @ http://localhost:3000/api/cloud-relay-host/tasks/process:0
[ 3147932ms] [WARNING] [cloud-relay-host] background poll skipped SyntaxError: Unexpected token '<', "<!DOCTYPE "... is not valid JSON @ http://localhost:3000/static/js/bundle.js:176
[ 3208257ms] [ERROR] Failed to load resource: the server responded with a status of 404 (Not Found) @ http://localhost:3000/api/cloud-relay-host/tasks/process:0
[ 3208258ms] [WARNING] [cloud-relay-host] background poll skipped SyntaxError: Unexpected token '<', "<!DOCTYPE "... is not valid JSON @ http://localhost:3000/static/js/bundle.js:176
[ 3267935ms] [ERROR] Failed to load resource: the server responded with a status of 404 (Not Found) @ http://localhost:3000/api/cloud-relay-host/tasks/process:0
[ 3267936ms] [WARNING] [cloud-relay-host] background poll skipped SyntaxError: Unexpected token '<', "<!DOCTYPE "... is not valid JSON @ http://localhost:3000/static/js/bundle.js:176
[ 3328252ms] [ERROR] Failed to load resource: the server responded with a status of 404 (Not Found) @ http://localhost:3000/api/cloud-relay-host/tasks/process:0
[ 3328253ms] [WARNING] [cloud-relay-host] background poll skipped SyntaxError: Unexpected token '<', "<!DOCTYPE "... is not valid JSON @ http://localhost:3000/static/js/bundle.js:176
[ 3387953ms] [ERROR] Failed to load resource: the server responded with a status of 404 (Not Found) @ http://localhost:3000/api/cloud-relay-host/tasks/process:0
[ 3387954ms] [WARNING] [cloud-relay-host] background poll skipped SyntaxError: Unexpected token '<', "<!DOCTYPE "... is not valid JSON @ http://localhost:3000/static/js/bundle.js:176
[ 3448233ms] [ERROR] Failed to load resource: the server responded with a status of 404 (Not Found) @ http://localhost:3000/api/cloud-relay-host/tasks/process:0
[ 3448233ms] [WARNING] [cloud-relay-host] background poll skipped SyntaxError: Unexpected token '<', "<!DOCTYPE "... is not valid JSON @ http://localhost:3000/static/js/bundle.js:176
[ 3507959ms] [ERROR] Failed to load resource: the server responded with a status of 404 (Not Found) @ http://localhost:3000/api/cloud-relay-host/tasks/process:0
[ 3507961ms] [WARNING] [cloud-relay-host] background poll skipped SyntaxError: Unexpected token '<', "<!DOCTYPE "... is not valid JSON @ http://localhost:3000/static/js/bundle.js:176
[ 3568256ms] [ERROR] Failed to load resource: the server responded with a status of 404 (Not Found) @ http://localhost:3000/api/cloud-relay-host/tasks/process:0
[ 3568257ms] [WARNING] [cloud-relay-host] background poll skipped SyntaxError: Unexpected token '<', "<!DOCTYPE "... is not valid JSON @ http://localhost:3000/static/js/bundle.js:176
[ 3627979ms] [ERROR] Failed to load resource: the server responded with a status of 404 (Not Found) @ http://localhost:3000/api/cloud-relay-host/tasks/process:0
[ 3627981ms] [WARNING] [cloud-relay-host] background poll skipped SyntaxError: Unexpected token '<', "<!DOCTYPE "... is not valid JSON @ http://localhost:3000/static/js/bundle.js:176
[ 3688243ms] [ERROR] Failed to load resource: the server responded with a status of 404 (Not Found) @ http://localhost:3000/api/cloud-relay-host/tasks/process:0
[ 3688244ms] [WARNING] [cloud-relay-host] background poll skipped SyntaxError: Unexpected token '<', "<!DOCTYPE "... is not valid JSON @ http://localhost:3000/static/js/bundle.js:176
[ 3747966ms] [ERROR] Failed to load resource: the server responded with a status of 404 (Not Found) @ http://localhost:3000/api/cloud-relay-host/tasks/process:0
[ 3747967ms] [WARNING] [cloud-relay-host] background poll skipped SyntaxError: Unexpected token '<', "<!DOCTYPE "... is not valid JSON @ http://localhost:3000/static/js/bundle.js:176
[ 3808298ms] [ERROR] Failed to load resource: the server responded with a status of 404 (Not Found) @ http://localhost:3000/api/cloud-relay-host/tasks/process:0
[ 3808301ms] [WARNING] [cloud-relay-host] background poll skipped SyntaxError: Unexpected token '<', "<!DOCTYPE "... is not valid JSON @ http://localhost:3000/static/js/bundle.js:176
[ 3867934ms] [ERROR] Failed to load resource: the server responded with a status of 404 (Not Found) @ http://localhost:3000/api/cloud-relay-host/tasks/process:0
[ 3867935ms] [WARNING] [cloud-relay-host] background poll skipped SyntaxError: Unexpected token '<', "<!DOCTYPE "... is not valid JSON @ http://localhost:3000/static/js/bundle.js:176
[ 3928293ms] [ERROR] Failed to load resource: the server responded with a status of 404 (Not Found) @ http://localhost:3000/api/cloud-relay-host/tasks/process:0
[ 3928294ms] [WARNING] [cloud-relay-host] background poll skipped SyntaxError: Unexpected token '<', "<!DOCTYPE "... is not valid JSON @ http://localhost:3000/static/js/bundle.js:176
[ 3987937ms] [ERROR] Failed to load resource: the server responded with a status of 404 (Not Found) @ http://localhost:3000/api/cloud-relay-host/tasks/process:0
[ 3987938ms] [WARNING] [cloud-relay-host] background poll skipped SyntaxError: Unexpected token '<', "<!DOCTYPE "... is not valid JSON @ http://localhost:3000/static/js/bundle.js:176
[ 4048317ms] [ERROR] Failed to load resource: the server responded with a status of 404 (Not Found) @ http://localhost:3000/api/cloud-relay-host/tasks/process:0
[ 4048319ms] [WARNING] [cloud-relay-host] background poll skipped SyntaxError: Unexpected token '<', "<!DOCTYPE "... is not valid JSON @ http://localhost:3000/static/js/bundle.js:176
[ 4107943ms] [ERROR] Failed to load resource: the server responded with a status of 404 (Not Found) @ http://localhost:3000/api/cloud-relay-host/tasks/process:0
[ 4107944ms] [WARNING] [cloud-relay-host] background poll skipped SyntaxError: Unexpected token '<', "<!DOCTYPE "... is not valid JSON @ http://localhost:3000/static/js/bundle.js:176
[ 4168295ms] [ERROR] Failed to load resource: the server responded with a status of 404 (Not Found) @ http://localhost:3000/api/cloud-relay-host/tasks/process:0
[ 4168298ms] [WARNING] [cloud-relay-host] background poll skipped SyntaxError: Unexpected token '<', "<!DOCTYPE "... is not valid JSON @ http://localhost:3000/static/js/bundle.js:176
[ 4227950ms] [ERROR] Failed to load resource: the server responded with a status of 404 (Not Found) @ http://localhost:3000/api/cloud-relay-host/tasks/process:0
[ 4227951ms] [WARNING] [cloud-relay-host] background poll skipped SyntaxError: Unexpected token '<', "<!DOCTYPE "... is not valid JSON @ http://localhost:3000/static/js/bundle.js:176
[ 4288299ms] [ERROR] Failed to load resource: the server responded with a status of 404 (Not Found) @ http://localhost:3000/api/cloud-relay-host/tasks/process:0
[ 4288301ms] [WARNING] [cloud-relay-host] background poll skipped SyntaxError: Unexpected token '<', "<!DOCTYPE "... is not valid JSON @ http://localhost:3000/static/js/bundle.js:176
[ 4347954ms] [ERROR] Failed to load resource: the server responded with a status of 404 (Not Found) @ http://localhost:3000/api/cloud-relay-host/tasks/process:0
[ 4347955ms] [WARNING] [cloud-relay-host] background poll skipped SyntaxError: Unexpected token '<', "<!DOCTYPE "... is not valid JSON @ http://localhost:3000/static/js/bundle.js:176
[ 4408261ms] [ERROR] Failed to load resource: the server responded with a status of 404 (Not Found) @ http://localhost:3000/api/cloud-relay-host/tasks/process:0
[ 4408261ms] [WARNING] [cloud-relay-host] background poll skipped SyntaxError: Unexpected token '<', "<!DOCTYPE "... is not valid JSON @ http://localhost:3000/static/js/bundle.js:176
[ 4467958ms] [ERROR] Failed to load resource: the server responded with a status of 404 (Not Found) @ http://localhost:3000/api/cloud-relay-host/tasks/process:0
[ 4467959ms] [WARNING] [cloud-relay-host] background poll skipped SyntaxError: Unexpected token '<', "<!DOCTYPE "... is not valid JSON @ http://localhost:3000/static/js/bundle.js:176
[ 4528253ms] [ERROR] Failed to load resource: the server responded with a status of 404 (Not Found) @ http://localhost:3000/api/cloud-relay-host/tasks/process:0
[ 4528254ms] [WARNING] [cloud-relay-host] background poll skipped SyntaxError: Unexpected token '<', "<!DOCTYPE "... is not valid JSON @ http://localhost:3000/static/js/bundle.js:176
[ 4587971ms] [ERROR] Failed to load resource: the server responded with a status of 404 (Not Found) @ http://localhost:3000/api/cloud-relay-host/tasks/process:0
[ 4587973ms] [WARNING] [cloud-relay-host] background poll skipped SyntaxError: Unexpected token '<', "<!DOCTYPE "... is not valid JSON @ http://localhost:3000/static/js/bundle.js:176
[ 4648265ms] [ERROR] Failed to load resource: the server responded with a status of 404 (Not Found) @ http://localhost:3000/api/cloud-relay-host/tasks/process:0
[ 4648265ms] [WARNING] [cloud-relay-host] background poll skipped SyntaxError: Unexpected token '<', "<!DOCTYPE "... is not valid JSON @ http://localhost:3000/static/js/bundle.js:176
[ 4707989ms] [ERROR] Failed to load resource: the server responded with a status of 404 (Not Found) @ http://localhost:3000/api/cloud-relay-host/tasks/process:0
[ 4707993ms] [WARNING] [cloud-relay-host] background poll skipped SyntaxError: Unexpected token '<', "<!DOCTYPE "... is not valid JSON @ http://localhost:3000/static/js/bundle.js:176
[ 4768305ms] [ERROR] Failed to load resource: the server responded with a status of 404 (Not Found) @ http://localhost:3000/api/cloud-relay-host/tasks/process:0
[ 4768307ms] [WARNING] [cloud-relay-host] background poll skipped SyntaxError: Unexpected token '<', "<!DOCTYPE "... is not valid JSON @ http://localhost:3000/static/js/bundle.js:176
[ 4827960ms] [ERROR] Failed to load resource: the server responded with a status of 404 (Not Found) @ http://localhost:3000/api/cloud-relay-host/tasks/process:0
[ 4827961ms] [WARNING] [cloud-relay-host] background poll skipped SyntaxError: Unexpected token '<', "<!DOCTYPE "... is not valid JSON @ http://localhost:3000/static/js/bundle.js:176
[ 4888306ms] [ERROR] Failed to load resource: the server responded with a status of 404 (Not Found) @ http://localhost:3000/api/cloud-relay-host/tasks/process:0
[ 4888308ms] [WARNING] [cloud-relay-host] background poll skipped SyntaxError: Unexpected token '<', "<!DOCTYPE "... is not valid JSON @ http://localhost:3000/static/js/bundle.js:176
[ 4947958ms] [ERROR] Failed to load resource: the server responded with a status of 404 (Not Found) @ http://localhost:3000/api/cloud-relay-host/tasks/process:0
[ 4947959ms] [WARNING] [cloud-relay-host] background poll skipped SyntaxError: Unexpected token '<', "<!DOCTYPE "... is not valid JSON @ http://localhost:3000/static/js/bundle.js:176
[ 5008321ms] [ERROR] Failed to load resource: the server responded with a status of 404 (Not Found) @ http://localhost:3000/api/cloud-relay-host/tasks/process:0
[ 5008323ms] [WARNING] [cloud-relay-host] background poll skipped SyntaxError: Unexpected token '<', "<!DOCTYPE "... is not valid JSON @ http://localhost:3000/static/js/bundle.js:176
[ 5067967ms] [ERROR] Failed to load resource: the server responded with a status of 404 (Not Found) @ http://localhost:3000/api/cloud-relay-host/tasks/process:0
[ 5067967ms] [WARNING] [cloud-relay-host] background poll skipped SyntaxError: Unexpected token '<', "<!DOCTYPE "... is not valid JSON @ http://localhost:3000/static/js/bundle.js:176
[ 5128280ms] [ERROR] Failed to load resource: the server responded with a status of 404 (Not Found) @ http://localhost:3000/api/cloud-relay-host/tasks/process:0
[ 5128281ms] [WARNING] [cloud-relay-host] background poll skipped SyntaxError: Unexpected token '<', "<!DOCTYPE "... is not valid JSON @ http://localhost:3000/static/js/bundle.js:176
[ 5187965ms] [ERROR] Failed to load resource: the server responded with a status of 404 (Not Found) @ http://localhost:3000/api/cloud-relay-host/tasks/process:0
[ 5187966ms] [WARNING] [cloud-relay-host] background poll skipped SyntaxError: Unexpected token '<', "<!DOCTYPE "... is not valid JSON @ http://localhost:3000/static/js/bundle.js:176
[ 5248276ms] [ERROR] Failed to load resource: the server responded with a status of 404 (Not Found) @ http://localhost:3000/api/cloud-relay-host/tasks/process:0
[ 5248277ms] [WARNING] [cloud-relay-host] background poll skipped SyntaxError: Unexpected token '<', "<!DOCTYPE "... is not valid JSON @ http://localhost:3000/static/js/bundle.js:176
[ 5308000ms] [ERROR] Failed to load resource: the server responded with a status of 404 (Not Found) @ http://localhost:3000/api/cloud-relay-host/tasks/process:0
[ 5308002ms] [WARNING] [cloud-relay-host] background poll skipped SyntaxError: Unexpected token '<', "<!DOCTYPE "... is not valid JSON @ http://localhost:3000/static/js/bundle.js:176
[ 5368279ms] [ERROR] Failed to load resource: the server responded with a status of 404 (Not Found) @ http://localhost:3000/api/cloud-relay-host/tasks/process:0
[ 5368279ms] [WARNING] [cloud-relay-host] background poll skipped SyntaxError: Unexpected token '<', "<!DOCTYPE "... is not valid JSON @ http://localhost:3000/static/js/bundle.js:176
[ 5427994ms] [ERROR] Failed to load resource: the server responded with a status of 404 (Not Found) @ http://localhost:3000/api/cloud-relay-host/tasks/process:0
[ 5427996ms] [WARNING] [cloud-relay-host] background poll skipped SyntaxError: Unexpected token '<', "<!DOCTYPE "... is not valid JSON @ http://localhost:3000/static/js/bundle.js:176
[ 5488282ms] [ERROR] Failed to load resource: the server responded with a status of 404 (Not Found) @ http://localhost:3000/api/cloud-relay-host/tasks/process:0
[ 5488283ms] [WARNING] [cloud-relay-host] background poll skipped SyntaxError: Unexpected token '<', "<!DOCTYPE "... is not valid JSON @ http://localhost:3000/static/js/bundle.js:176
[ 5548007ms] [ERROR] Failed to load resource: the server responded with a status of 404 (Not Found) @ http://localhost:3000/api/cloud-relay-host/tasks/process:0
[ 5548009ms] [WARNING] [cloud-relay-host] background poll skipped SyntaxError: Unexpected token '<', "<!DOCTYPE "... is not valid JSON @ http://localhost:3000/static/js/bundle.js:176
[ 5608282ms] [ERROR] Failed to load resource: the server responded with a status of 404 (Not Found) @ http://localhost:3000/api/cloud-relay-host/tasks/process:0
[ 5608282ms] [WARNING] [cloud-relay-host] background poll skipped SyntaxError: Unexpected token '<', "<!DOCTYPE "... is not valid JSON @ http://localhost:3000/static/js/bundle.js:176
[ 5667976ms] [ERROR] Failed to load resource: the server responded with a status of 404 (Not Found) @ http://localhost:3000/api/cloud-relay-host/tasks/process:0
[ 5667976ms] [WARNING] [cloud-relay-host] background poll skipped SyntaxError: Unexpected token '<', "<!DOCTYPE "... is not valid JSON @ http://localhost:3000/static/js/bundle.js:176
[ 5728337ms] [ERROR] Failed to load resource: the server responded with a status of 404 (Not Found) @ http://localhost:3000/api/cloud-relay-host/tasks/process:0
[ 5728340ms] [WARNING] [cloud-relay-host] background poll skipped SyntaxError: Unexpected token '<', "<!DOCTYPE "... is not valid JSON @ http://localhost:3000/static/js/bundle.js:176
[ 5787971ms] [ERROR] Failed to load resource: the server responded with a status of 404 (Not Found) @ http://localhost:3000/api/cloud-relay-host/tasks/process:0
[ 5787971ms] [WARNING] [cloud-relay-host] background poll skipped SyntaxError: Unexpected token '<', "<!DOCTYPE "... is not valid JSON @ http://localhost:3000/static/js/bundle.js:176
[ 5848309ms] [ERROR] Failed to load resource: the server responded with a status of 404 (Not Found) @ http://localhost:3000/api/cloud-relay-host/tasks/process:0
[ 5848311ms] [WARNING] [cloud-relay-host] background poll skipped SyntaxError: Unexpected token '<', "<!DOCTYPE "... is not valid JSON @ http://localhost:3000/static/js/bundle.js:176
[ 5907974ms] [ERROR] Failed to load resource: the server responded with a status of 404 (Not Found) @ http://localhost:3000/api/cloud-relay-host/tasks/process:0
[ 5907974ms] [WARNING] [cloud-relay-host] background poll skipped SyntaxError: Unexpected token '<', "<!DOCTYPE "... is not valid JSON @ http://localhost:3000/static/js/bundle.js:176
[ 5968328ms] [ERROR] Failed to load resource: the server responded with a status of 404 (Not Found) @ http://localhost:3000/api/cloud-relay-host/tasks/process:0
[ 5968330ms] [WARNING] [cloud-relay-host] background poll skipped SyntaxError: Unexpected token '<', "<!DOCTYPE "... is not valid JSON @ http://localhost:3000/static/js/bundle.js:176
[ 6027977ms] [ERROR] Failed to load resource: the server responded with a status of 404 (Not Found) @ http://localhost:3000/api/cloud-relay-host/tasks/process:0
[ 6027978ms] [WARNING] [cloud-relay-host] background poll skipped SyntaxError: Unexpected token '<', "<!DOCTYPE "... is not valid JSON @ http://localhost:3000/static/js/bundle.js:176
[ 6088312ms] [ERROR] Failed to load resource: the server responded with a status of 404 (Not Found) @ http://localhost:3000/api/cloud-relay-host/tasks/process:0
[ 6088313ms] [WARNING] [cloud-relay-host] background poll skipped SyntaxError: Unexpected token '<', "<!DOCTYPE "... is not valid JSON @ http://localhost:3000/static/js/bundle.js:176
[ 6147986ms] [ERROR] Failed to load resource: the server responded with a status of 404 (Not Found) @ http://localhost:3000/api/cloud-relay-host/tasks/process:0
[ 6147987ms] [WARNING] [cloud-relay-host] background poll skipped SyntaxError: Unexpected token '<', "<!DOCTYPE "... is not valid JSON @ http://localhost:3000/static/js/bundle.js:176
[ 6208334ms] [ERROR] Failed to load resource: the server responded with a status of 404 (Not Found) @ http://localhost:3000/api/cloud-relay-host/tasks/process:0
[ 6208335ms] [WARNING] [cloud-relay-host] background poll skipped SyntaxError: Unexpected token '<', "<!DOCTYPE "... is not valid JSON @ http://localhost:3000/static/js/bundle.js:176
[ 6267993ms] [ERROR] Failed to load resource: the server responded with a status of 404 (Not Found) @ http://localhost:3000/api/cloud-relay-host/tasks/process:0
[ 6267994ms] [WARNING] [cloud-relay-host] background poll skipped SyntaxError: Unexpected token '<', "<!DOCTYPE "... is not valid JSON @ http://localhost:3000/static/js/bundle.js:176
[ 6328300ms] [ERROR] Failed to load resource: the server responded with a status of 404 (Not Found) @ http://localhost:3000/api/cloud-relay-host/tasks/process:0
[ 6328301ms] [WARNING] [cloud-relay-host] background poll skipped SyntaxError: Unexpected token '<', "<!DOCTYPE "... is not valid JSON @ http://localhost:3000/static/js/bundle.js:176
[ 6388021ms] [ERROR] Failed to load resource: the server responded with a status of 404 (Not Found) @ http://localhost:3000/api/cloud-relay-host/tasks/process:0
[ 6388023ms] [WARNING] [cloud-relay-host] background poll skipped SyntaxError: Unexpected token '<', "<!DOCTYPE "... is not valid JSON @ http://localhost:3000/static/js/bundle.js:176
[ 6448300ms] [ERROR] Failed to load resource: the server responded with a status of 404 (Not Found) @ http://localhost:3000/api/cloud-relay-host/tasks/process:0
[ 6448301ms] [WARNING] [cloud-relay-host] background poll skipped SyntaxError: Unexpected token '<', "<!DOCTYPE "... is not valid JSON @ http://localhost:3000/static/js/bundle.js:176
[ 6508023ms] [ERROR] Failed to load resource: the server responded with a status of 404 (Not Found) @ http://localhost:3000/api/cloud-relay-host/tasks/process:0
[ 6508025ms] [WARNING] [cloud-relay-host] background poll skipped SyntaxError: Unexpected token '<', "<!DOCTYPE "... is not valid JSON @ http://localhost:3000/static/js/bundle.js:176
[ 6568297ms] [ERROR] Failed to load resource: the server responded with a status of 404 (Not Found) @ http://localhost:3000/api/cloud-relay-host/tasks/process:0
[ 6568297ms] [WARNING] [cloud-relay-host] background poll skipped SyntaxError: Unexpected token '<', "<!DOCTYPE "... is not valid JSON @ http://localhost:3000/static/js/bundle.js:176
[ 6628013ms] [ERROR] Failed to load resource: the server responded with a status of 404 (Not Found) @ http://localhost:3000/api/cloud-relay-host/tasks/process:0
[ 6628017ms] [WARNING] [cloud-relay-host] background poll skipped SyntaxError: Unexpected token '<', "<!DOCTYPE "... is not valid JSON @ http://localhost:3000/static/js/bundle.js:176
[ 6688306ms] [ERROR] Failed to load resource: the server responded with a status of 404 (Not Found) @ http://localhost:3000/api/cloud-relay-host/tasks/process:0
[ 6688307ms] [WARNING] [cloud-relay-host] background poll skipped SyntaxError: Unexpected token '<', "<!DOCTYPE "... is not valid JSON @ http://localhost:3000/static/js/bundle.js:176
[ 6748013ms] [ERROR] Failed to load resource: the server responded with a status of 404 (Not Found) @ http://localhost:3000/api/cloud-relay-host/tasks/process:0
[ 6748014ms] [WARNING] [cloud-relay-host] background poll skipped SyntaxError: Unexpected token '<', "<!DOCTYPE "... is not valid JSON @ http://localhost:3000/static/js/bundle.js:176
[ 6808308ms] [ERROR] Failed to load resource: the server responded with a status of 404 (Not Found) @ http://localhost:3000/api/cloud-relay-host/tasks/process:0
[ 6808309ms] [WARNING] [cloud-relay-host] background poll skipped SyntaxError: Unexpected token '<', "<!DOCTYPE "... is not valid JSON @ http://localhost:3000/static/js/bundle.js:176
[ 6868027ms] [ERROR] Failed to load resource: the server responded with a status of 404 (Not Found) @ http://localhost:3000/api/cloud-relay-host/tasks/process:0
[ 6868029ms] [WARNING] [cloud-relay-host] background poll skipped SyntaxError: Unexpected token '<', "<!DOCTYPE "... is not valid JSON @ http://localhost:3000/static/js/bundle.js:176
[ 6928328ms] [ERROR] Failed to load resource: the server responded with a status of 404 (Not Found) @ http://localhost:3000/api/cloud-relay-host/tasks/process:0
[ 6928329ms] [WARNING] [cloud-relay-host] background poll skipped SyntaxError: Unexpected token '<', "<!DOCTYPE "... is not valid JSON @ http://localhost:3000/static/js/bundle.js:176
[ 6988021ms] [ERROR] Failed to load resource: the server responded with a status of 404 (Not Found) @ http://localhost:3000/api/cloud-relay-host/tasks/process:0
[ 6988023ms] [WARNING] [cloud-relay-host] background poll skipped SyntaxError: Unexpected token '<', "<!DOCTYPE "... is not valid JSON @ http://localhost:3000/static/js/bundle.js:176
[ 7048307ms] [ERROR] Failed to load resource: the server responded with a status of 404 (Not Found) @ http://localhost:3000/api/cloud-relay-host/tasks/process:0
[ 7048307ms] [WARNING] [cloud-relay-host] background poll skipped SyntaxError: Unexpected token '<', "<!DOCTYPE "... is not valid JSON @ http://localhost:3000/static/js/bundle.js:176
[ 7108021ms] [ERROR] Failed to load resource: the server responded with a status of 404 (Not Found) @ http://localhost:3000/api/cloud-relay-host/tasks/process:0
[ 7108023ms] [WARNING] [cloud-relay-host] background poll skipped SyntaxError: Unexpected token '<', "<!DOCTYPE "... is not valid JSON @ http://localhost:3000/static/js/bundle.js:176
[ 7168312ms] [ERROR] Failed to load resource: the server responded with a status of 404 (Not Found) @ http://localhost:3000/api/cloud-relay-host/tasks/process:0
[ 7168312ms] [WARNING] [cloud-relay-host] background poll skipped SyntaxError: Unexpected token '<', "<!DOCTYPE "... is not valid JSON @ http://localhost:3000/static/js/bundle.js:176
[ 7228013ms] [ERROR] Failed to load resource: the server responded with a status of 404 (Not Found) @ http://localhost:3000/api/cloud-relay-host/tasks/process:0
[ 7228014ms] [WARNING] [cloud-relay-host] background poll skipped SyntaxError: Unexpected token '<', "<!DOCTYPE "... is not valid JSON @ http://localhost:3000/static/js/bundle.js:176
[ 7288338ms] [ERROR] Failed to load resource: the server responded with a status of 404 (Not Found) @ http://localhost:3000/api/cloud-relay-host/tasks/process:0
[ 7288341ms] [WARNING] [cloud-relay-host] background poll skipped SyntaxError: Unexpected token '<', "<!DOCTYPE "... is not valid JSON @ http://localhost:3000/static/js/bundle.js:176
[ 7348016ms] [ERROR] Failed to load resource: the server responded with a status of 404 (Not Found) @ http://localhost:3000/api/cloud-relay-host/tasks/process:0
[ 7348016ms] [WARNING] [cloud-relay-host] background poll skipped SyntaxError: Unexpected token '<', "<!DOCTYPE "... is not valid JSON @ http://localhost:3000/static/js/bundle.js:176
[ 7408360ms] [ERROR] Failed to load resource: the server responded with a status of 404 (Not Found) @ http://localhost:3000/api/cloud-relay-host/tasks/process:0
[ 7408362ms] [WARNING] [cloud-relay-host] background poll skipped SyntaxError: Unexpected token '<', "<!DOCTYPE "... is not valid JSON @ http://localhost:3000/static/js/bundle.js:176
[ 7468007ms] [ERROR] Failed to load resource: the server responded with a status of 404 (Not Found) @ http://localhost:3000/api/cloud-relay-host/tasks/process:0
[ 7468007ms] [WARNING] [cloud-relay-host] background poll skipped SyntaxError: Unexpected token '<', "<!DOCTYPE "... is not valid JSON @ http://localhost:3000/static/js/bundle.js:176
[ 7528316ms] [ERROR] Failed to load resource: the server responded with a status of 404 (Not Found) @ http://localhost:3000/api/cloud-relay-host/tasks/process:0
[ 7528317ms] [WARNING] [cloud-relay-host] background poll skipped SyntaxError: Unexpected token '<', "<!DOCTYPE "... is not valid JSON @ http://localhost:3000/static/js/bundle.js:176
[ 7588021ms] [ERROR] Failed to load resource: the server responded with a status of 404 (Not Found) @ http://localhost:3000/api/cloud-relay-host/tasks/process:0
[ 7588021ms] [WARNING] [cloud-relay-host] background poll skipped SyntaxError: Unexpected token '<', "<!DOCTYPE "... is not valid JSON @ http://localhost:3000/static/js/bundle.js:176
[ 7648376ms] [ERROR] Failed to load resource: the server responded with a status of 404 (Not Found) @ http://localhost:3000/api/cloud-relay-host/tasks/process:0
[ 7648378ms] [WARNING] [cloud-relay-host] background poll skipped SyntaxError: Unexpected token '<', "<!DOCTYPE "... is not valid JSON @ http://localhost:3000/static/js/bundle.js:176
[ 7708018ms] [ERROR] Failed to load resource: the server responded with a status of 404 (Not Found) @ http://localhost:3000/api/cloud-relay-host/tasks/process:0
[ 7708019ms] [WARNING] [cloud-relay-host] background poll skipped SyntaxError: Unexpected token '<', "<!DOCTYPE "... is not valid JSON @ http://localhost:3000/static/js/bundle.js:176
[ 7768369ms] [ERROR] Failed to load resource: the server responded with a status of 404 (Not Found) @ http://localhost:3000/api/cloud-relay-host/tasks/process:0
[ 7768371ms] [WARNING] [cloud-relay-host] background poll skipped SyntaxError: Unexpected token '<', "<!DOCTYPE "... is not valid JSON @ http://localhost:3000/static/js/bundle.js:176
[ 7828025ms] [ERROR] Failed to load resource: the server responded with a status of 404 (Not Found) @ http://localhost:3000/api/cloud-relay-host/tasks/process:0
[ 7828025ms] [WARNING] [cloud-relay-host] background poll skipped SyntaxError: Unexpected token '<', "<!DOCTYPE "... is not valid JSON @ http://localhost:3000/static/js/bundle.js:176
[ 7888326ms] [ERROR] Failed to load resource: the server responded with a status of 404 (Not Found) @ http://localhost:3000/api/cloud-relay-host/tasks/process:0
[ 7888327ms] [WARNING] [cloud-relay-host] background poll skipped SyntaxError: Unexpected token '<', "<!DOCTYPE "... is not valid JSON @ http://localhost:3000/static/js/bundle.js:176
[ 7948030ms] [ERROR] Failed to load resource: the server responded with a status of 404 (Not Found) @ http://localhost:3000/api/cloud-relay-host/tasks/process:0
[ 7948031ms] [WARNING] [cloud-relay-host] background poll skipped SyntaxError: Unexpected token '<', "<!DOCTYPE "... is not valid JSON @ http://localhost:3000/static/js/bundle.js:176
[ 8008335ms] [ERROR] Failed to load resource: the server responded with a status of 404 (Not Found) @ http://localhost:3000/api/cloud-relay-host/tasks/process:0
[ 8008335ms] [WARNING] [cloud-relay-host] background poll skipped SyntaxError: Unexpected token '<', "<!DOCTYPE "... is not valid JSON @ http://localhost:3000/static/js/bundle.js:176
[ 8068060ms] [ERROR] Failed to load resource: the server responded with a status of 404 (Not Found) @ http://localhost:3000/api/cloud-relay-host/tasks/process:0
[ 8068063ms] [WARNING] [cloud-relay-host] background poll skipped SyntaxError: Unexpected token '<', "<!DOCTYPE "... is not valid JSON @ http://localhost:3000/static/js/bundle.js:176
[ 8128330ms] [ERROR] Failed to load resource: the server responded with a status of 404 (Not Found) @ http://localhost:3000/api/cloud-relay-host/tasks/process:0
[ 8128330ms] [WARNING] [cloud-relay-host] background poll skipped SyntaxError: Unexpected token '<', "<!DOCTYPE "... is not valid JSON @ http://localhost:3000/static/js/bundle.js:176
[ 8188054ms] [ERROR] Failed to load resource: the server responded with a status of 404 (Not Found) @ http://localhost:3000/api/cloud-relay-host/tasks/process:0
[ 8188056ms] [WARNING] [cloud-relay-host] background poll skipped SyntaxError: Unexpected token '<', "<!DOCTYPE "... is not valid JSON @ http://localhost:3000/static/js/bundle.js:176
[ 8248340ms] [ERROR] Failed to load resource: the server responded with a status of 404 (Not Found) @ http://localhost:3000/api/cloud-relay-host/tasks/process:0
[ 8248340ms] [WARNING] [cloud-relay-host] background poll skipped SyntaxError: Unexpected token '<', "<!DOCTYPE "... is not valid JSON @ http://localhost:3000/static/js/bundle.js:176
[ 8308057ms] [ERROR] Failed to load resource: the server responded with a status of 404 (Not Found) @ http://localhost:3000/api/cloud-relay-host/tasks/process:0
[ 8308060ms] [WARNING] [cloud-relay-host] background poll skipped SyntaxError: Unexpected token '<', "<!DOCTYPE "... is not valid JSON @ http://localhost:3000/static/js/bundle.js:176
[ 8368341ms] [ERROR] Failed to load resource: the server responded with a status of 404 (Not Found) @ http://localhost:3000/api/cloud-relay-host/tasks/process:0
[ 8368342ms] [WARNING] [cloud-relay-host] background poll skipped SyntaxError: Unexpected token '<', "<!DOCTYPE "... is not valid JSON @ http://localhost:3000/static/js/bundle.js:176
[ 8428054ms] [ERROR] Failed to load resource: the server responded with a status of 404 (Not Found) @ http://localhost:3000/api/cloud-relay-host/tasks/process:0
[ 8428056ms] [WARNING] [cloud-relay-host] background poll skipped SyntaxError: Unexpected token '<', "<!DOCTYPE "... is not valid JSON @ http://localhost:3000/static/js/bundle.js:176
[ 8488338ms] [ERROR] Failed to load resource: the server responded with a status of 404 (Not Found) @ http://localhost:3000/api/cloud-relay-host/tasks/process:0
[ 8488338ms] [WARNING] [cloud-relay-host] background poll skipped SyntaxError: Unexpected token '<', "<!DOCTYPE "... is not valid JSON @ http://localhost:3000/static/js/bundle.js:176
[ 8548042ms] [ERROR] Failed to load resource: the server responded with a status of 404 (Not Found) @ http://localhost:3000/api/cloud-relay-host/tasks/process:0
[ 8548042ms] [WARNING] [cloud-relay-host] background poll skipped SyntaxError: Unexpected token '<', "<!DOCTYPE "... is not valid JSON @ http://localhost:3000/static/js/bundle.js:176
[ 8608361ms] [ERROR] Failed to load resource: the server responded with a status of 404 (Not Found) @ http://localhost:3000/api/cloud-relay-host/tasks/process:0
[ 8608363ms] [WARNING] [cloud-relay-host] background poll skipped SyntaxError: Unexpected token '<', "<!DOCTYPE "... is not valid JSON @ http://localhost:3000/static/js/bundle.js:176
[ 8668044ms] [ERROR] Failed to load resource: the server responded with a status of 404 (Not Found) @ http://localhost:3000/api/cloud-relay-host/tasks/process:0
[ 8668044ms] [WARNING] [cloud-relay-host] background poll skipped SyntaxError: Unexpected token '<', "<!DOCTYPE "... is not valid JSON @ http://localhost:3000/static/js/bundle.js:176
[ 8728351ms] [ERROR] Failed to load resource: the server responded with a status of 404 (Not Found) @ http://localhost:3000/api/cloud-relay-host/tasks/process:0
[ 8728351ms] [WARNING] [cloud-relay-host] background poll skipped SyntaxError: Unexpected token '<', "<!DOCTYPE "... is not valid JSON @ http://localhost:3000/static/js/bundle.js:176
[ 8788044ms] [ERROR] Failed to load resource: the server responded with a status of 404 (Not Found) @ http://localhost:3000/api/cloud-relay-host/tasks/process:0
[ 8788045ms] [WARNING] [cloud-relay-host] background poll skipped SyntaxError: Unexpected token '<', "<!DOCTYPE "... is not valid JSON @ http://localhost:3000/static/js/bundle.js:176
[ 8848336ms] [ERROR] Failed to load resource: the server responded with a status of 404 (Not Found) @ http://localhost:3000/api/cloud-relay-host/tasks/process:0
[ 8848337ms] [WARNING] [cloud-relay-host] background poll skipped SyntaxError: Unexpected token '<', "<!DOCTYPE "... is not valid JSON @ http://localhost:3000/static/js/bundle.js:176
[ 8908045ms] [ERROR] Failed to load resource: the server responded with a status of 404 (Not Found) @ http://localhost:3000/api/cloud-relay-host/tasks/process:0
[ 8908046ms] [WARNING] [cloud-relay-host] background poll skipped SyntaxError: Unexpected token '<', "<!DOCTYPE "... is not valid JSON @ http://localhost:3000/static/js/bundle.js:176
[ 8968346ms] [ERROR] Failed to load resource: the server responded with a status of 404 (Not Found) @ http://localhost:3000/api/cloud-relay-host/tasks/process:0
[ 8968347ms] [WARNING] [cloud-relay-host] background poll skipped SyntaxError: Unexpected token '<', "<!DOCTYPE "... is not valid JSON @ http://localhost:3000/static/js/bundle.js:176
[ 9028056ms] [ERROR] Failed to load resource: the server responded with a status of 404 (Not Found) @ http://localhost:3000/api/cloud-relay-host/tasks/process:0
[ 9028058ms] [WARNING] [cloud-relay-host] background poll skipped SyntaxError: Unexpected token '<', "<!DOCTYPE "... is not valid JSON @ http://localhost:3000/static/js/bundle.js:176
[ 9088353ms] [ERROR] Failed to load resource: the server responded with a status of 404 (Not Found) @ http://localhost:3000/api/cloud-relay-host/tasks/process:0
[ 9088353ms] [WARNING] [cloud-relay-host] background poll skipped SyntaxError: Unexpected token '<', "<!DOCTYPE "... is not valid JSON @ http://localhost:3000/static/js/bundle.js:176
[ 9148062ms] [ERROR] Failed to load resource: the server responded with a status of 404 (Not Found) @ http://localhost:3000/api/cloud-relay-host/tasks/process:0
[ 9148064ms] [WARNING] [cloud-relay-host] background poll skipped SyntaxError: Unexpected token '<', "<!DOCTYPE "... is not valid JSON @ http://localhost:3000/static/js/bundle.js:176
[ 9208358ms] [ERROR] Failed to load resource: the server responded with a status of 404 (Not Found) @ http://localhost:3000/api/cloud-relay-host/tasks/process:0
[ 9208359ms] [WARNING] [cloud-relay-host] background poll skipped SyntaxError: Unexpected token '<', "<!DOCTYPE "... is not valid JSON @ http://localhost:3000/static/js/bundle.js:176
[ 9268046ms] [ERROR] Failed to load resource: the server responded with a status of 404 (Not Found) @ http://localhost:3000/api/cloud-relay-host/tasks/process:0
[ 9268046ms] [WARNING] [cloud-relay-host] background poll skipped SyntaxError: Unexpected token '<', "<!DOCTYPE "... is not valid JSON @ http://localhost:3000/static/js/bundle.js:176
[ 9328398ms] [ERROR] Failed to load resource: the server responded with a status of 404 (Not Found) @ http://localhost:3000/api/cloud-relay-host/tasks/process:0
[ 9328401ms] [WARNING] [cloud-relay-host] background poll skipped SyntaxError: Unexpected token '<', "<!DOCTYPE "... is not valid JSON @ http://localhost:3000/static/js/bundle.js:176
[ 9388056ms] [ERROR] Failed to load resource: the server responded with a status of 404 (Not Found) @ http://localhost:3000/api/cloud-relay-host/tasks/process:0
[ 9388057ms] [WARNING] [cloud-relay-host] background poll skipped SyntaxError: Unexpected token '<', "<!DOCTYPE "... is not valid JSON @ http://localhost:3000/static/js/bundle.js:176
[ 9448358ms] [ERROR] Failed to load resource: the server responded with a status of 404 (Not Found) @ http://localhost:3000/api/cloud-relay-host/tasks/process:0
[ 9448359ms] [WARNING] [cloud-relay-host] background poll skipped SyntaxError: Unexpected token '<', "<!DOCTYPE "... is not valid JSON @ http://localhost:3000/static/js/bundle.js:176
[ 9508072ms] [ERROR] Failed to load resource: the server responded with a status of 404 (Not Found) @ http://localhost:3000/api/cloud-relay-host/tasks/process:0
[ 9508074ms] [WARNING] [cloud-relay-host] background poll skipped SyntaxError: Unexpected token '<', "<!DOCTYPE "... is not valid JSON @ http://localhost:3000/static/js/bundle.js:176
[ 9568357ms] [ERROR] Failed to load resource: the server responded with a status of 404 (Not Found) @ http://localhost:3000/api/cloud-relay-host/tasks/process:0
[ 9568357ms] [WARNING] [cloud-relay-host] background poll skipped SyntaxError: Unexpected token '<', "<!DOCTYPE "... is not valid JSON @ http://localhost:3000/static/js/bundle.js:176
[ 9628087ms] [ERROR] Failed to load resource: the server responded with a status of 404 (Not Found) @ http://localhost:3000/api/cloud-relay-host/tasks/process:0
[ 9628089ms] [WARNING] [cloud-relay-host] background poll skipped SyntaxError: Unexpected token '<', "<!DOCTYPE "... is not valid JSON @ http://localhost:3000/static/js/bundle.js:176
[ 9688403ms] [ERROR] Failed to load resource: the server responded with a status of 404 (Not Found) @ http://localhost:3000/api/cloud-relay-host/tasks/process:0
[ 9688408ms] [WARNING] [cloud-relay-host] background poll skipped SyntaxError: Unexpected token '<', "<!DOCTYPE "... is not valid JSON @ http://localhost:3000/static/js/bundle.js:176
[ 9748060ms] [ERROR] Failed to load resource: the server responded with a status of 404 (Not Found) @ http://localhost:3000/api/cloud-relay-host/tasks/process:0
[ 9748060ms] [WARNING] [cloud-relay-host] background poll skipped SyntaxError: Unexpected token '<', "<!DOCTYPE "... is not valid JSON @ http://localhost:3000/static/js/bundle.js:176
[ 9808367ms] [ERROR] Failed to load resource: the server responded with a status of 404 (Not Found) @ http://localhost:3000/api/cloud-relay-host/tasks/process:0
[ 9808367ms] [WARNING] [cloud-relay-host] background poll skipped SyntaxError: Unexpected token '<', "<!DOCTYPE "... is not valid JSON @ http://localhost:3000/static/js/bundle.js:176
[ 9868057ms] [ERROR] Failed to load resource: the server responded with a status of 404 (Not Found) @ http://localhost:3000/api/cloud-relay-host/tasks/process:0
[ 9868057ms] [WARNING] [cloud-relay-host] background poll skipped SyntaxError: Unexpected token '<', "<!DOCTYPE "... is not valid JSON @ http://localhost:3000/static/js/bundle.js:176
[ 9928385ms] [ERROR] Failed to load resource: the server responded with a status of 404 (Not Found) @ http://localhost:3000/api/cloud-relay-host/tasks/process:0
[ 9928387ms] [WARNING] [cloud-relay-host] background poll skipped SyntaxError: Unexpected token '<', "<!DOCTYPE "... is not valid JSON @ http://localhost:3000/static/js/bundle.js:176
[ 9988063ms] [ERROR] Failed to load resource: the server responded with a status of 404 (Not Found) @ http://localhost:3000/api/cloud-relay-host/tasks/process:0
[ 9988064ms] [WARNING] [cloud-relay-host] background poll skipped SyntaxError: Unexpected token '<', "<!DOCTYPE "... is not valid JSON @ http://localhost:3000/static/js/bundle.js:176
[10048365ms] [ERROR] Failed to load resource: the server responded with a status of 404 (Not Found) @ http://localhost:3000/api/cloud-relay-host/tasks/process:0
[10048365ms] [WARNING] [cloud-relay-host] background poll skipped SyntaxError: Unexpected token '<', "<!DOCTYPE "... is not valid JSON @ http://localhost:3000/static/js/bundle.js:176
[10108064ms] [ERROR] Failed to load resource: the server responded with a status of 404 (Not Found) @ http://localhost:3000/api/cloud-relay-host/tasks/process:0
[10108064ms] [WARNING] [cloud-relay-host] background poll skipped SyntaxError: Unexpected token '<', "<!DOCTYPE "... is not valid JSON @ http://localhost:3000/static/js/bundle.js:176
[10168365ms] [ERROR] Failed to load resource: the server responded with a status of 404 (Not Found) @ http://localhost:3000/api/cloud-relay-host/tasks/process:0
[10168366ms] [WARNING] [cloud-relay-host] background poll skipped SyntaxError: Unexpected token '<', "<!DOCTYPE "... is not valid JSON @ http://localhost:3000/static/js/bundle.js:176
[10228070ms] [ERROR] Failed to load resource: the server responded with a status of 404 (Not Found) @ http://localhost:3000/api/cloud-relay-host/tasks/process:0
[10228071ms] [WARNING] [cloud-relay-host] background poll skipped SyntaxError: Unexpected token '<', "<!DOCTYPE "... is not valid JSON @ http://localhost:3000/static/js/bundle.js:176
[10288377ms] [ERROR] Failed to load resource: the server responded with a status of 404 (Not Found) @ http://localhost:3000/api/cloud-relay-host/tasks/process:0
[10288377ms] [WARNING] [cloud-relay-host] background poll skipped SyntaxError: Unexpected token '<', "<!DOCTYPE "... is not valid JSON @ http://localhost:3000/static/js/bundle.js:176
[10348079ms] [ERROR] Failed to load resource: the server responded with a status of 404 (Not Found) @ http://localhost:3000/api/cloud-relay-host/tasks/process:0
[10348081ms] [WARNING] [cloud-relay-host] background poll skipped SyntaxError: Unexpected token '<', "<!DOCTYPE "... is not valid JSON @ http://localhost:3000/static/js/bundle.js:176
[10408368ms] [ERROR] Failed to load resource: the server responded with a status of 404 (Not Found) @ http://localhost:3000/api/cloud-relay-host/tasks/process:0
[10408369ms] [WARNING] [cloud-relay-host] background poll skipped SyntaxError: Unexpected token '<', "<!DOCTYPE "... is not valid JSON @ http://localhost:3000/static/js/bundle.js:176
[10468067ms] [ERROR] Failed to load resource: the server responded with a status of 404 (Not Found) @ http://localhost:3000/api/cloud-relay-host/tasks/process:0
[10468068ms] [WARNING] [cloud-relay-host] background poll skipped SyntaxError: Unexpected token '<', "<!DOCTYPE "... is not valid JSON @ http://localhost:3000/static/js/bundle.js:176
[10528380ms] [ERROR] Failed to load resource: the server responded with a status of 404 (Not Found) @ http://localhost:3000/api/cloud-relay-host/tasks/process:0
[10528381ms] [WARNING] [cloud-relay-host] background poll skipped SyntaxError: Unexpected token '<', "<!DOCTYPE "... is not valid JSON @ http://localhost:3000/static/js/bundle.js:176
[10588079ms] [ERROR] Failed to load resource: the server responded with a status of 404 (Not Found) @ http://localhost:3000/api/cloud-relay-host/tasks/process:0
[10588079ms] [WARNING] [cloud-relay-host] background poll skipped SyntaxError: Unexpected token '<', "<!DOCTYPE "... is not valid JSON @ http://localhost:3000/static/js/bundle.js:176
[10648374ms] [ERROR] Failed to load resource: the server responded with a status of 404 (Not Found) @ http://localhost:3000/api/cloud-relay-host/tasks/process:0
[10648375ms] [WARNING] [cloud-relay-host] background poll skipped SyntaxError: Unexpected token '<', "<!DOCTYPE "... is not valid JSON @ http://localhost:3000/static/js/bundle.js:176
[10708097ms] [ERROR] Failed to load resource: the server responded with a status of 404 (Not Found) @ http://localhost:3000/api/cloud-relay-host/tasks/process:0
[10708099ms] [WARNING] [cloud-relay-host] background poll skipped SyntaxError: Unexpected token '<', "<!DOCTYPE "... is not valid JSON @ http://localhost:3000/static/js/bundle.js:176
[10768381ms] [ERROR] Failed to load resource: the server responded with a status of 404 (Not Found) @ http://localhost:3000/api/cloud-relay-host/tasks/process:0
[10768382ms] [WARNING] [cloud-relay-host] background poll skipped SyntaxError: Unexpected token '<', "<!DOCTYPE "... is not valid JSON @ http://localhost:3000/static/js/bundle.js:176
[10828079ms] [ERROR] Failed to load resource: the server responded with a status of 404 (Not Found) @ http://localhost:3000/api/cloud-relay-host/tasks/process:0
[10828080ms] [WARNING] [cloud-relay-host] background poll skipped SyntaxError: Unexpected token '<', "<!DOCTYPE "... is not valid JSON @ http://localhost:3000/static/js/bundle.js:176
[10888384ms] [ERROR] Failed to load resource: the server responded with a status of 404 (Not Found) @ http://localhost:3000/api/cloud-relay-host/tasks/process:0
[10888385ms] [WARNING] [cloud-relay-host] background poll skipped SyntaxError: Unexpected token '<', "<!DOCTYPE "... is not valid JSON @ http://localhost:3000/static/js/bundle.js:176
[10948108ms] [ERROR] Failed to load resource: the server responded with a status of 404 (Not Found) @ http://localhost:3000/api/cloud-relay-host/tasks/process:0
[10948110ms] [WARNING] [cloud-relay-host] background poll skipped SyntaxError: Unexpected token '<', "<!DOCTYPE "... is not valid JSON @ http://localhost:3000/static/js/bundle.js:176
[11008390ms] [ERROR] Failed to load resource: the server responded with a status of 404 (Not Found) @ http://localhost:3000/api/cloud-relay-host/tasks/process:0
[11008391ms] [WARNING] [cloud-relay-host] background poll skipped SyntaxError: Unexpected token '<', "<!DOCTYPE "... is not valid JSON @ http://localhost:3000/static/js/bundle.js:176
[11068081ms] [ERROR] Failed to load resource: the server responded with a status of 404 (Not Found) @ http://localhost:3000/api/cloud-relay-host/tasks/process:0
[11068082ms] [WARNING] [cloud-relay-host] background poll skipped SyntaxError: Unexpected token '<', "<!DOCTYPE "... is not valid JSON @ http://localhost:3000/static/js/bundle.js:176
[11128405ms] [ERROR] Failed to load resource: the server responded with a status of 404 (Not Found) @ http://localhost:3000/api/cloud-relay-host/tasks/process:0
[11128405ms] [WARNING] [cloud-relay-host] background poll skipped SyntaxError: Unexpected token '<', "<!DOCTYPE "... is not valid JSON @ http://localhost:3000/static/js/bundle.js:176
[11188085ms] [ERROR] Failed to load resource: the server responded with a status of 404 (Not Found) @ http://localhost:3000/api/cloud-relay-host/tasks/process:0
[11188085ms] [WARNING] [cloud-relay-host] background poll skipped SyntaxError: Unexpected token '<', "<!DOCTYPE "... is not valid JSON @ http://localhost:3000/static/js/bundle.js:176
[11248389ms] [ERROR] Failed to load resource: the server responded with a status of 404 (Not Found) @ http://localhost:3000/api/cloud-relay-host/tasks/process:0
[11248390ms] [WARNING] [cloud-relay-host] background poll skipped SyntaxError: Unexpected token '<', "<!DOCTYPE "... is not valid JSON @ http://localhost:3000/static/js/bundle.js:176
[11308091ms] [ERROR] Failed to load resource: the server responded with a status of 404 (Not Found) @ http://localhost:3000/api/cloud-relay-host/tasks/process:0
[11308091ms] [WARNING] [cloud-relay-host] background poll skipped SyntaxError: Unexpected token '<', "<!DOCTYPE "... is not valid JSON @ http://localhost:3000/static/js/bundle.js:176
[11368396ms] [ERROR] Failed to load resource: the server responded with a status of 404 (Not Found) @ http://localhost:3000/api/cloud-relay-host/tasks/process:0
[11368396ms] [WARNING] [cloud-relay-host] background poll skipped SyntaxError: Unexpected token '<', "<!DOCTYPE "... is not valid JSON @ http://localhost:3000/static/js/bundle.js:176
[11428088ms] [ERROR] Failed to load resource: the server responded with a status of 404 (Not Found) @ http://localhost:3000/api/cloud-relay-host/tasks/process:0
[11428088ms] [WARNING] [cloud-relay-host] background poll skipped SyntaxError: Unexpected token '<', "<!DOCTYPE "... is not valid JSON @ http://localhost:3000/static/js/bundle.js:176
[11488424ms] [ERROR] Failed to load resource: the server responded with a status of 404 (Not Found) @ http://localhost:3000/api/cloud-relay-host/tasks/process:0
[11488426ms] [WARNING] [cloud-relay-host] background poll skipped SyntaxError: Unexpected token '<', "<!DOCTYPE "... is not valid JSON @ http://localhost:3000/static/js/bundle.js:176
[11548086ms] [ERROR] Failed to load resource: the server responded with a status of 404 (Not Found) @ http://localhost:3000/api/cloud-relay-host/tasks/process:0
[11548086ms] [WARNING] [cloud-relay-host] background poll skipped SyntaxError: Unexpected token '<', "<!DOCTYPE "... is not valid JSON @ http://localhost:3000/static/js/bundle.js:176
[11608434ms] [ERROR] Failed to load resource: the server responded with a status of 404 (Not Found) @ http://localhost:3000/api/cloud-relay-host/tasks/process:0
[11608436ms] [WARNING] [cloud-relay-host] background poll skipped SyntaxError: Unexpected token '<', "<!DOCTYPE "... is not valid JSON @ http://localhost:3000/static/js/bundle.js:176
[11668128ms] [ERROR] Failed to load resource: the server responded with a status of 404 (Not Found) @ http://localhost:3000/api/cloud-relay-host/tasks/process:0
[11668130ms] [WARNING] [cloud-relay-host] background poll skipped SyntaxError: Unexpected token '<', "<!DOCTYPE "... is not valid JSON @ http://localhost:3000/static/js/bundle.js:176
[11728397ms] [ERROR] Failed to load resource: the server responded with a status of 404 (Not Found) @ http://localhost:3000/api/cloud-relay-host/tasks/process:0
[11728398ms] [WARNING] [cloud-relay-host] background poll skipped SyntaxError: Unexpected token '<', "<!DOCTYPE "... is not valid JSON @ http://localhost:3000/static/js/bundle.js:176
[11788090ms] [ERROR] Failed to load resource: the server responded with a status of 404 (Not Found) @ http://localhost:3000/api/cloud-relay-host/tasks/process:0
[11788091ms] [WARNING] [cloud-relay-host] background poll skipped SyntaxError: Unexpected token '<', "<!DOCTYPE "... is not valid JSON @ http://localhost:3000/static/js/bundle.js:176
[11848406ms] [ERROR] Failed to load resource: the server responded with a status of 404 (Not Found) @ http://localhost:3000/api/cloud-relay-host/tasks/process:0
[11848407ms] [WARNING] [cloud-relay-host] background poll skipped SyntaxError: Unexpected token '<', "<!DOCTYPE "... is not valid JSON @ http://localhost:3000/static/js/bundle.js:176
[11908112ms] [ERROR] Failed to load resource: the server responded with a status of 404 (Not Found) @ http://localhost:3000/api/cloud-relay-host/tasks/process:0
[11908114ms] [WARNING] [cloud-relay-host] background poll skipped SyntaxError: Unexpected token '<', "<!DOCTYPE "... is not valid JSON @ http://localhost:3000/static/js/bundle.js:176
[11968403ms] [ERROR] Failed to load resource: the server responded with a status of 404 (Not Found) @ http://localhost:3000/api/cloud-relay-host/tasks/process:0
[11968404ms] [WARNING] [cloud-relay-host] background poll skipped SyntaxError: Unexpected token '<', "<!DOCTYPE "... is not valid JSON @ http://localhost:3000/static/js/bundle.js:176
[12028128ms] [ERROR] Failed to load resource: the server responded with a status of 404 (Not Found) @ http://localhost:3000/api/cloud-relay-host/tasks/process:0
[12028131ms] [WARNING] [cloud-relay-host] background poll skipped SyntaxError: Unexpected token '<', "<!DOCTYPE "... is not valid JSON @ http://localhost:3000/static/js/bundle.js:176
[12088411ms] [ERROR] Failed to load resource: the server responded with a status of 404 (Not Found) @ http://localhost:3000/api/cloud-relay-host/tasks/process:0
[12088412ms] [WARNING] [cloud-relay-host] background poll skipped SyntaxError: Unexpected token '<', "<!DOCTYPE "... is not valid JSON @ http://localhost:3000/static/js/bundle.js:176
[12148119ms] [ERROR] Failed to load resource: the server responded with a status of 404 (Not Found) @ http://localhost:3000/api/cloud-relay-host/tasks/process:0
[12148120ms] [WARNING] [cloud-relay-host] background poll skipped SyntaxError: Unexpected token '<', "<!DOCTYPE "... is not valid JSON @ http://localhost:3000/static/js/bundle.js:176
[12208420ms] [ERROR] Failed to load resource: the server responded with a status of 404 (Not Found) @ http://localhost:3000/api/cloud-relay-host/tasks/process:0
[12208421ms] [WARNING] [cloud-relay-host] background poll skipped SyntaxError: Unexpected token '<', "<!DOCTYPE "... is not valid JSON @ http://localhost:3000/static/js/bundle.js:176
[12268101ms] [ERROR] Failed to load resource: the server responded with a status of 404 (Not Found) @ http://localhost:3000/api/cloud-relay-host/tasks/process:0
[12268102ms] [WARNING] [cloud-relay-host] background poll skipped SyntaxError: Unexpected token '<', "<!DOCTYPE "... is not valid JSON @ http://localhost:3000/static/js/bundle.js:176
[12328440ms] [ERROR] Failed to load resource: the server responded with a status of 404 (Not Found) @ http://localhost:3000/api/cloud-relay-host/tasks/process:0
[12328442ms] [WARNING] [cloud-relay-host] background poll skipped SyntaxError: Unexpected token '<', "<!DOCTYPE "... is not valid JSON @ http://localhost:3000/static/js/bundle.js:176
[12388110ms] [ERROR] Failed to load resource: the server responded with a status of 404 (Not Found) @ http://localhost:3000/api/cloud-relay-host/tasks/process:0
[12388110ms] [WARNING] [cloud-relay-host] background poll skipped SyntaxError: Unexpected token '<', "<!DOCTYPE "... is not valid JSON @ http://localhost:3000/static/js/bundle.js:176
[12448424ms] [ERROR] Failed to load resource: the server responded with a status of 404 (Not Found) @ http://localhost:3000/api/cloud-relay-host/tasks/process:0
[12448425ms] [WARNING] [cloud-relay-host] background poll skipped SyntaxError: Unexpected token '<', "<!DOCTYPE "... is not valid JSON @ http://localhost:3000/static/js/bundle.js:176
[12508108ms] [ERROR] Failed to load resource: the server responded with a status of 404 (Not Found) @ http://localhost:3000/api/cloud-relay-host/tasks/process:0
[12508108ms] [WARNING] [cloud-relay-host] background poll skipped SyntaxError: Unexpected token '<', "<!DOCTYPE "... is not valid JSON @ http://localhost:3000/static/js/bundle.js:176
[12568410ms] [ERROR] Failed to load resource: the server responded with a status of 404 (Not Found) @ http://localhost:3000/api/cloud-relay-host/tasks/process:0
[12568411ms] [WARNING] [cloud-relay-host] background poll skipped SyntaxError: Unexpected token '<', "<!DOCTYPE "... is not valid JSON @ http://localhost:3000/static/js/bundle.js:176
[12628126ms] [ERROR] Failed to load resource: the server responded with a status of 404 (Not Found) @ http://localhost:3000/api/cloud-relay-host/tasks/process:0
[12628128ms] [WARNING] [cloud-relay-host] background poll skipped SyntaxError: Unexpected token '<', "<!DOCTYPE "... is not valid JSON @ http://localhost:3000/static/js/bundle.js:176
[12688419ms] [ERROR] Failed to load resource: the server responded with a status of 404 (Not Found) @ http://localhost:3000/api/cloud-relay-host/tasks/process:0
[12688420ms] [WARNING] [cloud-relay-host] background poll skipped SyntaxError: Unexpected token '<', "<!DOCTYPE "... is not valid JSON @ http://localhost:3000/static/js/bundle.js:176
[12748117ms] [ERROR] Failed to load resource: the server responded with a status of 404 (Not Found) @ http://localhost:3000/api/cloud-relay-host/tasks/process:0
[12748117ms] [WARNING] [cloud-relay-host] background poll skipped SyntaxError: Unexpected token '<', "<!DOCTYPE "... is not valid JSON @ http://localhost:3000/static/js/bundle.js:176
[12808471ms] [ERROR] Failed to load resource: the server responded with a status of 404 (Not Found) @ http://localhost:3000/api/cloud-relay-host/tasks/process:0
[12808473ms] [WARNING] [cloud-relay-host] background poll skipped SyntaxError: Unexpected token '<', "<!DOCTYPE "... is not valid JSON @ http://localhost:3000/static/js/bundle.js:176
[12868122ms] [ERROR] Failed to load resource: the server responded with a status of 404 (Not Found) @ http://localhost:3000/api/cloud-relay-host/tasks/process:0
[12868123ms] [WARNING] [cloud-relay-host] background poll skipped SyntaxError: Unexpected token '<', "<!DOCTYPE "... is not valid JSON @ http://localhost:3000/static/js/bundle.js:176
[12928423ms] [ERROR] Failed to load resource: the server responded with a status of 404 (Not Found) @ http://localhost:3000/api/cloud-relay-host/tasks/process:0
[12928423ms] [WARNING] [cloud-relay-host] background poll skipped SyntaxError: Unexpected token '<', "<!DOCTYPE "... is not valid JSON @ http://localhost:3000/static/js/bundle.js:176
[12988115ms] [ERROR] Failed to load resource: the server responded with a status of 404 (Not Found) @ http://localhost:3000/api/cloud-relay-host/tasks/process:0
[12988116ms] [WARNING] [cloud-relay-host] background poll skipped SyntaxError: Unexpected token '<', "<!DOCTYPE "... is not valid JSON @ http://localhost:3000/static/js/bundle.js:176
[13048446ms] [ERROR] Failed to load resource: the server responded with a status of 404 (Not Found) @ http://localhost:3000/api/cloud-relay-host/tasks/process:0
[13048448ms] [WARNING] [cloud-relay-host] background poll skipped SyntaxError: Unexpected token '<', "<!DOCTYPE "... is not valid JSON @ http://localhost:3000/static/js/bundle.js:176
[13108120ms] [ERROR] Failed to load resource: the server responded with a status of 404 (Not Found) @ http://localhost:3000/api/cloud-relay-host/tasks/process:0
[13108120ms] [WARNING] [cloud-relay-host] background poll skipped SyntaxError: Unexpected token '<', "<!DOCTYPE "... is not valid JSON @ http://localhost:3000/static/js/bundle.js:176
[13168464ms] [ERROR] Failed to load resource: the server responded with a status of 404 (Not Found) @ http://localhost:3000/api/cloud-relay-host/tasks/process:0
[13168466ms] [WARNING] [cloud-relay-host] background poll skipped SyntaxError: Unexpected token '<', "<!DOCTYPE "... is not valid JSON @ http://localhost:3000/static/js/bundle.js:176
[13228117ms] [ERROR] Failed to load resource: the server responded with a status of 404 (Not Found) @ http://localhost:3000/api/cloud-relay-host/tasks/process:0
[13228117ms] [WARNING] [cloud-relay-host] background poll skipped SyntaxError: Unexpected token '<', "<!DOCTYPE "... is not valid JSON @ http://localhost:3000/static/js/bundle.js:176
[13288464ms] [ERROR] Failed to load resource: the server responded with a status of 404 (Not Found) @ http://localhost:3000/api/cloud-relay-host/tasks/process:0
[13288466ms] [WARNING] [cloud-relay-host] background poll skipped SyntaxError: Unexpected token '<', "<!DOCTYPE "... is not valid JSON @ http://localhost:3000/static/js/bundle.js:176
[13348128ms] [ERROR] Failed to load resource: the server responded with a status of 404 (Not Found) @ http://localhost:3000/api/cloud-relay-host/tasks/process:0
[13348129ms] [WARNING] [cloud-relay-host] background poll skipped SyntaxError: Unexpected token '<', "<!DOCTYPE "... is not valid JSON @ http://localhost:3000/static/js/bundle.js:176
[13408443ms] [ERROR] Failed to load resource: the server responded with a status of 404 (Not Found) @ http://localhost:3000/api/cloud-relay-host/tasks/process:0
[13408445ms] [WARNING] [cloud-relay-host] background poll skipped SyntaxError: Unexpected token '<', "<!DOCTYPE "... is not valid JSON @ http://localhost:3000/static/js/bundle.js:176
[13468126ms] [ERROR] Failed to load resource: the server responded with a status of 404 (Not Found) @ http://localhost:3000/api/cloud-relay-host/tasks/process:0
[13468127ms] [WARNING] [cloud-relay-host] background poll skipped SyntaxError: Unexpected token '<', "<!DOCTYPE "... is not valid JSON @ http://localhost:3000/static/js/bundle.js:176
[13528458ms] [ERROR] Failed to load resource: the server responded with a status of 404 (Not Found) @ http://localhost:3000/api/cloud-relay-host/tasks/process:0
[13528459ms] [WARNING] [cloud-relay-host] background poll skipped SyntaxError: Unexpected token '<', "<!DOCTYPE "... is not valid JSON @ http://localhost:3000/static/js/bundle.js:176
[13588124ms] [ERROR] Failed to load resource: the server responded with a status of 404 (Not Found) @ http://localhost:3000/api/cloud-relay-host/tasks/process:0
[13588124ms] [WARNING] [cloud-relay-host] background poll skipped SyntaxError: Unexpected token '<', "<!DOCTYPE "... is not valid JSON @ http://localhost:3000/static/js/bundle.js:176
[13648438ms] [ERROR] Failed to load resource: the server responded with a status of 404 (Not Found) @ http://localhost:3000/api/cloud-relay-host/tasks/process:0
[13648439ms] [WARNING] [cloud-relay-host] background poll skipped SyntaxError: Unexpected token '<', "<!DOCTYPE "... is not valid JSON @ http://localhost:3000/static/js/bundle.js:176
[13708148ms] [ERROR] Failed to load resource: the server responded with a status of 404 (Not Found) @ http://localhost:3000/api/cloud-relay-host/tasks/process:0
[13708149ms] [WARNING] [cloud-relay-host] background poll skipped SyntaxError: Unexpected token '<', "<!DOCTYPE "... is not valid JSON @ http://localhost:3000/static/js/bundle.js:176
[13768432ms] [ERROR] Failed to load resource: the server responded with a status of 404 (Not Found) @ http://localhost:3000/api/cloud-relay-host/tasks/process:0
[13768433ms] [WARNING] [cloud-relay-host] background poll skipped SyntaxError: Unexpected token '<', "<!DOCTYPE "... is not valid JSON @ http://localhost:3000/static/js/bundle.js:176
[13828168ms] [ERROR] Failed to load resource: the server responded with a status of 404 (Not Found) @ http://localhost:3000/api/cloud-relay-host/tasks/process:0
[13828170ms] [WARNING] [cloud-relay-host] background poll skipped SyntaxError: Unexpected token '<', "<!DOCTYPE "... is not valid JSON @ http://localhost:3000/static/js/bundle.js:176
[13888451ms] [ERROR] Failed to load resource: the server responded with a status of 404 (Not Found) @ http://localhost:3000/api/cloud-relay-host/tasks/process:0
[13888451ms] [WARNING] [cloud-relay-host] background poll skipped SyntaxError: Unexpected token '<', "<!DOCTYPE "... is not valid JSON @ http://localhost:3000/static/js/bundle.js:176
[13948163ms] [ERROR] Failed to load resource: the server responded with a status of 404 (Not Found) @ http://localhost:3000/api/cloud-relay-host/tasks/process:0
[13948169ms] [WARNING] [cloud-relay-host] background poll skipped SyntaxError: Unexpected token '<', "<!DOCTYPE "... is not valid JSON @ http://localhost:3000/static/js/bundle.js:176
[14008481ms] [ERROR] Failed to load resource: the server responded with a status of 404 (Not Found) @ http://localhost:3000/api/cloud-relay-host/tasks/process:0
[14008484ms] [WARNING] [cloud-relay-host] background poll skipped SyntaxError: Unexpected token '<', "<!DOCTYPE "... is not valid JSON @ http://localhost:3000/static/js/bundle.js:176
[14068135ms] [ERROR] Failed to load resource: the server responded with a status of 404 (Not Found) @ http://localhost:3000/api/cloud-relay-host/tasks/process:0
[14068135ms] [WARNING] [cloud-relay-host] background poll skipped SyntaxError: Unexpected token '<', "<!DOCTYPE "... is not valid JSON @ http://localhost:3000/static/js/bundle.js:176
[14128485ms] [ERROR] Failed to load resource: the server responded with a status of 404 (Not Found) @ http://localhost:3000/api/cloud-relay-host/tasks/process:0
[14128487ms] [WARNING] [cloud-relay-host] background poll skipped SyntaxError: Unexpected token '<', "<!DOCTYPE "... is not valid JSON @ http://localhost:3000/static/js/bundle.js:176
[14188137ms] [ERROR] Failed to load resource: the server responded with a status of 404 (Not Found) @ http://localhost:3000/api/cloud-relay-host/tasks/process:0
[14188137ms] [WARNING] [cloud-relay-host] background poll skipped SyntaxError: Unexpected token '<', "<!DOCTYPE "... is not valid JSON @ http://localhost:3000/static/js/bundle.js:176
[14248489ms] [ERROR] Failed to load resource: the server responded with a status of 404 (Not Found) @ http://localhost:3000/api/cloud-relay-host/tasks/process:0
[14248490ms] [WARNING] [cloud-relay-host] background poll skipped SyntaxError: Unexpected token '<', "<!DOCTYPE "... is not valid JSON @ http://localhost:3000/static/js/bundle.js:176
[14308133ms] [ERROR] Failed to load resource: the server responded with a status of 404 (Not Found) @ http://localhost:3000/api/cloud-relay-host/tasks/process:0
[14308133ms] [WARNING] [cloud-relay-host] background poll skipped SyntaxError: Unexpected token '<', "<!DOCTYPE "... is not valid JSON @ http://localhost:3000/static/js/bundle.js:176
[14368490ms] [ERROR] Failed to load resource: the server responded with a status of 404 (Not Found) @ http://localhost:3000/api/cloud-relay-host/tasks/process:0
[14368491ms] [WARNING] [cloud-relay-host] background poll skipped SyntaxError: Unexpected token '<', "<!DOCTYPE "... is not valid JSON @ http://localhost:3000/static/js/bundle.js:176
[14428142ms] [ERROR] Failed to load resource: the server responded with a status of 404 (Not Found) @ http://localhost:3000/api/cloud-relay-host/tasks/process:0
[14428142ms] [WARNING] [cloud-relay-host] background poll skipped SyntaxError: Unexpected token '<', "<!DOCTYPE "... is not valid JSON @ http://localhost:3000/static/js/bundle.js:176
[14488452ms] [ERROR] Failed to load resource: the server responded with a status of 404 (Not Found) @ http://localhost:3000/api/cloud-relay-host/tasks/process:0
[14488453ms] [WARNING] [cloud-relay-host] background poll skipped SyntaxError: Unexpected token '<', "<!DOCTYPE "... is not valid JSON @ http://localhost:3000/static/js/bundle.js:176
[14548140ms] [ERROR] Failed to load resource: the server responded with a status of 404 (Not Found) @ http://localhost:3000/api/cloud-relay-host/tasks/process:0
[14548140ms] [WARNING] [cloud-relay-host] background poll skipped SyntaxError: Unexpected token '<', "<!DOCTYPE "... is not valid JSON @ http://localhost:3000/static/js/bundle.js:176
[14608447ms] [ERROR] Failed to load resource: the server responded with a status of 404 (Not Found) @ http://localhost:3000/api/cloud-relay-host/tasks/process:0
[14608448ms] [WARNING] [cloud-relay-host] background poll skipped SyntaxError: Unexpected token '<', "<!DOCTYPE "... is not valid JSON @ http://localhost:3000/static/js/bundle.js:176
[14668139ms] [ERROR] Failed to load resource: the server responded with a status of 404 (Not Found) @ http://localhost:3000/api/cloud-relay-host/tasks/process:0
[14668140ms] [WARNING] [cloud-relay-host] background poll skipped SyntaxError: Unexpected token '<', "<!DOCTYPE "... is not valid JSON @ http://localhost:3000/static/js/bundle.js:176
[14728456ms] [ERROR] Failed to load resource: the server responded with a status of 404 (Not Found) @ http://localhost:3000/api/cloud-relay-host/tasks/process:0
[14728457ms] [WARNING] [cloud-relay-host] background poll skipped SyntaxError: Unexpected token '<', "<!DOCTYPE "... is not valid JSON @ http://localhost:3000/static/js/bundle.js:176
[14788165ms] [ERROR] Failed to load resource: the server responded with a status of 404 (Not Found) @ http://localhost:3000/api/cloud-relay-host/tasks/process:0
[14788167ms] [WARNING] [cloud-relay-host] background poll skipped SyntaxError: Unexpected token '<', "<!DOCTYPE "... is not valid JSON @ http://localhost:3000/static/js/bundle.js:176
[14848450ms] [ERROR] Failed to load resource: the server responded with a status of 404 (Not Found) @ http://localhost:3000/api/cloud-relay-host/tasks/process:0
[14848451ms] [WARNING] [cloud-relay-host] background poll skipped SyntaxError: Unexpected token '<', "<!DOCTYPE "... is not valid JSON @ http://localhost:3000/static/js/bundle.js:176
[14908173ms] [ERROR] Failed to load resource: the server responded with a status of 404 (Not Found) @ http://localhost:3000/api/cloud-relay-host/tasks/process:0
[14908175ms] [WARNING] [cloud-relay-host] background poll skipped SyntaxError: Unexpected token '<', "<!DOCTYPE "... is not valid JSON @ http://localhost:3000/static/js/bundle.js:176
[14968456ms] [ERROR] Failed to load resource: the server responded with a status of 404 (Not Found) @ http://localhost:3000/api/cloud-relay-host/tasks/process:0
[14968457ms] [WARNING] [cloud-relay-host] background poll skipped SyntaxError: Unexpected token '<', "<!DOCTYPE "... is not valid JSON @ http://localhost:3000/static/js/bundle.js:176
[15028185ms] [ERROR] Failed to load resource: the server responded with a status of 404 (Not Found) @ http://localhost:3000/api/cloud-relay-host/tasks/process:0
[15028187ms] [WARNING] [cloud-relay-host] background poll skipped SyntaxError: Unexpected token '<', "<!DOCTYPE "... is not valid JSON @ http://localhost:3000/static/js/bundle.js:176
[15088500ms] [ERROR] Failed to load resource: the server responded with a status of 404 (Not Found) @ http://localhost:3000/api/cloud-relay-host/tasks/process:0
[15088502ms] [WARNING] [cloud-relay-host] background poll skipped SyntaxError: Unexpected token '<', "<!DOCTYPE "... is not valid JSON @ http://localhost:3000/static/js/bundle.js:176
[15148460ms] [ERROR] Failed to load resource: the server responded with a status of 404 (Not Found) @ http://localhost:3000/api/cloud-relay-host/tasks/process:0
[15148461ms] [WARNING] [cloud-relay-host] background poll skipped SyntaxError: Unexpected token '<', "<!DOCTYPE "... is not valid JSON @ http://localhost:3000/static/js/bundle.js:176
[15208163ms] [ERROR] Failed to load resource: the server responded with a status of 404 (Not Found) @ http://localhost:3000/api/cloud-relay-host/tasks/process:0
[15208163ms] [WARNING] [cloud-relay-host] background poll skipped SyntaxError: Unexpected token '<', "<!DOCTYPE "... is not valid JSON @ http://localhost:3000/static/js/bundle.js:176
[15268469ms] [ERROR] Failed to load resource: the server responded with a status of 404 (Not Found) @ http://localhost:3000/api/cloud-relay-host/tasks/process:0
[15268470ms] [WARNING] [cloud-relay-host] background poll skipped SyntaxError: Unexpected token '<', "<!DOCTYPE "... is not valid JSON @ http://localhost:3000/static/js/bundle.js:176
[15328189ms] [ERROR] Failed to load resource: the server responded with a status of 404 (Not Found) @ http://localhost:3000/api/cloud-relay-host/tasks/process:0
[15328191ms] [WARNING] [cloud-relay-host] background poll skipped SyntaxError: Unexpected token '<', "<!DOCTYPE "... is not valid JSON @ http://localhost:3000/static/js/bundle.js:176
[15388458ms] [ERROR] Failed to load resource: the server responded with a status of 404 (Not Found) @ http://localhost:3000/api/cloud-relay-host/tasks/process:0
[15388458ms] [WARNING] [cloud-relay-host] background poll skipped SyntaxError: Unexpected token '<', "<!DOCTYPE "... is not valid JSON @ http://localhost:3000/static/js/bundle.js:176
[15448191ms] [ERROR] Failed to load resource: the server responded with a status of 404 (Not Found) @ http://localhost:3000/api/cloud-relay-host/tasks/process:0
[15448193ms] [WARNING] [cloud-relay-host] background poll skipped SyntaxError: Unexpected token '<', "<!DOCTYPE "... is not valid JSON @ http://localhost:3000/static/js/bundle.js:176
[15508463ms] [ERROR] Failed to load resource: the server responded with a status of 404 (Not Found) @ http://localhost:3000/api/cloud-relay-host/tasks/process:0
[15508464ms] [WARNING] [cloud-relay-host] background poll skipped SyntaxError: Unexpected token '<', "<!DOCTYPE "... is not valid JSON @ http://localhost:3000/static/js/bundle.js:176
[15568189ms] [ERROR] Failed to load resource: the server responded with a status of 404 (Not Found) @ http://localhost:3000/api/cloud-relay-host/tasks/process:0
[15568191ms] [WARNING] [cloud-relay-host] background poll skipped SyntaxError: Unexpected token '<', "<!DOCTYPE "... is not valid JSON @ http://localhost:3000/static/js/bundle.js:176
[15628468ms] [ERROR] Failed to load resource: the server responded with a status of 404 (Not Found) @ http://localhost:3000/api/cloud-relay-host/tasks/process:0
[15628468ms] [WARNING] [cloud-relay-host] background poll skipped SyntaxError: Unexpected token '<', "<!DOCTYPE "... is not valid JSON @ http://localhost:3000/static/js/bundle.js:176
[15688163ms] [ERROR] Failed to load resource: the server responded with a status of 404 (Not Found) @ http://localhost:3000/api/cloud-relay-host/tasks/process:0
[15688163ms] [WARNING] [cloud-relay-host] background poll skipped SyntaxError: Unexpected token '<', "<!DOCTYPE "... is not valid JSON @ http://localhost:3000/static/js/bundle.js:176
[15748517ms] [ERROR] Failed to load resource: the server responded with a status of 404 (Not Found) @ http://localhost:3000/api/cloud-relay-host/tasks/process:0
[15748521ms] [WARNING] [cloud-relay-host] background poll skipped SyntaxError: Unexpected token '<', "<!DOCTYPE "... is not valid JSON @ http://localhost:3000/static/js/bundle.js:176
[15808160ms] [ERROR] Failed to load resource: the server responded with a status of 404 (Not Found) @ http://localhost:3000/api/cloud-relay-host/tasks/process:0
[15808161ms] [WARNING] [cloud-relay-host] background poll skipped SyntaxError: Unexpected token '<', "<!DOCTYPE "... is not valid JSON @ http://localhost:3000/static/js/bundle.js:176
[15868503ms] [ERROR] Failed to load resource: the server responded with a status of 404 (Not Found) @ http://localhost:3000/api/cloud-relay-host/tasks/process:0
[15868505ms] [WARNING] [cloud-relay-host] background poll skipped SyntaxError: Unexpected token '<', "<!DOCTYPE "... is not valid JSON @ http://localhost:3000/static/js/bundle.js:176
[15928165ms] [ERROR] Failed to load resource: the server responded with a status of 404 (Not Found) @ http://localhost:3000/api/cloud-relay-host/tasks/process:0
[15928166ms] [WARNING] [cloud-relay-host] background poll skipped SyntaxError: Unexpected token '<', "<!DOCTYPE "... is not valid JSON @ http://localhost:3000/static/js/bundle.js:176
[15988466ms] [ERROR] Failed to load resource: the server responded with a status of 404 (Not Found) @ http://localhost:3000/api/cloud-relay-host/tasks/process:0
[15988467ms] [WARNING] [cloud-relay-host] background poll skipped SyntaxError: Unexpected token '<', "<!DOCTYPE "... is not valid JSON @ http://localhost:3000/static/js/bundle.js:176
[16048172ms] [ERROR] Failed to load resource: the server responded with a status of 404 (Not Found) @ http://localhost:3000/api/cloud-relay-host/tasks/process:0
[16048172ms] [WARNING] [cloud-relay-host] background poll skipped SyntaxError: Unexpected token '<', "<!DOCTYPE "... is not valid JSON @ http://localhost:3000/static/js/bundle.js:176
[16108500ms] [ERROR] Failed to load resource: the server responded with a status of 404 (Not Found) @ http://localhost:3000/api/cloud-relay-host/tasks/process:0
[16108503ms] [WARNING] [cloud-relay-host] background poll skipped SyntaxError: Unexpected token '<', "<!DOCTYPE "... is not valid JSON @ http://localhost:3000/static/js/bundle.js:176
[16168170ms] [ERROR] Failed to load resource: the server responded with a status of 404 (Not Found) @ http://localhost:3000/api/cloud-relay-host/tasks/process:0
[16168170ms] [WARNING] [cloud-relay-host] background poll skipped SyntaxError: Unexpected token '<', "<!DOCTYPE "... is not valid JSON @ http://localhost:3000/static/js/bundle.js:176
[16228505ms] [ERROR] Failed to load resource: the server responded with a status of 404 (Not Found) @ http://localhost:3000/api/cloud-relay-host/tasks/process:0
[16228506ms] [WARNING] [cloud-relay-host] background poll skipped SyntaxError: Unexpected token '<', "<!DOCTYPE "... is not valid JSON @ http://localhost:3000/static/js/bundle.js:176
[16288176ms] [ERROR] Failed to load resource: the server responded with a status of 404 (Not Found) @ http://localhost:3000/api/cloud-relay-host/tasks/process:0
[16288177ms] [WARNING] [cloud-relay-host] background poll skipped SyntaxError: Unexpected token '<', "<!DOCTYPE "... is not valid JSON @ http://localhost:3000/static/js/bundle.js:176
[16348477ms] [ERROR] Failed to load resource: the server responded with a status of 404 (Not Found) @ http://localhost:3000/api/cloud-relay-host/tasks/process:0
[16348478ms] [WARNING] [cloud-relay-host] background poll skipped SyntaxError: Unexpected token '<', "<!DOCTYPE "... is not valid JSON @ http://localhost:3000/static/js/bundle.js:176
[16408176ms] [ERROR] Failed to load resource: the server responded with a status of 404 (Not Found) @ http://localhost:3000/api/cloud-relay-host/tasks/process:0
[16408177ms] [WARNING] [cloud-relay-host] background poll skipped SyntaxError: Unexpected token '<', "<!DOCTYPE "... is not valid JSON @ http://localhost:3000/static/js/bundle.js:176
[16468485ms] [ERROR] Failed to load resource: the server responded with a status of 404 (Not Found) @ http://localhost:3000/api/cloud-relay-host/tasks/process:0
[16468485ms] [WARNING] [cloud-relay-host] background poll skipped SyntaxError: Unexpected token '<', "<!DOCTYPE "... is not valid JSON @ http://localhost:3000/static/js/bundle.js:176
[16528185ms] [ERROR] Failed to load resource: the server responded with a status of 404 (Not Found) @ http://localhost:3000/api/cloud-relay-host/tasks/process:0
[16528186ms] [WARNING] [cloud-relay-host] background poll skipped SyntaxError: Unexpected token '<', "<!DOCTYPE "... is not valid JSON @ http://localhost:3000/static/js/bundle.js:176
[16588524ms] [ERROR] Failed to load resource: the server responded with a status of 404 (Not Found) @ http://localhost:3000/api/cloud-relay-host/tasks/process:0
[16588526ms] [WARNING] [cloud-relay-host] background poll skipped SyntaxError: Unexpected token '<', "<!DOCTYPE "... is not valid JSON @ http://localhost:3000/static/js/bundle.js:176
[16648186ms] [ERROR] Failed to load resource: the server responded with a status of 404 (Not Found) @ http://localhost:3000/api/cloud-relay-host/tasks/process:0
[16648186ms] [WARNING] [cloud-relay-host] background poll skipped SyntaxError: Unexpected token '<', "<!DOCTYPE "... is not valid JSON @ http://localhost:3000/static/js/bundle.js:176
[16708529ms] [ERROR] Failed to load resource: the server responded with a status of 404 (Not Found) @ http://localhost:3000/api/cloud-relay-host/tasks/process:0
[16708533ms] [WARNING] [cloud-relay-host] background poll skipped SyntaxError: Unexpected token '<', "<!DOCTYPE "... is not valid JSON @ http://localhost:3000/static/js/bundle.js:176
[16768188ms] [ERROR] Failed to load resource: the server responded with a status of 404 (Not Found) @ http://localhost:3000/api/cloud-relay-host/tasks/process:0
[16768189ms] [WARNING] [cloud-relay-host] background poll skipped SyntaxError: Unexpected token '<', "<!DOCTYPE "... is not valid JSON @ http://localhost:3000/static/js/bundle.js:176
[16828485ms] [ERROR] Failed to load resource: the server responded with a status of 404 (Not Found) @ http://localhost:3000/api/cloud-relay-host/tasks/process:0
[16828486ms] [WARNING] [cloud-relay-host] background poll skipped SyntaxError: Unexpected token '<', "<!DOCTYPE "... is not valid JSON @ http://localhost:3000/static/js/bundle.js:176
[16888186ms] [ERROR] Failed to load resource: the server responded with a status of 404 (Not Found) @ http://localhost:3000/api/cloud-relay-host/tasks/process:0
[16888186ms] [WARNING] [cloud-relay-host] background poll skipped SyntaxError: Unexpected token '<', "<!DOCTYPE "... is not valid JSON @ http://localhost:3000/static/js/bundle.js:176
[16948500ms] [ERROR] Failed to load resource: the server responded with a status of 404 (Not Found) @ http://localhost:3000/api/cloud-relay-host/tasks/process:0
[16948501ms] [WARNING] [cloud-relay-host] background poll skipped SyntaxError: Unexpected token '<', "<!DOCTYPE "... is not valid JSON @ http://localhost:3000/static/js/bundle.js:176
[17008188ms] [ERROR] Failed to load resource: the server responded with a status of 404 (Not Found) @ http://localhost:3000/api/cloud-relay-host/tasks/process:0
[17008188ms] [WARNING] [cloud-relay-host] background poll skipped SyntaxError: Unexpected token '<', "<!DOCTYPE "... is not valid JSON @ http://localhost:3000/static/js/bundle.js:176
[17068553ms] [ERROR] Failed to load resource: the server responded with a status of 404 (Not Found) @ http://localhost:3000/api/cloud-relay-host/tasks/process:0
[17068555ms] [WARNING] [cloud-relay-host] background poll skipped SyntaxError: Unexpected token '<', "<!DOCTYPE "... is not valid JSON @ http://localhost:3000/static/js/bundle.js:176
[17128197ms] [ERROR] Failed to load resource: the server responded with a status of 404 (Not Found) @ http://localhost:3000/api/cloud-relay-host/tasks/process:0
[17128197ms] [WARNING] [cloud-relay-host] background poll skipped SyntaxError: Unexpected token '<', "<!DOCTYPE "... is not valid JSON @ http://localhost:3000/static/js/bundle.js:176
[17188536ms] [ERROR] Failed to load resource: the server responded with a status of 404 (Not Found) @ http://localhost:3000/api/cloud-relay-host/tasks/process:0
[17188539ms] [WARNING] [cloud-relay-host] background poll skipped SyntaxError: Unexpected token '<', "<!DOCTYPE "... is not valid JSON @ http://localhost:3000/static/js/bundle.js:176
[17248193ms] [ERROR] Failed to load resource: the server responded with a status of 404 (Not Found) @ http://localhost:3000/api/cloud-relay-host/tasks/process:0
[17248194ms] [WARNING] [cloud-relay-host] background poll skipped SyntaxError: Unexpected token '<', "<!DOCTYPE "... is not valid JSON @ http://localhost:3000/static/js/bundle.js:176
[17308499ms] [ERROR] Failed to load resource: the server responded with a status of 404 (Not Found) @ http://localhost:3000/api/cloud-relay-host/tasks/process:0
[17308500ms] [WARNING] [cloud-relay-host] background poll skipped SyntaxError: Unexpected token '<', "<!DOCTYPE "... is not valid JSON @ http://localhost:3000/static/js/bundle.js:176
[17368230ms] [ERROR] Failed to load resource: the server responded with a status of 404 (Not Found) @ http://localhost:3000/api/cloud-relay-host/tasks/process:0
[17368232ms] [WARNING] [cloud-relay-host] background poll skipped SyntaxError: Unexpected token '<', "<!DOCTYPE "... is not valid JSON @ http://localhost:3000/static/js/bundle.js:176
[17428505ms] [ERROR] Failed to load resource: the server responded with a status of 404 (Not Found) @ http://localhost:3000/api/cloud-relay-host/tasks/process:0
[17428505ms] [WARNING] [cloud-relay-host] background poll skipped SyntaxError: Unexpected token '<', "<!DOCTYPE "... is not valid JSON @ http://localhost:3000/static/js/bundle.js:176
[17488214ms] [ERROR] Failed to load resource: the server responded with a status of 404 (Not Found) @ http://localhost:3000/api/cloud-relay-host/tasks/process:0
[17488217ms] [WARNING] [cloud-relay-host] background poll skipped SyntaxError: Unexpected token '<', "<!DOCTYPE "... is not valid JSON @ http://localhost:3000/static/js/bundle.js:176
[17548521ms] [ERROR] Failed to load resource: the server responded with a status of 404 (Not Found) @ http://localhost:3000/api/cloud-relay-host/tasks/process:0
[17548522ms] [WARNING] [cloud-relay-host] background poll skipped SyntaxError: Unexpected token '<', "<!DOCTYPE "... is not valid JSON @ http://localhost:3000/static/js/bundle.js:176
[17608265ms] [ERROR] Failed to load resource: the server responded with a status of 404 (Not Found) @ http://localhost:3000/api/cloud-relay-host/tasks/process:0
[17608267ms] [WARNING] [cloud-relay-host] background poll skipped SyntaxError: Unexpected token '<', "<!DOCTYPE "... is not valid JSON @ http://localhost:3000/static/js/bundle.js:176
[17668510ms] [ERROR] Failed to load resource: the server responded with a status of 404 (Not Found) @ http://localhost:3000/api/cloud-relay-host/tasks/process:0
[17668510ms] [WARNING] [cloud-relay-host] background poll skipped SyntaxError: Unexpected token '<', "<!DOCTYPE "... is not valid JSON @ http://localhost:3000/static/js/bundle.js:176
[17728324ms] [ERROR] Failed to load resource: the server responded with a status of 404 (Not Found) @ http://localhost:3000/api/cloud-relay-host/tasks/process:0
[17728334ms] [WARNING] [cloud-relay-host] background poll skipped SyntaxError: Unexpected token '<', "<!DOCTYPE "... is not valid JSON @ http://localhost:3000/static/js/bundle.js:176
[17788508ms] [ERROR] Failed to load resource: the server responded with a status of 404 (Not Found) @ http://localhost:3000/api/cloud-relay-host/tasks/process:0
[17788508ms] [WARNING] [cloud-relay-host] background poll skipped SyntaxError: Unexpected token '<', "<!DOCTYPE "... is not valid JSON @ http://localhost:3000/static/js/bundle.js:176
[17848224ms] [ERROR] Failed to load resource: the server responded with a status of 404 (Not Found) @ http://localhost:3000/api/cloud-relay-host/tasks/process:0
[17848229ms] [WARNING] [cloud-relay-host] background poll skipped SyntaxError: Unexpected token '<', "<!DOCTYPE "... is not valid JSON @ http://localhost:3000/static/js/bundle.js:176
[17908510ms] [ERROR] Failed to load resource: the server responded with a status of 404 (Not Found) @ http://localhost:3000/api/cloud-relay-host/tasks/process:0
[17908510ms] [WARNING] [cloud-relay-host] background poll skipped SyntaxError: Unexpected token '<', "<!DOCTYPE "... is not valid JSON @ http://localhost:3000/static/js/bundle.js:176
[17968205ms] [ERROR] Failed to load resource: the server responded with a status of 404 (Not Found) @ http://localhost:3000/api/cloud-relay-host/tasks/process:0
[17968206ms] [WARNING] [cloud-relay-host] background poll skipped SyntaxError: Unexpected token '<', "<!DOCTYPE "... is not valid JSON @ http://localhost:3000/static/js/bundle.js:176
[18028513ms] [ERROR] Failed to load resource: the server responded with a status of 404 (Not Found) @ http://localhost:3000/api/cloud-relay-host/tasks/process:0
[18028513ms] [WARNING] [cloud-relay-host] background poll skipped SyntaxError: Unexpected token '<', "<!DOCTYPE "... is not valid JSON @ http://localhost:3000/static/js/bundle.js:176
[18088227ms] [ERROR] Failed to load resource: the server responded with a status of 404 (Not Found) @ http://localhost:3000/api/cloud-relay-host/tasks/process:0
[18088230ms] [WARNING] [cloud-relay-host] background poll skipped SyntaxError: Unexpected token '<', "<!DOCTYPE "... is not valid JSON @ http://localhost:3000/static/js/bundle.js:176
[18148529ms] [ERROR] Failed to load resource: the server responded with a status of 404 (Not Found) @ http://localhost:3000/api/cloud-relay-host/tasks/process:0
[18148531ms] [WARNING] [cloud-relay-host] background poll skipped SyntaxError: Unexpected token '<', "<!DOCTYPE "... is not valid JSON @ http://localhost:3000/static/js/bundle.js:176
[18208209ms] [ERROR] Failed to load resource: the server responded with a status of 404 (Not Found) @ http://localhost:3000/api/cloud-relay-host/tasks/process:0
[18208209ms] [WARNING] [cloud-relay-host] background poll skipped SyntaxError: Unexpected token '<', "<!DOCTYPE "... is not valid JSON @ http://localhost:3000/static/js/bundle.js:176
[18268519ms] [ERROR] Failed to load resource: the server responded with a status of 404 (Not Found) @ http://localhost:3000/api/cloud-relay-host/tasks/process:0
[18268520ms] [WARNING] [cloud-relay-host] background poll skipped SyntaxError: Unexpected token '<', "<!DOCTYPE "... is not valid JSON @ http://localhost:3000/static/js/bundle.js:176
[18328217ms] [ERROR] Failed to load resource: the server responded with a status of 404 (Not Found) @ http://localhost:3000/api/cloud-relay-host/tasks/process:0
[18328218ms] [WARNING] [cloud-relay-host] background poll skipped SyntaxError: Unexpected token '<', "<!DOCTYPE "... is not valid JSON @ http://localhost:3000/static/js/bundle.js:176
[18388519ms] [ERROR] Failed to load resource: the server responded with a status of 404 (Not Found) @ http://localhost:3000/api/cloud-relay-host/tasks/process:0
[18388519ms] [WARNING] [cloud-relay-host] background poll skipped SyntaxError: Unexpected token '<', "<!DOCTYPE "... is not valid JSON @ http://localhost:3000/static/js/bundle.js:176
[18448217ms] [ERROR] Failed to load resource: the server responded with a status of 404 (Not Found) @ http://localhost:3000/api/cloud-relay-host/tasks/process:0
[18448217ms] [WARNING] [cloud-relay-host] background poll skipped SyntaxError: Unexpected token '<', "<!DOCTYPE "... is not valid JSON @ http://localhost:3000/static/js/bundle.js:176
[18508521ms] [ERROR] Failed to load resource: the server responded with a status of 404 (Not Found) @ http://localhost:3000/api/cloud-relay-host/tasks/process:0
[18508522ms] [WARNING] [cloud-relay-host] background poll skipped SyntaxError: Unexpected token '<', "<!DOCTYPE "... is not valid JSON @ http://localhost:3000/static/js/bundle.js:176
[18568214ms] [ERROR] Failed to load resource: the server responded with a status of 404 (Not Found) @ http://localhost:3000/api/cloud-relay-host/tasks/process:0
[18568215ms] [WARNING] [cloud-relay-host] background poll skipped SyntaxError: Unexpected token '<', "<!DOCTYPE "... is not valid JSON @ http://localhost:3000/static/js/bundle.js:176
[18628517ms] [ERROR] Failed to load resource: the server responded with a status of 404 (Not Found) @ http://localhost:3000/api/cloud-relay-host/tasks/process:0
[18628517ms] [WARNING] [cloud-relay-host] background poll skipped SyntaxError: Unexpected token '<', "<!DOCTYPE "... is not valid JSON @ http://localhost:3000/static/js/bundle.js:176
[18688224ms] [ERROR] Failed to load resource: the server responded with a status of 404 (Not Found) @ http://localhost:3000/api/cloud-relay-host/tasks/process:0
[18688224ms] [WARNING] [cloud-relay-host] background poll skipped SyntaxError: Unexpected token '<', "<!DOCTYPE "... is not valid JSON @ http://localhost:3000/static/js/bundle.js:176
[18748654ms] [ERROR] Failed to load resource: the server responded with a status of 404 (Not Found) @ http://localhost:3000/api/cloud-relay-host/tasks/process:0
[18748656ms] [WARNING] [cloud-relay-host] background poll skipped SyntaxError: Unexpected token '<', "<!DOCTYPE "... is not valid JSON @ http://localhost:3000/static/js/bundle.js:176
[18808233ms] [ERROR] Failed to load resource: the server responded with a status of 404 (Not Found) @ http://localhost:3000/api/cloud-relay-host/tasks/process:0
[18808233ms] [WARNING] [cloud-relay-host] background poll skipped SyntaxError: Unexpected token '<', "<!DOCTYPE "... is not valid JSON @ http://localhost:3000/static/js/bundle.js:176
[18868521ms] [ERROR] Failed to load resource: the server responded with a status of 404 (Not Found) @ http://localhost:3000/api/cloud-relay-host/tasks/process:0
[18868521ms] [WARNING] [cloud-relay-host] background poll skipped SyntaxError: Unexpected token '<', "<!DOCTYPE "... is not valid JSON @ http://localhost:3000/static/js/bundle.js:176
[18928275ms] [ERROR] Failed to load resource: the server responded with a status of 404 (Not Found) @ http://localhost:3000/api/cloud-relay-host/tasks/process:0
[18928277ms] [WARNING] [cloud-relay-host] background poll skipped SyntaxError: Unexpected token '<', "<!DOCTYPE "... is not valid JSON @ http://localhost:3000/static/js/bundle.js:176
[18988579ms] [ERROR] Failed to load resource: the server responded with a status of 404 (Not Found) @ http://localhost:3000/api/cloud-relay-host/tasks/process:0
[18988583ms] [WARNING] [cloud-relay-host] background poll skipped SyntaxError: Unexpected token '<', "<!DOCTYPE "... is not valid JSON @ http://localhost:3000/static/js/bundle.js:176
[19048229ms] [ERROR] Failed to load resource: the server responded with a status of 404 (Not Found) @ http://localhost:3000/api/cloud-relay-host/tasks/process:0
[19048229ms] [WARNING] [cloud-relay-host] background poll skipped SyntaxError: Unexpected token '<', "<!DOCTYPE "... is not valid JSON @ http://localhost:3000/static/js/bundle.js:176
[19108535ms] [ERROR] Failed to load resource: the server responded with a status of 404 (Not Found) @ http://localhost:3000/api/cloud-relay-host/tasks/process:0
[19108535ms] [WARNING] [cloud-relay-host] background poll skipped SyntaxError: Unexpected token '<', "<!DOCTYPE "... is not valid JSON @ http://localhost:3000/static/js/bundle.js:176
[19168270ms] [ERROR] Failed to load resource: the server responded with a status of 404 (Not Found) @ http://localhost:3000/api/cloud-relay-host/tasks/process:0
[19168273ms] [WARNING] [cloud-relay-host] background poll skipped SyntaxError: Unexpected token '<', "<!DOCTYPE "... is not valid JSON @ http://localhost:3000/static/js/bundle.js:176
[19228536ms] [ERROR] Failed to load resource: the server responded with a status of 404 (Not Found) @ http://localhost:3000/api/cloud-relay-host/tasks/process:0
[19228536ms] [WARNING] [cloud-relay-host] background poll skipped SyntaxError: Unexpected token '<', "<!DOCTYPE "... is not valid JSON @ http://localhost:3000/static/js/bundle.js:176
[19288255ms] [ERROR] Failed to load resource: the server responded with a status of 404 (Not Found) @ http://localhost:3000/api/cloud-relay-host/tasks/process:0
[19288258ms] [WARNING] [cloud-relay-host] background poll skipped SyntaxError: Unexpected token '<', "<!DOCTYPE "... is not valid JSON @ http://localhost:3000/static/js/bundle.js:176
[19348533ms] [ERROR] Failed to load resource: the server responded with a status of 404 (Not Found) @ http://localhost:3000/api/cloud-relay-host/tasks/process:0
[19348533ms] [WARNING] [cloud-relay-host] background poll skipped SyntaxError: Unexpected token '<', "<!DOCTYPE "... is not valid JSON @ http://localhost:3000/static/js/bundle.js:176
[19408287ms] [ERROR] Failed to load resource: the server responded with a status of 404 (Not Found) @ http://localhost:3000/api/cloud-relay-host/tasks/process:0
[19408289ms] [WARNING] [cloud-relay-host] background poll skipped SyntaxError: Unexpected token '<', "<!DOCTYPE "... is not valid JSON @ http://localhost:3000/static/js/bundle.js:176
[19468538ms] [ERROR] Failed to load resource: the server responded with a status of 404 (Not Found) @ http://localhost:3000/api/cloud-relay-host/tasks/process:0
[19468538ms] [WARNING] [cloud-relay-host] background poll skipped SyntaxError: Unexpected token '<', "<!DOCTYPE "... is not valid JSON @ http://localhost:3000/static/js/bundle.js:176
[19528843ms] [ERROR] Failed to load resource: the server responded with a status of 404 (Not Found) @ http://localhost:3000/api/cloud-relay-host/tasks/process:0
[19528844ms] [WARNING] [cloud-relay-host] background poll skipped SyntaxError: Unexpected token '<', "<!DOCTYPE "... is not valid JSON @ http://localhost:3000/static/js/bundle.js:176
[19588546ms] [ERROR] Failed to load resource: the server responded with a status of 404 (Not Found) @ http://localhost:3000/api/cloud-relay-host/tasks/process:0
[19588549ms] [WARNING] [cloud-relay-host] background poll skipped SyntaxError: Unexpected token '<', "<!DOCTYPE "... is not valid JSON @ http://localhost:3000/static/js/bundle.js:176
[19648239ms] [ERROR] Failed to load resource: the server responded with a status of 404 (Not Found) @ http://localhost:3000/api/cloud-relay-host/tasks/process:0
[19648239ms] [WARNING] [cloud-relay-host] background poll skipped SyntaxError: Unexpected token '<', "<!DOCTYPE "... is not valid JSON @ http://localhost:3000/static/js/bundle.js:176
[19708538ms] [ERROR] Failed to load resource: the server responded with a status of 404 (Not Found) @ http://localhost:3000/api/cloud-relay-host/tasks/process:0
[19708539ms] [WARNING] [cloud-relay-host] background poll skipped SyntaxError: Unexpected token '<', "<!DOCTYPE "... is not valid JSON @ http://localhost:3000/static/js/bundle.js:176
[19768243ms] [ERROR] Failed to load resource: the server responded with a status of 404 (Not Found) @ http://localhost:3000/api/cloud-relay-host/tasks/process:0
[19768244ms] [WARNING] [cloud-relay-host] background poll skipped SyntaxError: Unexpected token '<', "<!DOCTYPE "... is not valid JSON @ http://localhost:3000/static/js/bundle.js:176
[19828551ms] [ERROR] Failed to load resource: the server responded with a status of 404 (Not Found) @ http://localhost:3000/api/cloud-relay-host/tasks/process:0
[19828552ms] [WARNING] [cloud-relay-host] background poll skipped SyntaxError: Unexpected token '<', "<!DOCTYPE "... is not valid JSON @ http://localhost:3000/static/js/bundle.js:176
[19888247ms] [ERROR] Failed to load resource: the server responded with a status of 404 (Not Found) @ http://localhost:3000/api/cloud-relay-host/tasks/process:0
[19888248ms] [WARNING] [cloud-relay-host] background poll skipped SyntaxError: Unexpected token '<', "<!DOCTYPE "... is not valid JSON @ http://localhost:3000/static/js/bundle.js:176
[19948575ms] [ERROR] Failed to load resource: the server responded with a status of 404 (Not Found) @ http://localhost:3000/api/cloud-relay-host/tasks/process:0
[19948576ms] [WARNING] [cloud-relay-host] background poll skipped SyntaxError: Unexpected token '<', "<!DOCTYPE "... is not valid JSON @ http://localhost:3000/static/js/bundle.js:176
[20008268ms] [ERROR] Failed to load resource: the server responded with a status of 404 (Not Found) @ http://localhost:3000/api/cloud-relay-host/tasks/process:0
[20008269ms] [WARNING] [cloud-relay-host] background poll skipped SyntaxError: Unexpected token '<', "<!DOCTYPE "... is not valid JSON @ http://localhost:3000/static/js/bundle.js:176
[20068572ms] [ERROR] Failed to load resource: the server responded with a status of 404 (Not Found) @ http://localhost:3000/api/cloud-relay-host/tasks/process:0
[20068572ms] [WARNING] [cloud-relay-host] background poll skipped SyntaxError: Unexpected token '<', "<!DOCTYPE "... is not valid JSON @ http://localhost:3000/static/js/bundle.js:176
[20128251ms] [ERROR] Failed to load resource: the server responded with a status of 404 (Not Found) @ http://localhost:3000/api/cloud-relay-host/tasks/process:0
[20128252ms] [WARNING] [cloud-relay-host] background poll skipped SyntaxError: Unexpected token '<', "<!DOCTYPE "... is not valid JSON @ http://localhost:3000/static/js/bundle.js:176
[20188557ms] [ERROR] Failed to load resource: the server responded with a status of 404 (Not Found) @ http://localhost:3000/api/cloud-relay-host/tasks/process:0
[20188558ms] [WARNING] [cloud-relay-host] background poll skipped SyntaxError: Unexpected token '<', "<!DOCTYPE "... is not valid JSON @ http://localhost:3000/static/js/bundle.js:176
[20248252ms] [ERROR] Failed to load resource: the server responded with a status of 404 (Not Found) @ http://localhost:3000/api/cloud-relay-host/tasks/process:0
[20248253ms] [WARNING] [cloud-relay-host] background poll skipped SyntaxError: Unexpected token '<', "<!DOCTYPE "... is not valid JSON @ http://localhost:3000/static/js/bundle.js:176
[20308569ms] [ERROR] Failed to load resource: the server responded with a status of 404 (Not Found) @ http://localhost:3000/api/cloud-relay-host/tasks/process:0
[20308570ms] [WARNING] [cloud-relay-host] background poll skipped SyntaxError: Unexpected token '<', "<!DOCTYPE "... is not valid JSON @ http://localhost:3000/static/js/bundle.js:176
[20368255ms] [ERROR] Failed to load resource: the server responded with a status of 404 (Not Found) @ http://localhost:3000/api/cloud-relay-host/tasks/process:0
[20368256ms] [WARNING] [cloud-relay-host] background poll skipped SyntaxError: Unexpected token '<', "<!DOCTYPE "... is not valid JSON @ http://localhost:3000/static/js/bundle.js:176
[20428554ms] [ERROR] Failed to load resource: the server responded with a status of 404 (Not Found) @ http://localhost:3000/api/cloud-relay-host/tasks/process:0
[20428555ms] [WARNING] [cloud-relay-host] background poll skipped SyntaxError: Unexpected token '<', "<!DOCTYPE "... is not valid JSON @ http://localhost:3000/static/js/bundle.js:176
[20488253ms] [ERROR] Failed to load resource: the server responded with a status of 404 (Not Found) @ http://localhost:3000/api/cloud-relay-host/tasks/process:0
[20488254ms] [WARNING] [cloud-relay-host] background poll skipped SyntaxError: Unexpected token '<', "<!DOCTYPE "... is not valid JSON @ http://localhost:3000/static/js/bundle.js:176
[20548549ms] [ERROR] Failed to load resource: the server responded with a status of 404 (Not Found) @ http://localhost:3000/api/cloud-relay-host/tasks/process:0
[20548549ms] [WARNING] [cloud-relay-host] background poll skipped SyntaxError: Unexpected token '<', "<!DOCTYPE "... is not valid JSON @ http://localhost:3000/static/js/bundle.js:176
[20608263ms] [ERROR] Failed to load resource: the server responded with a status of 404 (Not Found) @ http://localhost:3000/api/cloud-relay-host/tasks/process:0
[20608265ms] [WARNING] [cloud-relay-host] background poll skipped SyntaxError: Unexpected token '<', "<!DOCTYPE "... is not valid JSON @ http://localhost:3000/static/js/bundle.js:176
[20668554ms] [ERROR] Failed to load resource: the server responded with a status of 404 (Not Found) @ http://localhost:3000/api/cloud-relay-host/tasks/process:0
[20668554ms] [WARNING] [cloud-relay-host] background poll skipped SyntaxError: Unexpected token '<', "<!DOCTYPE "... is not valid JSON @ http://localhost:3000/static/js/bundle.js:176
[20728248ms] [ERROR] Failed to load resource: the server responded with a status of 404 (Not Found) @ http://localhost:3000/api/cloud-relay-host/tasks/process:0
[20728248ms] [WARNING] [cloud-relay-host] background poll skipped SyntaxError: Unexpected token '<', "<!DOCTYPE "... is not valid JSON @ http://localhost:3000/static/js/bundle.js:176
[20788581ms] [ERROR] Failed to load resource: the server responded with a status of 404 (Not Found) @ http://localhost:3000/api/cloud-relay-host/tasks/process:0
[20788583ms] [WARNING] [cloud-relay-host] background poll skipped SyntaxError: Unexpected token '<', "<!DOCTYPE "... is not valid JSON @ http://localhost:3000/static/js/bundle.js:176
[20848260ms] [ERROR] Failed to load resource: the server responded with a status of 404 (Not Found) @ http://localhost:3000/api/cloud-relay-host/tasks/process:0
[20848260ms] [WARNING] [cloud-relay-host] background poll skipped SyntaxError: Unexpected token '<', "<!DOCTYPE "... is not valid JSON @ http://localhost:3000/static/js/bundle.js:176
[20908570ms] [ERROR] Failed to load resource: the server responded with a status of 404 (Not Found) @ http://localhost:3000/api/cloud-relay-host/tasks/process:0
[20908571ms] [WARNING] [cloud-relay-host] background poll skipped SyntaxError: Unexpected token '<', "<!DOCTYPE "... is not valid JSON @ http://localhost:3000/static/js/bundle.js:176
[20968276ms] [ERROR] Failed to load resource: the server responded with a status of 404 (Not Found) @ http://localhost:3000/api/cloud-relay-host/tasks/process:0
[20968278ms] [WARNING] [cloud-relay-host] background poll skipped SyntaxError: Unexpected token '<', "<!DOCTYPE "... is not valid JSON @ http://localhost:3000/static/js/bundle.js:176
[21028562ms] [ERROR] Failed to load resource: the server responded with a status of 404 (Not Found) @ http://localhost:3000/api/cloud-relay-host/tasks/process:0
[21028562ms] [WARNING] [cloud-relay-host] background poll skipped SyntaxError: Unexpected token '<', "<!DOCTYPE "... is not valid JSON @ http://localhost:3000/static/js/bundle.js:176
[21088280ms] [ERROR] Failed to load resource: the server responded with a status of 404 (Not Found) @ http://localhost:3000/api/cloud-relay-host/tasks/process:0
[21088283ms] [WARNING] [cloud-relay-host] background poll skipped SyntaxError: Unexpected token '<', "<!DOCTYPE "... is not valid JSON @ http://localhost:3000/static/js/bundle.js:176
[21148567ms] [ERROR] Failed to load resource: the server responded with a status of 404 (Not Found) @ http://localhost:3000/api/cloud-relay-host/tasks/process:0
[21148567ms] [WARNING] [cloud-relay-host] background poll skipped SyntaxError: Unexpected token '<', "<!DOCTYPE "... is not valid JSON @ http://localhost:3000/static/js/bundle.js:176
[21208283ms] [ERROR] Failed to load resource: the server responded with a status of 404 (Not Found) @ http://localhost:3000/api/cloud-relay-host/tasks/process:0
[21208284ms] [WARNING] [cloud-relay-host] background poll skipped SyntaxError: Unexpected token '<', "<!DOCTYPE "... is not valid JSON @ http://localhost:3000/static/js/bundle.js:176
[21268574ms] [ERROR] Failed to load resource: the server responded with a status of 404 (Not Found) @ http://localhost:3000/api/cloud-relay-host/tasks/process:0
[21268575ms] [WARNING] [cloud-relay-host] background poll skipped SyntaxError: Unexpected token '<', "<!DOCTYPE "... is not valid JSON @ http://localhost:3000/static/js/bundle.js:176
[21328283ms] [ERROR] Failed to load resource: the server responded with a status of 404 (Not Found) @ http://localhost:3000/api/cloud-relay-host/tasks/process:0
[21328286ms] [WARNING] [cloud-relay-host] background poll skipped SyntaxError: Unexpected token '<', "<!DOCTYPE "... is not valid JSON @ http://localhost:3000/static/js/bundle.js:176
[21388565ms] [ERROR] Failed to load resource: the server responded with a status of 404 (Not Found) @ http://localhost:3000/api/cloud-relay-host/tasks/process:0
[21388566ms] [WARNING] [cloud-relay-host] background poll skipped SyntaxError: Unexpected token '<', "<!DOCTYPE "... is not valid JSON @ http://localhost:3000/static/js/bundle.js:176
[21448261ms] [ERROR] Failed to load resource: the server responded with a status of 404 (Not Found) @ http://localhost:3000/api/cloud-relay-host/tasks/process:0
[21448262ms] [WARNING] [cloud-relay-host] background poll skipped SyntaxError: Unexpected token '<', "<!DOCTYPE "... is not valid JSON @ http://localhost:3000/static/js/bundle.js:176
[21508592ms] [ERROR] Failed to load resource: the server responded with a status of 404 (Not Found) @ http://localhost:3000/api/cloud-relay-host/tasks/process:0
[21508593ms] [WARNING] [cloud-relay-host] background poll skipped SyntaxError: Unexpected token '<', "<!DOCTYPE "... is not valid JSON @ http://localhost:3000/static/js/bundle.js:176
[21568269ms] [ERROR] Failed to load resource: the server responded with a status of 404 (Not Found) @ http://localhost:3000/api/cloud-relay-host/tasks/process:0
[21568270ms] [WARNING] [cloud-relay-host] background poll skipped SyntaxError: Unexpected token '<', "<!DOCTYPE "... is not valid JSON @ http://localhost:3000/static/js/bundle.js:176
[21628584ms] [ERROR] Failed to load resource: the server responded with a status of 404 (Not Found) @ http://localhost:3000/api/cloud-relay-host/tasks/process:0
[21628585ms] [WARNING] [cloud-relay-host] background poll skipped SyntaxError: Unexpected token '<', "<!DOCTYPE "... is not valid JSON @ http://localhost:3000/static/js/bundle.js:176
[21688267ms] [ERROR] Failed to load resource: the server responded with a status of 404 (Not Found) @ http://localhost:3000/api/cloud-relay-host/tasks/process:0
[21688268ms] [WARNING] [cloud-relay-host] background poll skipped SyntaxError: Unexpected token '<', "<!DOCTYPE "... is not valid JSON @ http://localhost:3000/static/js/bundle.js:176
[21748582ms] [ERROR] Failed to load resource: the server responded with a status of 404 (Not Found) @ http://localhost:3000/api/cloud-relay-host/tasks/process:0
[21748582ms] [WARNING] [cloud-relay-host] background poll skipped SyntaxError: Unexpected token '<', "<!DOCTYPE "... is not valid JSON @ http://localhost:3000/static/js/bundle.js:176
[21808272ms] [ERROR] Failed to load resource: the server responded with a status of 404 (Not Found) @ http://localhost:3000/api/cloud-relay-host/tasks/process:0
[21808273ms] [WARNING] [cloud-relay-host] background poll skipped SyntaxError: Unexpected token '<', "<!DOCTYPE "... is not valid JSON @ http://localhost:3000/static/js/bundle.js:176
[21868614ms] [ERROR] Failed to load resource: the server responded with a status of 404 (Not Found) @ http://localhost:3000/api/cloud-relay-host/tasks/process:0
[21868616ms] [WARNING] [cloud-relay-host] background poll skipped SyntaxError: Unexpected token '<', "<!DOCTYPE "... is not valid JSON @ http://localhost:3000/static/js/bundle.js:176
[21928267ms] [ERROR] Failed to load resource: the server responded with a status of 404 (Not Found) @ http://localhost:3000/api/cloud-relay-host/tasks/process:0
[21928268ms] [WARNING] [cloud-relay-host] background poll skipped SyntaxError: Unexpected token '<', "<!DOCTYPE "... is not valid JSON @ http://localhost:3000/static/js/bundle.js:176
[21988580ms] [ERROR] Failed to load resource: the server responded with a status of 404 (Not Found) @ http://localhost:3000/api/cloud-relay-host/tasks/process:0
[21988580ms] [WARNING] [cloud-relay-host] background poll skipped SyntaxError: Unexpected token '<', "<!DOCTYPE "... is not valid JSON @ http://localhost:3000/static/js/bundle.js:176
[22048283ms] [ERROR] Failed to load resource: the server responded with a status of 404 (Not Found) @ http://localhost:3000/api/cloud-relay-host/tasks/process:0
[22048283ms] [WARNING] [cloud-relay-host] background poll skipped SyntaxError: Unexpected token '<', "<!DOCTYPE "... is not valid JSON @ http://localhost:3000/static/js/bundle.js:176
[22108579ms] [ERROR] Failed to load resource: the server responded with a status of 404 (Not Found) @ http://localhost:3000/api/cloud-relay-host/tasks/process:0
[22108579ms] [WARNING] [cloud-relay-host] background poll skipped SyntaxError: Unexpected token '<', "<!DOCTYPE "... is not valid JSON @ http://localhost:3000/static/js/bundle.js:176
[22168290ms] [ERROR] Failed to load resource: the server responded with a status of 404 (Not Found) @ http://localhost:3000/api/cloud-relay-host/tasks/process:0
[22168292ms] [WARNING] [cloud-relay-host] background poll skipped SyntaxError: Unexpected token '<', "<!DOCTYPE "... is not valid JSON @ http://localhost:3000/static/js/bundle.js:176
[22228585ms] [ERROR] Failed to load resource: the server responded with a status of 404 (Not Found) @ http://localhost:3000/api/cloud-relay-host/tasks/process:0
[22228586ms] [WARNING] [cloud-relay-host] background poll skipped SyntaxError: Unexpected token '<', "<!DOCTYPE "... is not valid JSON @ http://localhost:3000/static/js/bundle.js:176
[22288300ms] [ERROR] Failed to load resource: the server responded with a status of 404 (Not Found) @ http://localhost:3000/api/cloud-relay-host/tasks/process:0
[22288301ms] [WARNING] [cloud-relay-host] background poll skipped SyntaxError: Unexpected token '<', "<!DOCTYPE "... is not valid JSON @ http://localhost:3000/static/js/bundle.js:176
[22348597ms] [ERROR] Failed to load resource: the server responded with a status of 404 (Not Found) @ http://localhost:3000/api/cloud-relay-host/tasks/process:0
[22348597ms] [WARNING] [cloud-relay-host] background poll skipped SyntaxError: Unexpected token '<', "<!DOCTYPE "... is not valid JSON @ http://localhost:3000/static/js/bundle.js:176
[22408281ms] [ERROR] Failed to load resource: the server responded with a status of 404 (Not Found) @ http://localhost:3000/api/cloud-relay-host/tasks/process:0
[22408281ms] [WARNING] [cloud-relay-host] background poll skipped SyntaxError: Unexpected token '<', "<!DOCTYPE "... is not valid JSON @ http://localhost:3000/static/js/bundle.js:176
[22468604ms] [ERROR] Failed to load resource: the server responded with a status of 404 (Not Found) @ http://localhost:3000/api/cloud-relay-host/tasks/process:0
[22468607ms] [WARNING] [cloud-relay-host] background poll skipped SyntaxError: Unexpected token '<', "<!DOCTYPE "... is not valid JSON @ http://localhost:3000/static/js/bundle.js:176
[22528279ms] [ERROR] Failed to load resource: the server responded with a status of 404 (Not Found) @ http://localhost:3000/api/cloud-relay-host/tasks/process:0
[22528279ms] [WARNING] [cloud-relay-host] background poll skipped SyntaxError: Unexpected token '<', "<!DOCTYPE "... is not valid JSON @ http://localhost:3000/static/js/bundle.js:176
[22588593ms] [ERROR] Failed to load resource: the server responded with a status of 404 (Not Found) @ http://localhost:3000/api/cloud-relay-host/tasks/process:0
[22588593ms] [WARNING] [cloud-relay-host] background poll skipped SyntaxError: Unexpected token '<', "<!DOCTYPE "... is not valid JSON @ http://localhost:3000/static/js/bundle.js:176
[22648285ms] [ERROR] Failed to load resource: the server responded with a status of 404 (Not Found) @ http://localhost:3000/api/cloud-relay-host/tasks/process:0
[22648286ms] [WARNING] [cloud-relay-host] background poll skipped SyntaxError: Unexpected token '<', "<!DOCTYPE "... is not valid JSON @ http://localhost:3000/static/js/bundle.js:176
[22708594ms] [ERROR] Failed to load resource: the server responded with a status of 404 (Not Found) @ http://localhost:3000/api/cloud-relay-host/tasks/process:0
[22708594ms] [WARNING] [cloud-relay-host] background poll skipped SyntaxError: Unexpected token '<', "<!DOCTYPE "... is not valid JSON @ http://localhost:3000/static/js/bundle.js:176
[22768311ms] [ERROR] Failed to load resource: the server responded with a status of 404 (Not Found) @ http://localhost:3000/api/cloud-relay-host/tasks/process:0
[22768313ms] [WARNING] [cloud-relay-host] background poll skipped SyntaxError: Unexpected token '<', "<!DOCTYPE "... is not valid JSON @ http://localhost:3000/static/js/bundle.js:176
[22828599ms] [ERROR] Failed to load resource: the server responded with a status of 404 (Not Found) @ http://localhost:3000/api/cloud-relay-host/tasks/process:0
[22828599ms] [WARNING] [cloud-relay-host] background poll skipped SyntaxError: Unexpected token '<', "<!DOCTYPE "... is not valid JSON @ http://localhost:3000/static/js/bundle.js:176
[22888297ms] [ERROR] Failed to load resource: the server responded with a status of 404 (Not Found) @ http://localhost:3000/api/cloud-relay-host/tasks/process:0
[22888297ms] [WARNING] [cloud-relay-host] background poll skipped SyntaxError: Unexpected token '<', "<!DOCTYPE "... is not valid JSON @ http://localhost:3000/static/js/bundle.js:176
[22948595ms] [ERROR] Failed to load resource: the server responded with a status of 404 (Not Found) @ http://localhost:3000/api/cloud-relay-host/tasks/process:0
[22948596ms] [WARNING] [cloud-relay-host] background poll skipped SyntaxError: Unexpected token '<', "<!DOCTYPE "... is not valid JSON @ http://localhost:3000/static/js/bundle.js:176
[23008287ms] [ERROR] Failed to load resource: the server responded with a status of 404 (Not Found) @ http://localhost:3000/api/cloud-relay-host/tasks/process:0
[23008287ms] [WARNING] [cloud-relay-host] background poll skipped SyntaxError: Unexpected token '<', "<!DOCTYPE "... is not valid JSON @ http://localhost:3000/static/js/bundle.js:176
[23068608ms] [ERROR] Failed to load resource: the server responded with a status of 404 (Not Found) @ http://localhost:3000/api/cloud-relay-host/tasks/process:0
[23068608ms] [WARNING] [cloud-relay-host] background poll skipped SyntaxError: Unexpected token '<', "<!DOCTYPE "... is not valid JSON @ http://localhost:3000/static/js/bundle.js:176
[23128290ms] [ERROR] Failed to load resource: the server responded with a status of 404 (Not Found) @ http://localhost:3000/api/cloud-relay-host/tasks/process:0
[23128291ms] [WARNING] [cloud-relay-host] background poll skipped SyntaxError: Unexpected token '<', "<!DOCTYPE "... is not valid JSON @ http://localhost:3000/static/js/bundle.js:176
[23188610ms] [ERROR] Failed to load resource: the server responded with a status of 404 (Not Found) @ http://localhost:3000/api/cloud-relay-host/tasks/process:0
[23188611ms] [WARNING] [cloud-relay-host] background poll skipped SyntaxError: Unexpected token '<', "<!DOCTYPE "... is not valid JSON @ http://localhost:3000/static/js/bundle.js:176
[23248321ms] [ERROR] Failed to load resource: the server responded with a status of 404 (Not Found) @ http://localhost:3000/api/cloud-relay-host/tasks/process:0
[23248322ms] [WARNING] [cloud-relay-host] background poll skipped SyntaxError: Unexpected token '<', "<!DOCTYPE "... is not valid JSON @ http://localhost:3000/static/js/bundle.js:176
[23308606ms] [ERROR] Failed to load resource: the server responded with a status of 404 (Not Found) @ http://localhost:3000/api/cloud-relay-host/tasks/process:0
[23308607ms] [WARNING] [cloud-relay-host] background poll skipped SyntaxError: Unexpected token '<', "<!DOCTYPE "... is not valid JSON @ http://localhost:3000/static/js/bundle.js:176
[23368317ms] [ERROR] Failed to load resource: the server responded with a status of 404 (Not Found) @ http://localhost:3000/api/cloud-relay-host/tasks/process:0
[23368318ms] [WARNING] [cloud-relay-host] background poll skipped SyntaxError: Unexpected token '<', "<!DOCTYPE "... is not valid JSON @ http://localhost:3000/static/js/bundle.js:176
[23428610ms] [ERROR] Failed to load resource: the server responded with a status of 404 (Not Found) @ http://localhost:3000/api/cloud-relay-host/tasks/process:0
[23428611ms] [WARNING] [cloud-relay-host] background poll skipped SyntaxError: Unexpected token '<', "<!DOCTYPE "... is not valid JSON @ http://localhost:3000/static/js/bundle.js:176
[23488303ms] [ERROR] Failed to load resource: the server responded with a status of 404 (Not Found) @ http://localhost:3000/api/cloud-relay-host/tasks/process:0
[23488303ms] [WARNING] [cloud-relay-host] background poll skipped SyntaxError: Unexpected token '<', "<!DOCTYPE "... is not valid JSON @ http://localhost:3000/static/js/bundle.js:176
[23548619ms] [ERROR] Failed to load resource: the server responded with a status of 404 (Not Found) @ http://localhost:3000/api/cloud-relay-host/tasks/process:0
[23548620ms] [WARNING] [cloud-relay-host] background poll skipped SyntaxError: Unexpected token '<', "<!DOCTYPE "... is not valid JSON @ http://localhost:3000/static/js/bundle.js:176
[23608309ms] [ERROR] Failed to load resource: the server responded with a status of 404 (Not Found) @ http://localhost:3000/api/cloud-relay-host/tasks/process:0
[23608310ms] [WARNING] [cloud-relay-host] background poll skipped SyntaxError: Unexpected token '<', "<!DOCTYPE "... is not valid JSON @ http://localhost:3000/static/js/bundle.js:176
[23668658ms] [ERROR] Failed to load resource: the server responded with a status of 404 (Not Found) @ http://localhost:3000/api/cloud-relay-host/tasks/process:0
[23668661ms] [WARNING] [cloud-relay-host] background poll skipped SyntaxError: Unexpected token '<', "<!DOCTYPE "... is not valid JSON @ http://localhost:3000/static/js/bundle.js:176
[23728303ms] [ERROR] Failed to load resource: the server responded with a status of 404 (Not Found) @ http://localhost:3000/api/cloud-relay-host/tasks/process:0
[23728304ms] [WARNING] [cloud-relay-host] background poll skipped SyntaxError: Unexpected token '<', "<!DOCTYPE "... is not valid JSON @ http://localhost:3000/static/js/bundle.js:176
[23788611ms] [ERROR] Failed to load resource: the server responded with a status of 404 (Not Found) @ http://localhost:3000/api/cloud-relay-host/tasks/process:0
[23788612ms] [WARNING] [cloud-relay-host] background poll skipped SyntaxError: Unexpected token '<', "<!DOCTYPE "... is not valid JSON @ http://localhost:3000/static/js/bundle.js:176
[23848325ms] [ERROR] Failed to load resource: the server responded with a status of 404 (Not Found) @ http://localhost:3000/api/cloud-relay-host/tasks/process:0
[23848328ms] [WARNING] [cloud-relay-host] background poll skipped SyntaxError: Unexpected token '<', "<!DOCTYPE "... is not valid JSON @ http://localhost:3000/static/js/bundle.js:176
[23908618ms] [ERROR] Failed to load resource: the server responded with a status of 404 (Not Found) @ http://localhost:3000/api/cloud-relay-host/tasks/process:0
[23908618ms] [WARNING] [cloud-relay-host] background poll skipped SyntaxError: Unexpected token '<', "<!DOCTYPE "... is not valid JSON @ http://localhost:3000/static/js/bundle.js:176
[23968347ms] [ERROR] Failed to load resource: the server responded with a status of 404 (Not Found) @ http://localhost:3000/api/cloud-relay-host/tasks/process:0
[23968351ms] [WARNING] [cloud-relay-host] background poll skipped SyntaxError: Unexpected token '<', "<!DOCTYPE "... is not valid JSON @ http://localhost:3000/static/js/bundle.js:176
[24028614ms] [ERROR] Failed to load resource: the server responded with a status of 404 (Not Found) @ http://localhost:3000/api/cloud-relay-host/tasks/process:0
[24028615ms] [WARNING] [cloud-relay-host] background poll skipped SyntaxError: Unexpected token '<', "<!DOCTYPE "... is not valid JSON @ http://localhost:3000/static/js/bundle.js:176
[24088306ms] [ERROR] Failed to load resource: the server responded with a status of 404 (Not Found) @ http://localhost:3000/api/cloud-relay-host/tasks/process:0
[24088307ms] [WARNING] [cloud-relay-host] background poll skipped SyntaxError: Unexpected token '<', "<!DOCTYPE "... is not valid JSON @ http://localhost:3000/static/js/bundle.js:176
[24148623ms] [ERROR] Failed to load resource: the server responded with a status of 404 (Not Found) @ http://localhost:3000/api/cloud-relay-host/tasks/process:0
[24148623ms] [WARNING] [cloud-relay-host] background poll skipped SyntaxError: Unexpected token '<', "<!DOCTYPE "... is not valid JSON @ http://localhost:3000/static/js/bundle.js:176
[24208313ms] [ERROR] Failed to load resource: the server responded with a status of 404 (Not Found) @ http://localhost:3000/api/cloud-relay-host/tasks/process:0
[24208314ms] [WARNING] [cloud-relay-host] background poll skipped SyntaxError: Unexpected token '<', "<!DOCTYPE "... is not valid JSON @ http://localhost:3000/static/js/bundle.js:176
[24268624ms] [ERROR] Failed to load resource: the server responded with a status of 404 (Not Found) @ http://localhost:3000/api/cloud-relay-host/tasks/process:0
[24268624ms] [WARNING] [cloud-relay-host] background poll skipped SyntaxError: Unexpected token '<', "<!DOCTYPE "... is not valid JSON @ http://localhost:3000/static/js/bundle.js:176
[24328319ms] [ERROR] Failed to load resource: the server responded with a status of 404 (Not Found) @ http://localhost:3000/api/cloud-relay-host/tasks/process:0
[24328319ms] [WARNING] [cloud-relay-host] background poll skipped SyntaxError: Unexpected token '<', "<!DOCTYPE "... is not valid JSON @ http://localhost:3000/static/js/bundle.js:176
[24388645ms] [ERROR] Failed to load resource: the server responded with a status of 404 (Not Found) @ http://localhost:3000/api/cloud-relay-host/tasks/process:0
[24388647ms] [WARNING] [cloud-relay-host] background poll skipped SyntaxError: Unexpected token '<', "<!DOCTYPE "... is not valid JSON @ http://localhost:3000/static/js/bundle.js:176
[24448313ms] [ERROR] Failed to load resource: the server responded with a status of 404 (Not Found) @ http://localhost:3000/api/cloud-relay-host/tasks/process:0
[24448314ms] [WARNING] [cloud-relay-host] background poll skipped SyntaxError: Unexpected token '<', "<!DOCTYPE "... is not valid JSON @ http://localhost:3000/static/js/bundle.js:176
[24508637ms] [ERROR] Failed to load resource: the server responded with a status of 404 (Not Found) @ http://localhost:3000/api/cloud-relay-host/tasks/process:0
[24508638ms] [WARNING] [cloud-relay-host] background poll skipped SyntaxError: Unexpected token '<', "<!DOCTYPE "... is not valid JSON @ http://localhost:3000/static/js/bundle.js:176
[24568315ms] [ERROR] Failed to load resource: the server responded with a status of 404 (Not Found) @ http://localhost:3000/api/cloud-relay-host/tasks/process:0
[24568316ms] [WARNING] [cloud-relay-host] background poll skipped SyntaxError: Unexpected token '<', "<!DOCTYPE "... is not valid JSON @ http://localhost:3000/static/js/bundle.js:176
[24628633ms] [ERROR] Failed to load resource: the server responded with a status of 404 (Not Found) @ http://localhost:3000/api/cloud-relay-host/tasks/process:0
[24628634ms] [WARNING] [cloud-relay-host] background poll skipped SyntaxError: Unexpected token '<', "<!DOCTYPE "... is not valid JSON @ http://localhost:3000/static/js/bundle.js:176
[24688335ms] [ERROR] Failed to load resource: the server responded with a status of 404 (Not Found) @ http://localhost:3000/api/cloud-relay-host/tasks/process:0
[24688336ms] [WARNING] [cloud-relay-host] background poll skipped SyntaxError: Unexpected token '<', "<!DOCTYPE "... is not valid JSON @ http://localhost:3000/static/js/bundle.js:176
[24748630ms] [ERROR] Failed to load resource: the server responded with a status of 404 (Not Found) @ http://localhost:3000/api/cloud-relay-host/tasks/process:0
[24748630ms] [WARNING] [cloud-relay-host] background poll skipped SyntaxError: Unexpected token '<', "<!DOCTYPE "... is not valid JSON @ http://localhost:3000/static/js/bundle.js:176
[24808337ms] [ERROR] Failed to load resource: the server responded with a status of 404 (Not Found) @ http://localhost:3000/api/cloud-relay-host/tasks/process:0
[24808338ms] [WARNING] [cloud-relay-host] background poll skipped SyntaxError: Unexpected token '<', "<!DOCTYPE "... is not valid JSON @ http://localhost:3000/static/js/bundle.js:176
[24868632ms] [ERROR] Failed to load resource: the server responded with a status of 404 (Not Found) @ http://localhost:3000/api/cloud-relay-host/tasks/process:0
[24868633ms] [WARNING] [cloud-relay-host] background poll skipped SyntaxError: Unexpected token '<', "<!DOCTYPE "... is not valid JSON @ http://localhost:3000/static/js/bundle.js:176
[24928343ms] [ERROR] Failed to load resource: the server responded with a status of 404 (Not Found) @ http://localhost:3000/api/cloud-relay-host/tasks/process:0
[24928344ms] [WARNING] [cloud-relay-host] background poll skipped SyntaxError: Unexpected token '<', "<!DOCTYPE "... is not valid JSON @ http://localhost:3000/static/js/bundle.js:176
[24988641ms] [ERROR] Failed to load resource: the server responded with a status of 404 (Not Found) @ http://localhost:3000/api/cloud-relay-host/tasks/process:0
[24988641ms] [WARNING] [cloud-relay-host] background poll skipped SyntaxError: Unexpected token '<', "<!DOCTYPE "... is not valid JSON @ http://localhost:3000/static/js/bundle.js:176
[25048325ms] [ERROR] Failed to load resource: the server responded with a status of 404 (Not Found) @ http://localhost:3000/api/cloud-relay-host/tasks/process:0
[25048326ms] [WARNING] [cloud-relay-host] background poll skipped SyntaxError: Unexpected token '<', "<!DOCTYPE "... is not valid JSON @ http://localhost:3000/static/js/bundle.js:176
[25108634ms] [ERROR] Failed to load resource: the server responded with a status of 404 (Not Found) @ http://localhost:3000/api/cloud-relay-host/tasks/process:0
[25108634ms] [WARNING] [cloud-relay-host] background poll skipped SyntaxError: Unexpected token '<', "<!DOCTYPE "... is not valid JSON @ http://localhost:3000/static/js/bundle.js:176
[25168348ms] [ERROR] Failed to load resource: the server responded with a status of 404 (Not Found) @ http://localhost:3000/api/cloud-relay-host/tasks/process:0
[25168350ms] [WARNING] [cloud-relay-host] background poll skipped SyntaxError: Unexpected token '<', "<!DOCTYPE "... is not valid JSON @ http://localhost:3000/static/js/bundle.js:176
[25228647ms] [ERROR] Failed to load resource: the server responded with a status of 404 (Not Found) @ http://localhost:3000/api/cloud-relay-host/tasks/process:0
[25228648ms] [WARNING] [cloud-relay-host] background poll skipped SyntaxError: Unexpected token '<', "<!DOCTYPE "... is not valid JSON @ http://localhost:3000/static/js/bundle.js:176
[25288370ms] [ERROR] Failed to load resource: the server responded with a status of 404 (Not Found) @ http://localhost:3000/api/cloud-relay-host/tasks/process:0
[25288372ms] [WARNING] [cloud-relay-host] background poll skipped SyntaxError: Unexpected token '<', "<!DOCTYPE "... is not valid JSON @ http://localhost:3000/static/js/bundle.js:176
[25348635ms] [ERROR] Failed to load resource: the server responded with a status of 404 (Not Found) @ http://localhost:3000/api/cloud-relay-host/tasks/process:0
[25348636ms] [WARNING] [cloud-relay-host] background poll skipped SyntaxError: Unexpected token '<', "<!DOCTYPE "... is not valid JSON @ http://localhost:3000/static/js/bundle.js:176
[25408360ms] [ERROR] Failed to load resource: the server responded with a status of 404 (Not Found) @ http://localhost:3000/api/cloud-relay-host/tasks/process:0
[25408362ms] [WARNING] [cloud-relay-host] background poll skipped SyntaxError: Unexpected token '<', "<!DOCTYPE "... is not valid JSON @ http://localhost:3000/static/js/bundle.js:176
[25468646ms] [ERROR] Failed to load resource: the server responded with a status of 404 (Not Found) @ http://localhost:3000/api/cloud-relay-host/tasks/process:0
[25468647ms] [WARNING] [cloud-relay-host] background poll skipped SyntaxError: Unexpected token '<', "<!DOCTYPE "... is not valid JSON @ http://localhost:3000/static/js/bundle.js:176
[25528333ms] [ERROR] Failed to load resource: the server responded with a status of 404 (Not Found) @ http://localhost:3000/api/cloud-relay-host/tasks/process:0
[25528333ms] [WARNING] [cloud-relay-host] background poll skipped SyntaxError: Unexpected token '<', "<!DOCTYPE "... is not valid JSON @ http://localhost:3000/static/js/bundle.js:176
[25588662ms] [ERROR] Failed to load resource: the server responded with a status of 404 (Not Found) @ http://localhost:3000/api/cloud-relay-host/tasks/process:0
[25588665ms] [WARNING] [cloud-relay-host] background poll skipped SyntaxError: Unexpected token '<', "<!DOCTYPE "... is not valid JSON @ http://localhost:3000/static/js/bundle.js:176
[25648339ms] [ERROR] Failed to load resource: the server responded with a status of 404 (Not Found) @ http://localhost:3000/api/cloud-relay-host/tasks/process:0
[25648340ms] [WARNING] [cloud-relay-host] background poll skipped SyntaxError: Unexpected token '<', "<!DOCTYPE "... is not valid JSON @ http://localhost:3000/static/js/bundle.js:176
[25708652ms] [ERROR] Failed to load resource: the server responded with a status of 404 (Not Found) @ http://localhost:3000/api/cloud-relay-host/tasks/process:0
[25708653ms] [WARNING] [cloud-relay-host] background poll skipped SyntaxError: Unexpected token '<', "<!DOCTYPE "... is not valid JSON @ http://localhost:3000/static/js/bundle.js:176
[25768366ms] [ERROR] Failed to load resource: the server responded with a status of 404 (Not Found) @ http://localhost:3000/api/cloud-relay-host/tasks/process:0
[25768372ms] [WARNING] [cloud-relay-host] background poll skipped SyntaxError: Unexpected token '<', "<!DOCTYPE "... is not valid JSON @ http://localhost:3000/static/js/bundle.js:176
[25828645ms] [ERROR] Failed to load resource: the server responded with a status of 404 (Not Found) @ http://localhost:3000/api/cloud-relay-host/tasks/process:0
[25828646ms] [WARNING] [cloud-relay-host] background poll skipped SyntaxError: Unexpected token '<', "<!DOCTYPE "... is not valid JSON @ http://localhost:3000/static/js/bundle.js:176
[25888346ms] [ERROR] Failed to load resource: the server responded with a status of 404 (Not Found) @ http://localhost:3000/api/cloud-relay-host/tasks/process:0
[25888346ms] [WARNING] [cloud-relay-host] background poll skipped SyntaxError: Unexpected token '<', "<!DOCTYPE "... is not valid JSON @ http://localhost:3000/static/js/bundle.js:176
[25948655ms] [ERROR] Failed to load resource: the server responded with a status of 404 (Not Found) @ http://localhost:3000/api/cloud-relay-host/tasks/process:0
[25948655ms] [WARNING] [cloud-relay-host] background poll skipped SyntaxError: Unexpected token '<', "<!DOCTYPE "... is not valid JSON @ http://localhost:3000/static/js/bundle.js:176
[26008348ms] [ERROR] Failed to load resource: the server responded with a status of 404 (Not Found) @ http://localhost:3000/api/cloud-relay-host/tasks/process:0
[26008348ms] [WARNING] [cloud-relay-host] background poll skipped SyntaxError: Unexpected token '<', "<!DOCTYPE "... is not valid JSON @ http://localhost:3000/static/js/bundle.js:176
[26068656ms] [ERROR] Failed to load resource: the server responded with a status of 404 (Not Found) @ http://localhost:3000/api/cloud-relay-host/tasks/process:0
[26068657ms] [WARNING] [cloud-relay-host] background poll skipped SyntaxError: Unexpected token '<', "<!DOCTYPE "... is not valid JSON @ http://localhost:3000/static/js/bundle.js:176
[26128355ms] [ERROR] Failed to load resource: the server responded with a status of 404 (Not Found) @ http://localhost:3000/api/cloud-relay-host/tasks/process:0
[26128355ms] [WARNING] [cloud-relay-host] background poll skipped SyntaxError: Unexpected token '<', "<!DOCTYPE "... is not valid JSON @ http://localhost:3000/static/js/bundle.js:176
[26188688ms] [ERROR] Failed to load resource: the server responded with a status of 404 (Not Found) @ http://localhost:3000/api/cloud-relay-host/tasks/process:0
[26188690ms] [WARNING] [cloud-relay-host] background poll skipped SyntaxError: Unexpected token '<', "<!DOCTYPE "... is not valid JSON @ http://localhost:3000/static/js/bundle.js:176
[26248355ms] [ERROR] Failed to load resource: the server responded with a status of 404 (Not Found) @ http://localhost:3000/api/cloud-relay-host/tasks/process:0
[26248355ms] [WARNING] [cloud-relay-host] background poll skipped SyntaxError: Unexpected token '<', "<!DOCTYPE "... is not valid JSON @ http://localhost:3000/static/js/bundle.js:176
[26308653ms] [ERROR] Failed to load resource: the server responded with a status of 404 (Not Found) @ http://localhost:3000/api/cloud-relay-host/tasks/process:0
[26308653ms] [WARNING] [cloud-relay-host] background poll skipped SyntaxError: Unexpected token '<', "<!DOCTYPE "... is not valid JSON @ http://localhost:3000/static/js/bundle.js:176
[26368422ms] [ERROR] Failed to load resource: the server responded with a status of 404 (Not Found) @ http://localhost:3000/api/cloud-relay-host/tasks/process:0
[26368432ms] [WARNING] [cloud-relay-host] background poll skipped SyntaxError: Unexpected token '<', "<!DOCTYPE "... is not valid JSON @ http://localhost:3000/static/js/bundle.js:176
[26428658ms] [ERROR] Failed to load resource: the server responded with a status of 404 (Not Found) @ http://localhost:3000/api/cloud-relay-host/tasks/process:0
[26428659ms] [WARNING] [cloud-relay-host] background poll skipped SyntaxError: Unexpected token '<', "<!DOCTYPE "... is not valid JSON @ http://localhost:3000/static/js/bundle.js:176
[26488410ms] [ERROR] Failed to load resource: the server responded with a status of 404 (Not Found) @ http://localhost:3000/api/cloud-relay-host/tasks/process:0
[26488412ms] [WARNING] [cloud-relay-host] background poll skipped SyntaxError: Unexpected token '<', "<!DOCTYPE "... is not valid JSON @ http://localhost:3000/static/js/bundle.js:176
[26548666ms] [ERROR] Failed to load resource: the server responded with a status of 404 (Not Found) @ http://localhost:3000/api/cloud-relay-host/tasks/process:0
[26548667ms] [WARNING] [cloud-relay-host] background poll skipped SyntaxError: Unexpected token '<', "<!DOCTYPE "... is not valid JSON @ http://localhost:3000/static/js/bundle.js:176
[26608364ms] [ERROR] Failed to load resource: the server responded with a status of 404 (Not Found) @ http://localhost:3000/api/cloud-relay-host/tasks/process:0
[26608365ms] [WARNING] [cloud-relay-host] background poll skipped SyntaxError: Unexpected token '<', "<!DOCTYPE "... is not valid JSON @ http://localhost:3000/static/js/bundle.js:176
[26668803ms] [ERROR] Failed to load resource: the server responded with a status of 404 (Not Found) @ http://localhost:3000/api/cloud-relay-host/tasks/process:0
[26668805ms] [WARNING] [cloud-relay-host] background poll skipped SyntaxError: Unexpected token '<', "<!DOCTYPE "... is not valid JSON @ http://localhost:3000/static/js/bundle.js:176
[26728356ms] [ERROR] Failed to load resource: the server responded with a status of 404 (Not Found) @ http://localhost:3000/api/cloud-relay-host/tasks/process:0
[26728356ms] [WARNING] [cloud-relay-host] background poll skipped SyntaxError: Unexpected token '<', "<!DOCTYPE "... is not valid JSON @ http://localhost:3000/static/js/bundle.js:176
[26788718ms] [ERROR] Failed to load resource: the server responded with a status of 404 (Not Found) @ http://localhost:3000/api/cloud-relay-host/tasks/process:0
[26788720ms] [WARNING] [cloud-relay-host] background poll skipped SyntaxError: Unexpected token '<', "<!DOCTYPE "... is not valid JSON @ http://localhost:3000/static/js/bundle.js:176
[26848366ms] [ERROR] Failed to load resource: the server responded with a status of 404 (Not Found) @ http://localhost:3000/api/cloud-relay-host/tasks/process:0
[26848366ms] [WARNING] [cloud-relay-host] background poll skipped SyntaxError: Unexpected token '<', "<!DOCTYPE "... is not valid JSON @ http://localhost:3000/static/js/bundle.js:176
[26908789ms] [ERROR] Failed to load resource: the server responded with a status of 404 (Not Found) @ http://localhost:3000/api/cloud-relay-host/tasks/process:0
[26908791ms] [WARNING] [cloud-relay-host] background poll skipped SyntaxError: Unexpected token '<', "<!DOCTYPE "... is not valid JSON @ http://localhost:3000/static/js/bundle.js:176
[26968368ms] [ERROR] Failed to load resource: the server responded with a status of 404 (Not Found) @ http://localhost:3000/api/cloud-relay-host/tasks/process:0
[26968369ms] [WARNING] [cloud-relay-host] background poll skipped SyntaxError: Unexpected token '<', "<!DOCTYPE "... is not valid JSON @ http://localhost:3000/static/js/bundle.js:176
[27028747ms] [ERROR] Failed to load resource: the server responded with a status of 404 (Not Found) @ http://localhost:3000/api/cloud-relay-host/tasks/process:0
[27028749ms] [WARNING] [cloud-relay-host] background poll skipped SyntaxError: Unexpected token '<', "<!DOCTYPE "... is not valid JSON @ http://localhost:3000/static/js/bundle.js:176
[27088361ms] [ERROR] Failed to load resource: the server responded with a status of 404 (Not Found) @ http://localhost:3000/api/cloud-relay-host/tasks/process:0
[27088361ms] [WARNING] [cloud-relay-host] background poll skipped SyntaxError: Unexpected token '<', "<!DOCTYPE "... is not valid JSON @ http://localhost:3000/static/js/bundle.js:176
[27148796ms] [ERROR] Failed to load resource: the server responded with a status of 404 (Not Found) @ http://localhost:3000/api/cloud-relay-host/tasks/process:0
[27148799ms] [WARNING] [cloud-relay-host] background poll skipped SyntaxError: Unexpected token '<', "<!DOCTYPE "... is not valid JSON @ http://localhost:3000/static/js/bundle.js:176
[27208375ms] [ERROR] Failed to load resource: the server responded with a status of 404 (Not Found) @ http://localhost:3000/api/cloud-relay-host/tasks/process:0
[27208376ms] [WARNING] [cloud-relay-host] background poll skipped SyntaxError: Unexpected token '<', "<!DOCTYPE "... is not valid JSON @ http://localhost:3000/static/js/bundle.js:176
[27268677ms] [ERROR] Failed to load resource: the server responded with a status of 404 (Not Found) @ http://localhost:3000/api/cloud-relay-host/tasks/process:0
[27268677ms] [WARNING] [cloud-relay-host] background poll skipped SyntaxError: Unexpected token '<', "<!DOCTYPE "... is not valid JSON @ http://localhost:3000/static/js/bundle.js:176
[27328425ms] [ERROR] Failed to load resource: the server responded with a status of 404 (Not Found) @ http://localhost:3000/api/cloud-relay-host/tasks/process:0
[27328426ms] [WARNING] [cloud-relay-host] background poll skipped SyntaxError: Unexpected token '<', "<!DOCTYPE "... is not valid JSON @ http://localhost:3000/static/js/bundle.js:176
[27388676ms] [ERROR] Failed to load resource: the server responded with a status of 404 (Not Found) @ http://localhost:3000/api/cloud-relay-host/tasks/process:0
[27388677ms] [WARNING] [cloud-relay-host] background poll skipped SyntaxError: Unexpected token '<', "<!DOCTYPE "... is not valid JSON @ http://localhost:3000/static/js/bundle.js:176
[27448375ms] [ERROR] Failed to load resource: the server responded with a status of 404 (Not Found) @ http://localhost:3000/api/cloud-relay-host/tasks/process:0
[27448375ms] [WARNING] [cloud-relay-host] background poll skipped SyntaxError: Unexpected token '<', "<!DOCTYPE "... is not valid JSON @ http://localhost:3000/static/js/bundle.js:176
[27508691ms] [ERROR] Failed to load resource: the server responded with a status of 404 (Not Found) @ http://localhost:3000/api/cloud-relay-host/tasks/process:0
[27508691ms] [WARNING] [cloud-relay-host] background poll skipped SyntaxError: Unexpected token '<', "<!DOCTYPE "... is not valid JSON @ http://localhost:3000/static/js/bundle.js:176
[27568373ms] [ERROR] Failed to load resource: the server responded with a status of 404 (Not Found) @ http://localhost:3000/api/cloud-relay-host/tasks/process:0
[27568374ms] [WARNING] [cloud-relay-host] background poll skipped SyntaxError: Unexpected token '<', "<!DOCTYPE "... is not valid JSON @ http://localhost:3000/static/js/bundle.js:176
[27628727ms] [ERROR] Failed to load resource: the server responded with a status of 404 (Not Found) @ http://localhost:3000/api/cloud-relay-host/tasks/process:0
[27628729ms] [WARNING] [cloud-relay-host] background poll skipped SyntaxError: Unexpected token '<', "<!DOCTYPE "... is not valid JSON @ http://localhost:3000/static/js/bundle.js:176
[27688381ms] [ERROR] Failed to load resource: the server responded with a status of 404 (Not Found) @ http://localhost:3000/api/cloud-relay-host/tasks/process:0
[27688381ms] [WARNING] [cloud-relay-host] background poll skipped SyntaxError: Unexpected token '<', "<!DOCTYPE "... is not valid JSON @ http://localhost:3000/static/js/bundle.js:176
[27748680ms] [ERROR] Failed to load resource: the server responded with a status of 404 (Not Found) @ http://localhost:3000/api/cloud-relay-host/tasks/process:0
[27748681ms] [WARNING] [cloud-relay-host] background poll skipped SyntaxError: Unexpected token '<', "<!DOCTYPE "... is not valid JSON @ http://localhost:3000/static/js/bundle.js:176
[27808387ms] [ERROR] Failed to load resource: the server responded with a status of 404 (Not Found) @ http://localhost:3000/api/cloud-relay-host/tasks/process:0
[27808388ms] [WARNING] [cloud-relay-host] background poll skipped SyntaxError: Unexpected token '<', "<!DOCTYPE "... is not valid JSON @ http://localhost:3000/static/js/bundle.js:176
[27868694ms] [ERROR] Failed to load resource: the server responded with a status of 404 (Not Found) @ http://localhost:3000/api/cloud-relay-host/tasks/process:0
[27868694ms] [WARNING] [cloud-relay-host] background poll skipped SyntaxError: Unexpected token '<', "<!DOCTYPE "... is not valid JSON @ http://localhost:3000/static/js/bundle.js:176
[27928422ms] [ERROR] Failed to load resource: the server responded with a status of 404 (Not Found) @ http://localhost:3000/api/cloud-relay-host/tasks/process:0
[27928424ms] [WARNING] [cloud-relay-host] background poll skipped SyntaxError: Unexpected token '<', "<!DOCTYPE "... is not valid JSON @ http://localhost:3000/static/js/bundle.js:176
[27988682ms] [ERROR] Failed to load resource: the server responded with a status of 404 (Not Found) @ http://localhost:3000/api/cloud-relay-host/tasks/process:0
[27988682ms] [WARNING] [cloud-relay-host] background poll skipped SyntaxError: Unexpected token '<', "<!DOCTYPE "... is not valid JSON @ http://localhost:3000/static/js/bundle.js:176
[28048420ms] [ERROR] Failed to load resource: the server responded with a status of 404 (Not Found) @ http://localhost:3000/api/cloud-relay-host/tasks/process:0
[28048426ms] [WARNING] [cloud-relay-host] background poll skipped SyntaxError: Unexpected token '<', "<!DOCTYPE "... is not valid JSON @ http://localhost:3000/static/js/bundle.js:176
[28108695ms] [ERROR] Failed to load resource: the server responded with a status of 404 (Not Found) @ http://localhost:3000/api/cloud-relay-host/tasks/process:0
[28108695ms] [WARNING] [cloud-relay-host] background poll skipped SyntaxError: Unexpected token '<', "<!DOCTYPE "... is not valid JSON @ http://localhost:3000/static/js/bundle.js:176
[28168435ms] [ERROR] Failed to load resource: the server responded with a status of 404 (Not Found) @ http://localhost:3000/api/cloud-relay-host/tasks/process:0
[28168443ms] [WARNING] [cloud-relay-host] background poll skipped SyntaxError: Unexpected token '<', "<!DOCTYPE "... is not valid JSON @ http://localhost:3000/static/js/bundle.js:176
[28228698ms] [ERROR] Failed to load resource: the server responded with a status of 404 (Not Found) @ http://localhost:3000/api/cloud-relay-host/tasks/process:0
[28228699ms] [WARNING] [cloud-relay-host] background poll skipped SyntaxError: Unexpected token '<', "<!DOCTYPE "... is not valid JSON @ http://localhost:3000/static/js/bundle.js:176
[28288394ms] [ERROR] Failed to load resource: the server responded with a status of 404 (Not Found) @ http://localhost:3000/api/cloud-relay-host/tasks/process:0
[28288394ms] [WARNING] [cloud-relay-host] background poll skipped SyntaxError: Unexpected token '<', "<!DOCTYPE "... is not valid JSON @ http://localhost:3000/static/js/bundle.js:176
[28348831ms] [ERROR] Failed to load resource: the server responded with a status of 404 (Not Found) @ http://localhost:3000/api/cloud-relay-host/tasks/process:0
[28348834ms] [WARNING] [cloud-relay-host] background poll skipped SyntaxError: Unexpected token '<', "<!DOCTYPE "... is not valid JSON @ http://localhost:3000/static/js/bundle.js:176
[28408393ms] [ERROR] Failed to load resource: the server responded with a status of 404 (Not Found) @ http://localhost:3000/api/cloud-relay-host/tasks/process:0
[28408394ms] [WARNING] [cloud-relay-host] background poll skipped SyntaxError: Unexpected token '<', "<!DOCTYPE "... is not valid JSON @ http://localhost:3000/static/js/bundle.js:176
[28468798ms] [ERROR] Failed to load resource: the server responded with a status of 404 (Not Found) @ http://localhost:3000/api/cloud-relay-host/tasks/process:0
[28468801ms] [WARNING] [cloud-relay-host] background poll skipped SyntaxError: Unexpected token '<', "<!DOCTYPE "... is not valid JSON @ http://localhost:3000/static/js/bundle.js:176
[28528452ms] [ERROR] Failed to load resource: the server responded with a status of 404 (Not Found) @ http://localhost:3000/api/cloud-relay-host/tasks/process:0
[28528454ms] [WARNING] [cloud-relay-host] background poll skipped SyntaxError: Unexpected token '<', "<!DOCTYPE "... is not valid JSON @ http://localhost:3000/static/js/bundle.js:176
[28588700ms] [ERROR] Failed to load resource: the server responded with a status of 404 (Not Found) @ http://localhost:3000/api/cloud-relay-host/tasks/process:0
[28588701ms] [WARNING] [cloud-relay-host] background poll skipped SyntaxError: Unexpected token '<', "<!DOCTYPE "... is not valid JSON @ http://localhost:3000/static/js/bundle.js:176
[28648403ms] [ERROR] Failed to load resource: the server responded with a status of 404 (Not Found) @ http://localhost:3000/api/cloud-relay-host/tasks/process:0
[28648404ms] [WARNING] [cloud-relay-host] background poll skipped SyntaxError: Unexpected token '<', "<!DOCTYPE "... is not valid JSON @ http://localhost:3000/static/js/bundle.js:176
[28708776ms] [ERROR] Failed to load resource: the server responded with a status of 404 (Not Found) @ http://localhost:3000/api/cloud-relay-host/tasks/process:0
[28708778ms] [WARNING] [cloud-relay-host] background poll skipped SyntaxError: Unexpected token '<', "<!DOCTYPE "... is not valid JSON @ http://localhost:3000/static/js/bundle.js:176
[28768432ms] [ERROR] Failed to load resource: the server responded with a status of 404 (Not Found) @ http://localhost:3000/api/cloud-relay-host/tasks/process:0
[28768437ms] [WARNING] [cloud-relay-host] background poll skipped SyntaxError: Unexpected token '<', "<!DOCTYPE "... is not valid JSON @ http://localhost:3000/static/js/bundle.js:176
[28828704ms] [ERROR] Failed to load resource: the server responded with a status of 404 (Not Found) @ http://localhost:3000/api/cloud-relay-host/tasks/process:0
[28828704ms] [WARNING] [cloud-relay-host] background poll skipped SyntaxError: Unexpected token '<', "<!DOCTYPE "... is not valid JSON @ http://localhost:3000/static/js/bundle.js:176
[28888452ms] [ERROR] Failed to load resource: the server responded with a status of 404 (Not Found) @ http://localhost:3000/api/cloud-relay-host/tasks/process:0
[28888455ms] [WARNING] [cloud-relay-host] background poll skipped SyntaxError: Unexpected token '<', "<!DOCTYPE "... is not valid JSON @ http://localhost:3000/static/js/bundle.js:176
[28948700ms] [ERROR] Failed to load resource: the server responded with a status of 404 (Not Found) @ http://localhost:3000/api/cloud-relay-host/tasks/process:0
[28948701ms] [WARNING] [cloud-relay-host] background poll skipped SyntaxError: Unexpected token '<', "<!DOCTYPE "... is not valid JSON @ http://localhost:3000/static/js/bundle.js:176
[29008440ms] [ERROR] Failed to load resource: the server responded with a status of 404 (Not Found) @ http://localhost:3000/api/cloud-relay-host/tasks/process:0
[29008445ms] [WARNING] [cloud-relay-host] background poll skipped SyntaxError: Unexpected token '<', "<!DOCTYPE "... is not valid JSON @ http://localhost:3000/static/js/bundle.js:176
[29068785ms] [ERROR] Failed to load resource: the server responded with a status of 404 (Not Found) @ http://localhost:3000/api/cloud-relay-host/tasks/process:0
[29068787ms] [WARNING] [cloud-relay-host] background poll skipped SyntaxError: Unexpected token '<', "<!DOCTYPE "... is not valid JSON @ http://localhost:3000/static/js/bundle.js:176
[29128411ms] [ERROR] Failed to load resource: the server responded with a status of 404 (Not Found) @ http://localhost:3000/api/cloud-relay-host/tasks/process:0
[29128411ms] [WARNING] [cloud-relay-host] background poll skipped SyntaxError: Unexpected token '<', "<!DOCTYPE "... is not valid JSON @ http://localhost:3000/static/js/bundle.js:176
[29188763ms] [ERROR] Failed to load resource: the server responded with a status of 404 (Not Found) @ http://localhost:3000/api/cloud-relay-host/tasks/process:0
[29188765ms] [WARNING] [cloud-relay-host] background poll skipped SyntaxError: Unexpected token '<', "<!DOCTYPE "... is not valid JSON @ http://localhost:3000/static/js/bundle.js:176
[29248467ms] [ERROR] Failed to load resource: the server responded with a status of 404 (Not Found) @ http://localhost:3000/api/cloud-relay-host/tasks/process:0
[29248471ms] [WARNING] [cloud-relay-host] background poll skipped SyntaxError: Unexpected token '<', "<!DOCTYPE "... is not valid JSON @ http://localhost:3000/static/js/bundle.js:176
[29308715ms] [ERROR] Failed to load resource: the server responded with a status of 404 (Not Found) @ http://localhost:3000/api/cloud-relay-host/tasks/process:0
[29308716ms] [WARNING] [cloud-relay-host] background poll skipped SyntaxError: Unexpected token '<', "<!DOCTYPE "... is not valid JSON @ http://localhost:3000/static/js/bundle.js:176
[29368421ms] [ERROR] Failed to load resource: the server responded with a status of 404 (Not Found) @ http://localhost:3000/api/cloud-relay-host/tasks/process:0
[29368423ms] [WARNING] [cloud-relay-host] background poll skipped SyntaxError: Unexpected token '<', "<!DOCTYPE "... is not valid JSON @ http://localhost:3000/static/js/bundle.js:176
[29428711ms] [ERROR] Failed to load resource: the server responded with a status of 404 (Not Found) @ http://localhost:3000/api/cloud-relay-host/tasks/process:0
[29428711ms] [WARNING] [cloud-relay-host] background poll skipped SyntaxError: Unexpected token '<', "<!DOCTYPE "... is not valid JSON @ http://localhost:3000/static/js/bundle.js:176
[29488443ms] [ERROR] Failed to load resource: the server responded with a status of 404 (Not Found) @ http://localhost:3000/api/cloud-relay-host/tasks/process:0
[29488447ms] [WARNING] [cloud-relay-host] background poll skipped SyntaxError: Unexpected token '<', "<!DOCTYPE "... is not valid JSON @ http://localhost:3000/static/js/bundle.js:176
[29548719ms] [ERROR] Failed to load resource: the server responded with a status of 404 (Not Found) @ http://localhost:3000/api/cloud-relay-host/tasks/process:0
[29548719ms] [WARNING] [cloud-relay-host] background poll skipped SyntaxError: Unexpected token '<', "<!DOCTYPE "... is not valid JSON @ http://localhost:3000/static/js/bundle.js:176
[29608453ms] [ERROR] Failed to load resource: the server responded with a status of 404 (Not Found) @ http://localhost:3000/api/cloud-relay-host/tasks/process:0
[29608455ms] [WARNING] [cloud-relay-host] background poll skipped SyntaxError: Unexpected token '<', "<!DOCTYPE "... is not valid JSON @ http://localhost:3000/static/js/bundle.js:176
[29668718ms] [ERROR] Failed to load resource: the server responded with a status of 404 (Not Found) @ http://localhost:3000/api/cloud-relay-host/tasks/process:0
[29668719ms] [WARNING] [cloud-relay-host] background poll skipped SyntaxError: Unexpected token '<', "<!DOCTYPE "... is not valid JSON @ http://localhost:3000/static/js/bundle.js:176
[29728420ms] [ERROR] Failed to load resource: the server responded with a status of 404 (Not Found) @ http://localhost:3000/api/cloud-relay-host/tasks/process:0
[29728421ms] [WARNING] [cloud-relay-host] background poll skipped SyntaxError: Unexpected token '<', "<!DOCTYPE "... is not valid JSON @ http://localhost:3000/static/js/bundle.js:176
[29789493ms] [ERROR] Failed to load resource: the server responded with a status of 404 (Not Found) @ http://localhost:3000/api/cloud-relay-host/tasks/process:0
[29789495ms] [WARNING] [cloud-relay-host] background poll skipped SyntaxError: Unexpected token '<', "<!DOCTYPE "... is not valid JSON @ http://localhost:3000/static/js/bundle.js:176
[29848418ms] [ERROR] Failed to load resource: the server responded with a status of 404 (Not Found) @ http://localhost:3000/api/cloud-relay-host/tasks/process:0
[29848418ms] [WARNING] [cloud-relay-host] background poll skipped SyntaxError: Unexpected token '<', "<!DOCTYPE "... is not valid JSON @ http://localhost:3000/static/js/bundle.js:176
[29908728ms] [ERROR] Failed to load resource: the server responded with a status of 404 (Not Found) @ http://localhost:3000/api/cloud-relay-host/tasks/process:0
[29908728ms] [WARNING] [cloud-relay-host] background poll skipped SyntaxError: Unexpected token '<', "<!DOCTYPE "... is not valid JSON @ http://localhost:3000/static/js/bundle.js:176
[29968502ms] [ERROR] Failed to load resource: the server responded with a status of 404 (Not Found) @ http://localhost:3000/api/cloud-relay-host/tasks/process:0
[29968505ms] [WARNING] [cloud-relay-host] background poll skipped SyntaxError: Unexpected token '<', "<!DOCTYPE "... is not valid JSON @ http://localhost:3000/static/js/bundle.js:176
[30028731ms] [ERROR] Failed to load resource: the server responded with a status of 404 (Not Found) @ http://localhost:3000/api/cloud-relay-host/tasks/process:0
[30028732ms] [WARNING] [cloud-relay-host] background poll skipped SyntaxError: Unexpected token '<', "<!DOCTYPE "... is not valid JSON @ http://localhost:3000/static/js/bundle.js:176
[30088469ms] [ERROR] Failed to load resource: the server responded with a status of 404 (Not Found) @ http://localhost:3000/api/cloud-relay-host/tasks/process:0
[30088472ms] [WARNING] [cloud-relay-host] background poll skipped SyntaxError: Unexpected token '<', "<!DOCTYPE "... is not valid JSON @ http://localhost:3000/static/js/bundle.js:176
[30148748ms] [ERROR] Failed to load resource: the server responded with a status of 404 (Not Found) @ http://localhost:3000/api/cloud-relay-host/tasks/process:0
[30148749ms] [WARNING] [cloud-relay-host] background poll skipped SyntaxError: Unexpected token '<', "<!DOCTYPE "... is not valid JSON @ http://localhost:3000/static/js/bundle.js:176
[30208460ms] [ERROR] Failed to load resource: the server responded with a status of 404 (Not Found) @ http://localhost:3000/api/cloud-relay-host/tasks/process:0
[30208462ms] [WARNING] [cloud-relay-host] background poll skipped SyntaxError: Unexpected token '<', "<!DOCTYPE "... is not valid JSON @ http://localhost:3000/static/js/bundle.js:176
[30268805ms] [ERROR] Failed to load resource: the server responded with a status of 404 (Not Found) @ http://localhost:3000/api/cloud-relay-host/tasks/process:0
[30268807ms] [WARNING] [cloud-relay-host] background poll skipped SyntaxError: Unexpected token '<', "<!DOCTYPE "... is not valid JSON @ http://localhost:3000/static/js/bundle.js:176
[30328424ms] [ERROR] Failed to load resource: the server responded with a status of 404 (Not Found) @ http://localhost:3000/api/cloud-relay-host/tasks/process:0
[30328424ms] [WARNING] [cloud-relay-host] background poll skipped SyntaxError: Unexpected token '<', "<!DOCTYPE "... is not valid JSON @ http://localhost:3000/static/js/bundle.js:176
[30388924ms] [ERROR] Failed to load resource: the server responded with a status of 404 (Not Found) @ http://localhost:3000/api/cloud-relay-host/tasks/process:0
[30388927ms] [WARNING] [cloud-relay-host] background poll skipped SyntaxError: Unexpected token '<', "<!DOCTYPE "... is not valid JSON @ http://localhost:3000/static/js/bundle.js:176
[30448497ms] [ERROR] Failed to load resource: the server responded with a status of 404 (Not Found) @ http://localhost:3000/api/cloud-relay-host/tasks/process:0
[30448502ms] [WARNING] [cloud-relay-host] background poll skipped SyntaxError: Unexpected token '<', "<!DOCTYPE "... is not valid JSON @ http://localhost:3000/static/js/bundle.js:176
[30508731ms] [ERROR] Failed to load resource: the server responded with a status of 404 (Not Found) @ http://localhost:3000/api/cloud-relay-host/tasks/process:0
[30508732ms] [WARNING] [cloud-relay-host] background poll skipped SyntaxError: Unexpected token '<', "<!DOCTYPE "... is not valid JSON @ http://localhost:3000/static/js/bundle.js:176
[30568435ms] [ERROR] Failed to load resource: the server responded with a status of 404 (Not Found) @ http://localhost:3000/api/cloud-relay-host/tasks/process:0
[30568435ms] [WARNING] [cloud-relay-host] background poll skipped SyntaxError: Unexpected token '<', "<!DOCTYPE "... is not valid JSON @ http://localhost:3000/static/js/bundle.js:176
[30628839ms] [ERROR] Failed to load resource: the server responded with a status of 404 (Not Found) @ http://localhost:3000/api/cloud-relay-host/tasks/process:0
[30628842ms] [WARNING] [cloud-relay-host] background poll skipped SyntaxError: Unexpected token '<', "<!DOCTYPE "... is not valid JSON @ http://localhost:3000/static/js/bundle.js:176
[30688431ms] [ERROR] Failed to load resource: the server responded with a status of 404 (Not Found) @ http://localhost:3000/api/cloud-relay-host/tasks/process:0
[30688431ms] [WARNING] [cloud-relay-host] background poll skipped SyntaxError: Unexpected token '<', "<!DOCTYPE "... is not valid JSON @ http://localhost:3000/static/js/bundle.js:176
[30748851ms] [ERROR] Failed to load resource: the server responded with a status of 404 (Not Found) @ http://localhost:3000/api/cloud-relay-host/tasks/process:0
[30748852ms] [WARNING] [cloud-relay-host] background poll skipped SyntaxError: Unexpected token '<', "<!DOCTYPE "... is not valid JSON @ http://localhost:3000/static/js/bundle.js:176
[30808538ms] [ERROR] Failed to load resource: the server responded with a status of 404 (Not Found) @ http://localhost:3000/api/cloud-relay-host/tasks/process:0
[30808541ms] [WARNING] [cloud-relay-host] background poll skipped SyntaxError: Unexpected token '<', "<!DOCTYPE "... is not valid JSON @ http://localhost:3000/static/js/bundle.js:176
[30868748ms] [ERROR] Failed to load resource: the server responded with a status of 404 (Not Found) @ http://localhost:3000/api/cloud-relay-host/tasks/process:0
[30868748ms] [WARNING] [cloud-relay-host] background poll skipped SyntaxError: Unexpected token '<', "<!DOCTYPE "... is not valid JSON @ http://localhost:3000/static/js/bundle.js:176
[30928435ms] [ERROR] Failed to load resource: the server responded with a status of 404 (Not Found) @ http://localhost:3000/api/cloud-relay-host/tasks/process:0
[30928435ms] [WARNING] [cloud-relay-host] background poll skipped SyntaxError: Unexpected token '<', "<!DOCTYPE "... is not valid JSON @ http://localhost:3000/static/js/bundle.js:176
[30988751ms] [ERROR] Failed to load resource: the server responded with a status of 404 (Not Found) @ http://localhost:3000/api/cloud-relay-host/tasks/process:0
[30988752ms] [WARNING] [cloud-relay-host] background poll skipped SyntaxError: Unexpected token '<', "<!DOCTYPE "... is not valid JSON @ http://localhost:3000/static/js/bundle.js:176
[31048436ms] [ERROR] Failed to load resource: the server responded with a status of 404 (Not Found) @ http://localhost:3000/api/cloud-relay-host/tasks/process:0
[31048436ms] [WARNING] [cloud-relay-host] background poll skipped SyntaxError: Unexpected token '<', "<!DOCTYPE "... is not valid JSON @ http://localhost:3000/static/js/bundle.js:176
[31108790ms] [ERROR] Failed to load resource: the server responded with a status of 404 (Not Found) @ http://localhost:3000/api/cloud-relay-host/tasks/process:0
[31108793ms] [WARNING] [cloud-relay-host] background poll skipped SyntaxError: Unexpected token '<', "<!DOCTYPE "... is not valid JSON @ http://localhost:3000/static/js/bundle.js:176
[31168433ms] [ERROR] Failed to load resource: the server responded with a status of 404 (Not Found) @ http://localhost:3000/api/cloud-relay-host/tasks/process:0
[31168433ms] [WARNING] [cloud-relay-host] background poll skipped SyntaxError: Unexpected token '<', "<!DOCTYPE "... is not valid JSON @ http://localhost:3000/static/js/bundle.js:176
[31228753ms] [ERROR] Failed to load resource: the server responded with a status of 404 (Not Found) @ http://localhost:3000/api/cloud-relay-host/tasks/process:0
[31228754ms] [WARNING] [cloud-relay-host] background poll skipped SyntaxError: Unexpected token '<', "<!DOCTYPE "... is not valid JSON @ http://localhost:3000/static/js/bundle.js:176
[31288495ms] [ERROR] Failed to load resource: the server responded with a status of 404 (Not Found) @ http://localhost:3000/api/cloud-relay-host/tasks/process:0
[31288498ms] [WARNING] [cloud-relay-host] background poll skipped SyntaxError: Unexpected token '<', "<!DOCTYPE "... is not valid JSON @ http://localhost:3000/static/js/bundle.js:176
[31348756ms] [ERROR] Failed to load resource: the server responded with a status of 404 (Not Found) @ http://localhost:3000/api/cloud-relay-host/tasks/process:0
[31348756ms] [WARNING] [cloud-relay-host] background poll skipped SyntaxError: Unexpected token '<', "<!DOCTYPE "... is not valid JSON @ http://localhost:3000/static/js/bundle.js:176
[31408473ms] [ERROR] Failed to load resource: the server responded with a status of 404 (Not Found) @ http://localhost:3000/api/cloud-relay-host/tasks/process:0
[31408476ms] [WARNING] [cloud-relay-host] background poll skipped SyntaxError: Unexpected token '<', "<!DOCTYPE "... is not valid JSON @ http://localhost:3000/static/js/bundle.js:176
[31468855ms] [ERROR] Failed to load resource: the server responded with a status of 404 (Not Found) @ http://localhost:3000/api/cloud-relay-host/tasks/process:0
[31468859ms] [WARNING] [cloud-relay-host] background poll skipped SyntaxError: Unexpected token '<', "<!DOCTYPE "... is not valid JSON @ http://localhost:3000/static/js/bundle.js:176
[31528446ms] [ERROR] Failed to load resource: the server responded with a status of 404 (Not Found) @ http://localhost:3000/api/cloud-relay-host/tasks/process:0
[31528447ms] [WARNING] [cloud-relay-host] background poll skipped SyntaxError: Unexpected token '<', "<!DOCTYPE "... is not valid JSON @ http://localhost:3000/static/js/bundle.js:176
[31588780ms] [ERROR] Failed to load resource: the server responded with a status of 404 (Not Found) @ http://localhost:3000/api/cloud-relay-host/tasks/process:0
[31588782ms] [WARNING] [cloud-relay-host] background poll skipped SyntaxError: Unexpected token '<', "<!DOCTYPE "... is not valid JSON @ http://localhost:3000/static/js/bundle.js:176
[31648456ms] [ERROR] Failed to load resource: the server responded with a status of 404 (Not Found) @ http://localhost:3000/api/cloud-relay-host/tasks/process:0
[31648456ms] [WARNING] [cloud-relay-host] background poll skipped SyntaxError: Unexpected token '<', "<!DOCTYPE "... is not valid JSON @ http://localhost:3000/static/js/bundle.js:176
[31708757ms] [ERROR] Failed to load resource: the server responded with a status of 404 (Not Found) @ http://localhost:3000/api/cloud-relay-host/tasks/process:0
[31708757ms] [WARNING] [cloud-relay-host] background poll skipped SyntaxError: Unexpected token '<', "<!DOCTYPE "... is not valid JSON @ http://localhost:3000/static/js/bundle.js:176
[31768463ms] [ERROR] Failed to load resource: the server responded with a status of 404 (Not Found) @ http://localhost:3000/api/cloud-relay-host/tasks/process:0
[31768464ms] [WARNING] [cloud-relay-host] background poll skipped SyntaxError: Unexpected token '<', "<!DOCTYPE "... is not valid JSON @ http://localhost:3000/static/js/bundle.js:176
[31828806ms] [ERROR] Failed to load resource: the server responded with a status of 404 (Not Found) @ http://localhost:3000/api/cloud-relay-host/tasks/process:0
[31828808ms] [WARNING] [cloud-relay-host] background poll skipped SyntaxError: Unexpected token '<', "<!DOCTYPE "... is not valid JSON @ http://localhost:3000/static/js/bundle.js:176
[31888450ms] [ERROR] Failed to load resource: the server responded with a status of 404 (Not Found) @ http://localhost:3000/api/cloud-relay-host/tasks/process:0
[31888451ms] [WARNING] [cloud-relay-host] background poll skipped SyntaxError: Unexpected token '<', "<!DOCTYPE "... is not valid JSON @ http://localhost:3000/static/js/bundle.js:176
[31948799ms] [ERROR] Failed to load resource: the server responded with a status of 404 (Not Found) @ http://localhost:3000/api/cloud-relay-host/tasks/process:0
[31948801ms] [WARNING] [cloud-relay-host] background poll skipped SyntaxError: Unexpected token '<', "<!DOCTYPE "... is not valid JSON @ http://localhost:3000/static/js/bundle.js:176
[32008452ms] [ERROR] Failed to load resource: the server responded with a status of 404 (Not Found) @ http://localhost:3000/api/cloud-relay-host/tasks/process:0
[32008453ms] [WARNING] [cloud-relay-host] background poll skipped SyntaxError: Unexpected token '<', "<!DOCTYPE "... is not valid JSON @ http://localhost:3000/static/js/bundle.js:176
[32068789ms] [ERROR] Failed to load resource: the server responded with a status of 404 (Not Found) @ http://localhost:3000/api/cloud-relay-host/tasks/process:0
[32068791ms] [WARNING] [cloud-relay-host] background poll skipped SyntaxError: Unexpected token '<', "<!DOCTYPE "... is not valid JSON @ http://localhost:3000/static/js/bundle.js:176
[32128454ms] [ERROR] Failed to load resource: the server responded with a status of 404 (Not Found) @ http://localhost:3000/api/cloud-relay-host/tasks/process:0
[32128455ms] [WARNING] [cloud-relay-host] background poll skipped SyntaxError: Unexpected token '<', "<!DOCTYPE "... is not valid JSON @ http://localhost:3000/static/js/bundle.js:176
[32188758ms] [ERROR] Failed to load resource: the server responded with a status of 404 (Not Found) @ http://localhost:3000/api/cloud-relay-host/tasks/process:0
[32188758ms] [WARNING] [cloud-relay-host] background poll skipped SyntaxError: Unexpected token '<', "<!DOCTYPE "... is not valid JSON @ http://localhost:3000/static/js/bundle.js:176
[32248484ms] [ERROR] Failed to load resource: the server responded with a status of 404 (Not Found) @ http://localhost:3000/api/cloud-relay-host/tasks/process:0
[32248486ms] [WARNING] [cloud-relay-host] background poll skipped SyntaxError: Unexpected token '<', "<!DOCTYPE "... is not valid JSON @ http://localhost:3000/static/js/bundle.js:176
[32308766ms] [ERROR] Failed to load resource: the server responded with a status of 404 (Not Found) @ http://localhost:3000/api/cloud-relay-host/tasks/process:0
[32308767ms] [WARNING] [cloud-relay-host] background poll skipped SyntaxError: Unexpected token '<', "<!DOCTYPE "... is not valid JSON @ http://localhost:3000/static/js/bundle.js:176
[32368481ms] [ERROR] Failed to load resource: the server responded with a status of 404 (Not Found) @ http://localhost:3000/api/cloud-relay-host/tasks/process:0
[32368482ms] [WARNING] [cloud-relay-host] background poll skipped SyntaxError: Unexpected token '<', "<!DOCTYPE "... is not valid JSON @ http://localhost:3000/static/js/bundle.js:176
[32428764ms] [ERROR] Failed to load resource: the server responded with a status of 404 (Not Found) @ http://localhost:3000/api/cloud-relay-host/tasks/process:0
[32428765ms] [WARNING] [cloud-relay-host] background poll skipped SyntaxError: Unexpected token '<', "<!DOCTYPE "... is not valid JSON @ http://localhost:3000/static/js/bundle.js:176
[32488481ms] [ERROR] Failed to load resource: the server responded with a status of 404 (Not Found) @ http://localhost:3000/api/cloud-relay-host/tasks/process:0
[32488489ms] [WARNING] [cloud-relay-host] background poll skipped SyntaxError: Unexpected token '<', "<!DOCTYPE "... is not valid JSON @ http://localhost:3000/static/js/bundle.js:176
[32548775ms] [ERROR] Failed to load resource: the server responded with a status of 404 (Not Found) @ http://localhost:3000/api/cloud-relay-host/tasks/process:0
[32548775ms] [WARNING] [cloud-relay-host] background poll skipped SyntaxError: Unexpected token '<', "<!DOCTYPE "... is not valid JSON @ http://localhost:3000/static/js/bundle.js:176
[32608480ms] [ERROR] Failed to load resource: the server responded with a status of 404 (Not Found) @ http://localhost:3000/api/cloud-relay-host/tasks/process:0
[32608482ms] [WARNING] [cloud-relay-host] background poll skipped SyntaxError: Unexpected token '<', "<!DOCTYPE "... is not valid JSON @ http://localhost:3000/static/js/bundle.js:176
[32668773ms] [ERROR] Failed to load resource: the server responded with a status of 404 (Not Found) @ http://localhost:3000/api/cloud-relay-host/tasks/process:0
[32668773ms] [WARNING] [cloud-relay-host] background poll skipped SyntaxError: Unexpected token '<', "<!DOCTYPE "... is not valid JSON @ http://localhost:3000/static/js/bundle.js:176
[32728499ms] [ERROR] Failed to load resource: the server responded with a status of 404 (Not Found) @ http://localhost:3000/api/cloud-relay-host/tasks/process:0
[32728505ms] [WARNING] [cloud-relay-host] background poll skipped SyntaxError: Unexpected token '<', "<!DOCTYPE "... is not valid JSON @ http://localhost:3000/static/js/bundle.js:176
[32788780ms] [ERROR] Failed to load resource: the server responded with a status of 404 (Not Found) @ http://localhost:3000/api/cloud-relay-host/tasks/process:0
[32788781ms] [WARNING] [cloud-relay-host] background poll skipped SyntaxError: Unexpected token '<', "<!DOCTYPE "... is not valid JSON @ http://localhost:3000/static/js/bundle.js:176
[32848482ms] [ERROR] Failed to load resource: the server responded with a status of 404 (Not Found) @ http://localhost:3000/api/cloud-relay-host/tasks/process:0
[32848484ms] [WARNING] [cloud-relay-host] background poll skipped SyntaxError: Unexpected token '<', "<!DOCTYPE "... is not valid JSON @ http://localhost:3000/static/js/bundle.js:176
[32908820ms] [ERROR] Failed to load resource: the server responded with a status of 404 (Not Found) @ http://localhost:3000/api/cloud-relay-host/tasks/process:0
[32908825ms] [WARNING] [cloud-relay-host] background poll skipped SyntaxError: Unexpected token '<', "<!DOCTYPE "... is not valid JSON @ http://localhost:3000/static/js/bundle.js:176
[32968466ms] [ERROR] Failed to load resource: the server responded with a status of 404 (Not Found) @ http://localhost:3000/api/cloud-relay-host/tasks/process:0
[32968467ms] [WARNING] [cloud-relay-host] background poll skipped SyntaxError: Unexpected token '<', "<!DOCTYPE "... is not valid JSON @ http://localhost:3000/static/js/bundle.js:176
[33028814ms] [ERROR] Failed to load resource: the server responded with a status of 404 (Not Found) @ http://localhost:3000/api/cloud-relay-host/tasks/process:0
[33028816ms] [WARNING] [cloud-relay-host] background poll skipped SyntaxError: Unexpected token '<', "<!DOCTYPE "... is not valid JSON @ http://localhost:3000/static/js/bundle.js:176
[33088471ms] [ERROR] Failed to load resource: the server responded with a status of 404 (Not Found) @ http://localhost:3000/api/cloud-relay-host/tasks/process:0
[33088471ms] [WARNING] [cloud-relay-host] background poll skipped SyntaxError: Unexpected token '<', "<!DOCTYPE "... is not valid JSON @ http://localhost:3000/static/js/bundle.js:176
[33148812ms] [ERROR] Failed to load resource: the server responded with a status of 404 (Not Found) @ http://localhost:3000/api/cloud-relay-host/tasks/process:0
[33148814ms] [WARNING] [cloud-relay-host] background poll skipped SyntaxError: Unexpected token '<', "<!DOCTYPE "... is not valid JSON @ http://localhost:3000/static/js/bundle.js:176
[33208476ms] [ERROR] Failed to load resource: the server responded with a status of 404 (Not Found) @ http://localhost:3000/api/cloud-relay-host/tasks/process:0
[33208476ms] [WARNING] [cloud-relay-host] background poll skipped SyntaxError: Unexpected token '<', "<!DOCTYPE "... is not valid JSON @ http://localhost:3000/static/js/bundle.js:176
[33268790ms] [ERROR] Failed to load resource: the server responded with a status of 404 (Not Found) @ http://localhost:3000/api/cloud-relay-host/tasks/process:0
[33268790ms] [WARNING] [cloud-relay-host] background poll skipped SyntaxError: Unexpected token '<', "<!DOCTYPE "... is not valid JSON @ http://localhost:3000/static/js/bundle.js:176
[33328484ms] [ERROR] Failed to load resource: the server responded with a status of 404 (Not Found) @ http://localhost:3000/api/cloud-relay-host/tasks/process:0
[33328484ms] [WARNING] [cloud-relay-host] background poll skipped SyntaxError: Unexpected token '<', "<!DOCTYPE "... is not valid JSON @ http://localhost:3000/static/js/bundle.js:176
[33388837ms] [ERROR] Failed to load resource: the server responded with a status of 404 (Not Found) @ http://localhost:3000/api/cloud-relay-host/tasks/process:0
[33388841ms] [WARNING] [cloud-relay-host] background poll skipped SyntaxError: Unexpected token '<', "<!DOCTYPE "... is not valid JSON @ http://localhost:3000/static/js/bundle.js:176
[33448479ms] [ERROR] Failed to load resource: the server responded with a status of 404 (Not Found) @ http://localhost:3000/api/cloud-relay-host/tasks/process:0
[33448480ms] [WARNING] [cloud-relay-host] background poll skipped SyntaxError: Unexpected token '<', "<!DOCTYPE "... is not valid JSON @ http://localhost:3000/static/js/bundle.js:176
[33508816ms] [ERROR] Failed to load resource: the server responded with a status of 404 (Not Found) @ http://localhost:3000/api/cloud-relay-host/tasks/process:0
[33508817ms] [WARNING] [cloud-relay-host] background poll skipped SyntaxError: Unexpected token '<', "<!DOCTYPE "... is not valid JSON @ http://localhost:3000/static/js/bundle.js:176
[33568481ms] [ERROR] Failed to load resource: the server responded with a status of 404 (Not Found) @ http://localhost:3000/api/cloud-relay-host/tasks/process:0
[33568481ms] [WARNING] [cloud-relay-host] background poll skipped SyntaxError: Unexpected token '<', "<!DOCTYPE "... is not valid JSON @ http://localhost:3000/static/js/bundle.js:176
[33628814ms] [ERROR] Failed to load resource: the server responded with a status of 404 (Not Found) @ http://localhost:3000/api/cloud-relay-host/tasks/process:0
[33628816ms] [WARNING] [cloud-relay-host] background poll skipped SyntaxError: Unexpected token '<', "<!DOCTYPE "... is not valid JSON @ http://localhost:3000/static/js/bundle.js:176
[33688484ms] [ERROR] Failed to load resource: the server responded with a status of 404 (Not Found) @ http://localhost:3000/api/cloud-relay-host/tasks/process:0
[33688484ms] [WARNING] [cloud-relay-host] background poll skipped SyntaxError: Unexpected token '<', "<!DOCTYPE "... is not valid JSON @ http://localhost:3000/static/js/bundle.js:176
[33748811ms] [ERROR] Failed to load resource: the server responded with a status of 404 (Not Found) @ http://localhost:3000/api/cloud-relay-host/tasks/process:0
[33748812ms] [WARNING] [cloud-relay-host] background poll skipped SyntaxError: Unexpected token '<', "<!DOCTYPE "... is not valid JSON @ http://localhost:3000/static/js/bundle.js:176
[33808482ms] [ERROR] Failed to load resource: the server responded with a status of 404 (Not Found) @ http://localhost:3000/api/cloud-relay-host/tasks/process:0
[33808483ms] [WARNING] [cloud-relay-host] background poll skipped SyntaxError: Unexpected token '<', "<!DOCTYPE "... is not valid JSON @ http://localhost:3000/static/js/bundle.js:176
[33868813ms] [ERROR] Failed to load resource: the server responded with a status of 404 (Not Found) @ http://localhost:3000/api/cloud-relay-host/tasks/process:0
[33868815ms] [WARNING] [cloud-relay-host] background poll skipped SyntaxError: Unexpected token '<', "<!DOCTYPE "... is not valid JSON @ http://localhost:3000/static/js/bundle.js:176
[33928483ms] [ERROR] Failed to load resource: the server responded with a status of 404 (Not Found) @ http://localhost:3000/api/cloud-relay-host/tasks/process:0
[33928484ms] [WARNING] [cloud-relay-host] background poll skipped SyntaxError: Unexpected token '<', "<!DOCTYPE "... is not valid JSON @ http://localhost:3000/static/js/bundle.js:176
[33988796ms] [ERROR] Failed to load resource: the server responded with a status of 404 (Not Found) @ http://localhost:3000/api/cloud-relay-host/tasks/process:0
[33988797ms] [WARNING] [cloud-relay-host] background poll skipped SyntaxError: Unexpected token '<', "<!DOCTYPE "... is not valid JSON @ http://localhost:3000/static/js/bundle.js:176
[34048502ms] [ERROR] Failed to load resource: the server responded with a status of 404 (Not Found) @ http://localhost:3000/api/cloud-relay-host/tasks/process:0
[34048503ms] [WARNING] [cloud-relay-host] background poll skipped SyntaxError: Unexpected token '<', "<!DOCTYPE "... is not valid JSON @ http://localhost:3000/static/js/bundle.js:176
[34108792ms] [ERROR] Failed to load resource: the server responded with a status of 404 (Not Found) @ http://localhost:3000/api/cloud-relay-host/tasks/process:0
[34108792ms] [WARNING] [cloud-relay-host] background poll skipped SyntaxError: Unexpected token '<', "<!DOCTYPE "... is not valid JSON @ http://localhost:3000/static/js/bundle.js:176
[34168527ms] [ERROR] Failed to load resource: the server responded with a status of 404 (Not Found) @ http://localhost:3000/api/cloud-relay-host/tasks/process:0
[34168529ms] [WARNING] [cloud-relay-host] background poll skipped SyntaxError: Unexpected token '<', "<!DOCTYPE "... is not valid JSON @ http://localhost:3000/static/js/bundle.js:176
[34228797ms] [ERROR] Failed to load resource: the server responded with a status of 404 (Not Found) @ http://localhost:3000/api/cloud-relay-host/tasks/process:0
[34228797ms] [WARNING] [cloud-relay-host] background poll skipped SyntaxError: Unexpected token '<', "<!DOCTYPE "... is not valid JSON @ http://localhost:3000/static/js/bundle.js:176
[34288537ms] [ERROR] Failed to load resource: the server responded with a status of 404 (Not Found) @ http://localhost:3000/api/cloud-relay-host/tasks/process:0
[34288540ms] [WARNING] [cloud-relay-host] background poll skipped SyntaxError: Unexpected token '<', "<!DOCTYPE "... is not valid JSON @ http://localhost:3000/static/js/bundle.js:176
[34348801ms] [ERROR] Failed to load resource: the server responded with a status of 404 (Not Found) @ http://localhost:3000/api/cloud-relay-host/tasks/process:0
[34348801ms] [WARNING] [cloud-relay-host] background poll skipped SyntaxError: Unexpected token '<', "<!DOCTYPE "... is not valid JSON @ http://localhost:3000/static/js/bundle.js:176
[34408535ms] [ERROR] Failed to load resource: the server responded with a status of 404 (Not Found) @ http://localhost:3000/api/cloud-relay-host/tasks/process:0
[34408538ms] [WARNING] [cloud-relay-host] background poll skipped SyntaxError: Unexpected token '<', "<!DOCTYPE "... is not valid JSON @ http://localhost:3000/static/js/bundle.js:176
[34468807ms] [ERROR] Failed to load resource: the server responded with a status of 404 (Not Found) @ http://localhost:3000/api/cloud-relay-host/tasks/process:0
[34468808ms] [WARNING] [cloud-relay-host] background poll skipped SyntaxError: Unexpected token '<', "<!DOCTYPE "... is not valid JSON @ http://localhost:3000/static/js/bundle.js:176
[34528529ms] [ERROR] Failed to load resource: the server responded with a status of 404 (Not Found) @ http://localhost:3000/api/cloud-relay-host/tasks/process:0
[34528530ms] [WARNING] [cloud-relay-host] background poll skipped SyntaxError: Unexpected token '<', "<!DOCTYPE "... is not valid JSON @ http://localhost:3000/static/js/bundle.js:176
[34588794ms] [ERROR] Failed to load resource: the server responded with a status of 404 (Not Found) @ http://localhost:3000/api/cloud-relay-host/tasks/process:0
[34588795ms] [WARNING] [cloud-relay-host] background poll skipped SyntaxError: Unexpected token '<', "<!DOCTYPE "... is not valid JSON @ http://localhost:3000/static/js/bundle.js:176
[34648525ms] [ERROR] Failed to load resource: the server responded with a status of 404 (Not Found) @ http://localhost:3000/api/cloud-relay-host/tasks/process:0
[34648527ms] [WARNING] [cloud-relay-host] background poll skipped SyntaxError: Unexpected token '<', "<!DOCTYPE "... is not valid JSON @ http://localhost:3000/static/js/bundle.js:176
[34708809ms] [ERROR] Failed to load resource: the server responded with a status of 404 (Not Found) @ http://localhost:3000/api/cloud-relay-host/tasks/process:0
[34708810ms] [WARNING] [cloud-relay-host] background poll skipped SyntaxError: Unexpected token '<', "<!DOCTYPE "... is not valid JSON @ http://localhost:3000/static/js/bundle.js:176
[34768519ms] [ERROR] Failed to load resource: the server responded with a status of 404 (Not Found) @ http://localhost:3000/api/cloud-relay-host/tasks/process:0
[34768521ms] [WARNING] [cloud-relay-host] background poll skipped SyntaxError: Unexpected token '<', "<!DOCTYPE "... is not valid JSON @ http://localhost:3000/static/js/bundle.js:176
[34828819ms] [ERROR] Failed to load resource: the server responded with a status of 404 (Not Found) @ http://localhost:3000/api/cloud-relay-host/tasks/process:0
[34828819ms] [WARNING] [cloud-relay-host] background poll skipped SyntaxError: Unexpected token '<', "<!DOCTYPE "... is not valid JSON @ http://localhost:3000/static/js/bundle.js:176
[34888521ms] [ERROR] Failed to load resource: the server responded with a status of 404 (Not Found) @ http://localhost:3000/api/cloud-relay-host/tasks/process:0
[34888522ms] [WARNING] [cloud-relay-host] background poll skipped SyntaxError: Unexpected token '<', "<!DOCTYPE "... is not valid JSON @ http://localhost:3000/static/js/bundle.js:176
[34948815ms] [ERROR] Failed to load resource: the server responded with a status of 404 (Not Found) @ http://localhost:3000/api/cloud-relay-host/tasks/process:0
[34948816ms] [WARNING] [cloud-relay-host] background poll skipped SyntaxError: Unexpected token '<', "<!DOCTYPE "... is not valid JSON @ http://localhost:3000/static/js/bundle.js:176
[35008536ms] [ERROR] Failed to load resource: the server responded with a status of 404 (Not Found) @ http://localhost:3000/api/cloud-relay-host/tasks/process:0
[35008538ms] [WARNING] [cloud-relay-host] background poll skipped SyntaxError: Unexpected token '<', "<!DOCTYPE "... is not valid JSON @ http://localhost:3000/static/js/bundle.js:176
[35068821ms] [ERROR] Failed to load resource: the server responded with a status of 404 (Not Found) @ http://localhost:3000/api/cloud-relay-host/tasks/process:0
[35068821ms] [WARNING] [cloud-relay-host] background poll skipped SyntaxError: Unexpected token '<', "<!DOCTYPE "... is not valid JSON @ http://localhost:3000/static/js/bundle.js:176
[35128527ms] [ERROR] Failed to load resource: the server responded with a status of 404 (Not Found) @ http://localhost:3000/api/cloud-relay-host/tasks/process:0
[35128529ms] [WARNING] [cloud-relay-host] background poll skipped SyntaxError: Unexpected token '<', "<!DOCTYPE "... is not valid JSON @ http://localhost:3000/static/js/bundle.js:176
[35188819ms] [ERROR] Failed to load resource: the server responded with a status of 404 (Not Found) @ http://localhost:3000/api/cloud-relay-host/tasks/process:0
[35188820ms] [WARNING] [cloud-relay-host] background poll skipped SyntaxError: Unexpected token '<', "<!DOCTYPE "... is not valid JSON @ http://localhost:3000/static/js/bundle.js:176
[35248527ms] [ERROR] Failed to load resource: the server responded with a status of 404 (Not Found) @ http://localhost:3000/api/cloud-relay-host/tasks/process:0
[35248529ms] [WARNING] [cloud-relay-host] background poll skipped SyntaxError: Unexpected token '<', "<!DOCTYPE "... is not valid JSON @ http://localhost:3000/static/js/bundle.js:176
[35308823ms] [ERROR] Failed to load resource: the server responded with a status of 404 (Not Found) @ http://localhost:3000/api/cloud-relay-host/tasks/process:0
[35308824ms] [WARNING] [cloud-relay-host] background poll skipped SyntaxError: Unexpected token '<', "<!DOCTYPE "... is not valid JSON @ http://localhost:3000/static/js/bundle.js:176
[35368550ms] [ERROR] Failed to load resource: the server responded with a status of 404 (Not Found) @ http://localhost:3000/api/cloud-relay-host/tasks/process:0
[35368553ms] [WARNING] [cloud-relay-host] background poll skipped SyntaxError: Unexpected token '<', "<!DOCTYPE "... is not valid JSON @ http://localhost:3000/static/js/bundle.js:176
[35428837ms] [ERROR] Failed to load resource: the server responded with a status of 404 (Not Found) @ http://localhost:3000/api/cloud-relay-host/tasks/process:0
[35428837ms] [WARNING] [cloud-relay-host] background poll skipped SyntaxError: Unexpected token '<', "<!DOCTYPE "... is not valid JSON @ http://localhost:3000/static/js/bundle.js:176
[35488548ms] [ERROR] Failed to load resource: the server responded with a status of 404 (Not Found) @ http://localhost:3000/api/cloud-relay-host/tasks/process:0
[35488551ms] [WARNING] [cloud-relay-host] background poll skipped SyntaxError: Unexpected token '<', "<!DOCTYPE "... is not valid JSON @ http://localhost:3000/static/js/bundle.js:176
[35548822ms] [ERROR] Failed to load resource: the server responded with a status of 404 (Not Found) @ http://localhost:3000/api/cloud-relay-host/tasks/process:0
[35548823ms] [WARNING] [cloud-relay-host] background poll skipped SyntaxError: Unexpected token '<', "<!DOCTYPE "... is not valid JSON @ http://localhost:3000/static/js/bundle.js:176
[35608545ms] [ERROR] Failed to load resource: the server responded with a status of 404 (Not Found) @ http://localhost:3000/api/cloud-relay-host/tasks/process:0
[35608546ms] [WARNING] [cloud-relay-host] background poll skipped SyntaxError: Unexpected token '<', "<!DOCTYPE "... is not valid JSON @ http://localhost:3000/static/js/bundle.js:176
[35668825ms] [ERROR] Failed to load resource: the server responded with a status of 404 (Not Found) @ http://localhost:3000/api/cloud-relay-host/tasks/process:0
[35668826ms] [WARNING] [cloud-relay-host] background poll skipped SyntaxError: Unexpected token '<', "<!DOCTYPE "... is not valid JSON @ http://localhost:3000/static/js/bundle.js:176
[35728552ms] [ERROR] Failed to load resource: the server responded with a status of 404 (Not Found) @ http://localhost:3000/api/cloud-relay-host/tasks/process:0
[35728554ms] [WARNING] [cloud-relay-host] background poll skipped SyntaxError: Unexpected token '<', "<!DOCTYPE "... is not valid JSON @ http://localhost:3000/static/js/bundle.js:176
[35788830ms] [ERROR] Failed to load resource: the server responded with a status of 404 (Not Found) @ http://localhost:3000/api/cloud-relay-host/tasks/process:0
[35788830ms] [WARNING] [cloud-relay-host] background poll skipped SyntaxError: Unexpected token '<', "<!DOCTYPE "... is not valid JSON @ http://localhost:3000/static/js/bundle.js:176
[35848541ms] [ERROR] Failed to load resource: the server responded with a status of 404 (Not Found) @ http://localhost:3000/api/cloud-relay-host/tasks/process:0
[35848543ms] [WARNING] [cloud-relay-host] background poll skipped SyntaxError: Unexpected token '<', "<!DOCTYPE "... is not valid JSON @ http://localhost:3000/static/js/bundle.js:176
[35908833ms] [ERROR] Failed to load resource: the server responded with a status of 404 (Not Found) @ http://localhost:3000/api/cloud-relay-host/tasks/process:0
[35908834ms] [WARNING] [cloud-relay-host] background poll skipped SyntaxError: Unexpected token '<', "<!DOCTYPE "... is not valid JSON @ http://localhost:3000/static/js/bundle.js:176
[35968544ms] [ERROR] Failed to load resource: the server responded with a status of 404 (Not Found) @ http://localhost:3000/api/cloud-relay-host/tasks/process:0
[35968546ms] [WARNING] [cloud-relay-host] background poll skipped SyntaxError: Unexpected token '<', "<!DOCTYPE "... is not valid JSON @ http://localhost:3000/static/js/bundle.js:176
[36028833ms] [ERROR] Failed to load resource: the server responded with a status of 404 (Not Found) @ http://localhost:3000/api/cloud-relay-host/tasks/process:0
[36028834ms] [WARNING] [cloud-relay-host] background poll skipped SyntaxError: Unexpected token '<', "<!DOCTYPE "... is not valid JSON @ http://localhost:3000/static/js/bundle.js:176
[36088543ms] [ERROR] Failed to load resource: the server responded with a status of 404 (Not Found) @ http://localhost:3000/api/cloud-relay-host/tasks/process:0
[36088544ms] [WARNING] [cloud-relay-host] background poll skipped SyntaxError: Unexpected token '<', "<!DOCTYPE "... is not valid JSON @ http://localhost:3000/static/js/bundle.js:176
[36148830ms] [ERROR] Failed to load resource: the server responded with a status of 404 (Not Found) @ http://localhost:3000/api/cloud-relay-host/tasks/process:0
[36148831ms] [WARNING] [cloud-relay-host] background poll skipped SyntaxError: Unexpected token '<', "<!DOCTYPE "... is not valid JSON @ http://localhost:3000/static/js/bundle.js:176
[36208552ms] [ERROR] Failed to load resource: the server responded with a status of 404 (Not Found) @ http://localhost:3000/api/cloud-relay-host/tasks/process:0
[36208553ms] [WARNING] [cloud-relay-host] background poll skipped SyntaxError: Unexpected token '<', "<!DOCTYPE "... is not valid JSON @ http://localhost:3000/static/js/bundle.js:176
[36268856ms] [ERROR] Failed to load resource: the server responded with a status of 404 (Not Found) @ http://localhost:3000/api/cloud-relay-host/tasks/process:0
[36268858ms] [WARNING] [cloud-relay-host] background poll skipped SyntaxError: Unexpected token '<', "<!DOCTYPE "... is not valid JSON @ http://localhost:3000/static/js/bundle.js:176
[36328525ms] [ERROR] Failed to load resource: the server responded with a status of 404 (Not Found) @ http://localhost:3000/api/cloud-relay-host/tasks/process:0
[36328526ms] [WARNING] [cloud-relay-host] background poll skipped SyntaxError: Unexpected token '<', "<!DOCTYPE "... is not valid JSON @ http://localhost:3000/static/js/bundle.js:176
[36388857ms] [ERROR] Failed to load resource: the server responded with a status of 404 (Not Found) @ http://localhost:3000/api/cloud-relay-host/tasks/process:0
[36388859ms] [WARNING] [cloud-relay-host] background poll skipped SyntaxError: Unexpected token '<', "<!DOCTYPE "... is not valid JSON @ http://localhost:3000/static/js/bundle.js:176
[36448537ms] [ERROR] Failed to load resource: the server responded with a status of 404 (Not Found) @ http://localhost:3000/api/cloud-relay-host/tasks/process:0
[36448538ms] [WARNING] [cloud-relay-host] background poll skipped SyntaxError: Unexpected token '<', "<!DOCTYPE "... is not valid JSON @ http://localhost:3000/static/js/bundle.js:176
[36508866ms] [ERROR] Failed to load resource: the server responded with a status of 404 (Not Found) @ http://localhost:3000/api/cloud-relay-host/tasks/process:0
[36508868ms] [WARNING] [cloud-relay-host] background poll skipped SyntaxError: Unexpected token '<', "<!DOCTYPE "... is not valid JSON @ http://localhost:3000/static/js/bundle.js:176
[36568529ms] [ERROR] Failed to load resource: the server responded with a status of 404 (Not Found) @ http://localhost:3000/api/cloud-relay-host/tasks/process:0
[36568529ms] [WARNING] [cloud-relay-host] background poll skipped SyntaxError: Unexpected token '<', "<!DOCTYPE "... is not valid JSON @ http://localhost:3000/static/js/bundle.js:176
[36628871ms] [ERROR] Failed to load resource: the server responded with a status of 404 (Not Found) @ http://localhost:3000/api/cloud-relay-host/tasks/process:0
[36628873ms] [WARNING] [cloud-relay-host] background poll skipped SyntaxError: Unexpected token '<', "<!DOCTYPE "... is not valid JSON @ http://localhost:3000/static/js/bundle.js:176
[36688538ms] [ERROR] Failed to load resource: the server responded with a status of 404 (Not Found) @ http://localhost:3000/api/cloud-relay-host/tasks/process:0
[36688538ms] [WARNING] [cloud-relay-host] background poll skipped SyntaxError: Unexpected token '<', "<!DOCTYPE "... is not valid JSON @ http://localhost:3000/static/js/bundle.js:176
[36748874ms] [ERROR] Failed to load resource: the server responded with a status of 404 (Not Found) @ http://localhost:3000/api/cloud-relay-host/tasks/process:0
[36748876ms] [WARNING] [cloud-relay-host] background poll skipped SyntaxError: Unexpected token '<', "<!DOCTYPE "... is not valid JSON @ http://localhost:3000/static/js/bundle.js:176
[36808534ms] [ERROR] Failed to load resource: the server responded with a status of 404 (Not Found) @ http://localhost:3000/api/cloud-relay-host/tasks/process:0
[36808535ms] [WARNING] [cloud-relay-host] background poll skipped SyntaxError: Unexpected token '<', "<!DOCTYPE "... is not valid JSON @ http://localhost:3000/static/js/bundle.js:176
[36868869ms] [ERROR] Failed to load resource: the server responded with a status of 404 (Not Found) @ http://localhost:3000/api/cloud-relay-host/tasks/process:0
[36868870ms] [WARNING] [cloud-relay-host] background poll skipped SyntaxError: Unexpected token '<', "<!DOCTYPE "... is not valid JSON @ http://localhost:3000/static/js/bundle.js:176
[36928544ms] [ERROR] Failed to load resource: the server responded with a status of 404 (Not Found) @ http://localhost:3000/api/cloud-relay-host/tasks/process:0
[36928544ms] [WARNING] [cloud-relay-host] background poll skipped SyntaxError: Unexpected token '<', "<!DOCTYPE "... is not valid JSON @ http://localhost:3000/static/js/bundle.js:176
[36988871ms] [ERROR] Failed to load resource: the server responded with a status of 404 (Not Found) @ http://localhost:3000/api/cloud-relay-host/tasks/process:0
[36988873ms] [WARNING] [cloud-relay-host] background poll skipped SyntaxError: Unexpected token '<', "<!DOCTYPE "... is not valid JSON @ http://localhost:3000/static/js/bundle.js:176
[37048547ms] [ERROR] Failed to load resource: the server responded with a status of 404 (Not Found) @ http://localhost:3000/api/cloud-relay-host/tasks/process:0
[37048547ms] [WARNING] [cloud-relay-host] background poll skipped SyntaxError: Unexpected token '<', "<!DOCTYPE "... is not valid JSON @ http://localhost:3000/static/js/bundle.js:176
[37108869ms] [ERROR] Failed to load resource: the server responded with a status of 404 (Not Found) @ http://localhost:3000/api/cloud-relay-host/tasks/process:0
[37108871ms] [WARNING] [cloud-relay-host] background poll skipped SyntaxError: Unexpected token '<', "<!DOCTYPE "... is not valid JSON @ http://localhost:3000/static/js/bundle.js:176
[37168548ms] [ERROR] Failed to load resource: the server responded with a status of 404 (Not Found) @ http://localhost:3000/api/cloud-relay-host/tasks/process:0
[37168548ms] [WARNING] [cloud-relay-host] background poll skipped SyntaxError: Unexpected token '<', "<!DOCTYPE "... is not valid JSON @ http://localhost:3000/static/js/bundle.js:176
[37228875ms] [ERROR] Failed to load resource: the server responded with a status of 404 (Not Found) @ http://localhost:3000/api/cloud-relay-host/tasks/process:0
[37228876ms] [WARNING] [cloud-relay-host] background poll skipped SyntaxError: Unexpected token '<', "<!DOCTYPE "... is not valid JSON @ http://localhost:3000/static/js/bundle.js:176
[37288552ms] [ERROR] Failed to load resource: the server responded with a status of 404 (Not Found) @ http://localhost:3000/api/cloud-relay-host/tasks/process:0
[37288553ms] [WARNING] [cloud-relay-host] background poll skipped SyntaxError: Unexpected token '<', "<!DOCTYPE "... is not valid JSON @ http://localhost:3000/static/js/bundle.js:176
[37348861ms] [ERROR] Failed to load resource: the server responded with a status of 404 (Not Found) @ http://localhost:3000/api/cloud-relay-host/tasks/process:0
[37348861ms] [WARNING] [cloud-relay-host] background poll skipped SyntaxError: Unexpected token '<', "<!DOCTYPE "... is not valid JSON @ http://localhost:3000/static/js/bundle.js:176
[37408579ms] [ERROR] Failed to load resource: the server responded with a status of 404 (Not Found) @ http://localhost:3000/api/cloud-relay-host/tasks/process:0
[37408582ms] [WARNING] [cloud-relay-host] background poll skipped SyntaxError: Unexpected token '<', "<!DOCTYPE "... is not valid JSON @ http://localhost:3000/static/js/bundle.js:176
[37468858ms] [ERROR] Failed to load resource: the server responded with a status of 404 (Not Found) @ http://localhost:3000/api/cloud-relay-host/tasks/process:0
[37468859ms] [WARNING] [cloud-relay-host] background poll skipped SyntaxError: Unexpected token '<', "<!DOCTYPE "... is not valid JSON @ http://localhost:3000/static/js/bundle.js:176
[37528574ms] [ERROR] Failed to load resource: the server responded with a status of 404 (Not Found) @ http://localhost:3000/api/cloud-relay-host/tasks/process:0
[37528575ms] [WARNING] [cloud-relay-host] background poll skipped SyntaxError: Unexpected token '<', "<!DOCTYPE "... is not valid JSON @ http://localhost:3000/static/js/bundle.js:176
[37588850ms] [ERROR] Failed to load resource: the server responded with a status of 404 (Not Found) @ http://localhost:3000/api/cloud-relay-host/tasks/process:0
[37588851ms] [WARNING] [cloud-relay-host] background poll skipped SyntaxError: Unexpected token '<', "<!DOCTYPE "... is not valid JSON @ http://localhost:3000/static/js/bundle.js:176
[37648582ms] [ERROR] Failed to load resource: the server responded with a status of 404 (Not Found) @ http://localhost:3000/api/cloud-relay-host/tasks/process:0
[37648584ms] [WARNING] [cloud-relay-host] background poll skipped SyntaxError: Unexpected token '<', "<!DOCTYPE "... is not valid JSON @ http://localhost:3000/static/js/bundle.js:176
[37708868ms] [ERROR] Failed to load resource: the server responded with a status of 404 (Not Found) @ http://localhost:3000/api/cloud-relay-host/tasks/process:0
[37708868ms] [WARNING] [cloud-relay-host] background poll skipped SyntaxError: Unexpected token '<', "<!DOCTYPE "... is not valid JSON @ http://localhost:3000/static/js/bundle.js:176
[37768556ms] [ERROR] Failed to load resource: the server responded with a status of 404 (Not Found) @ http://localhost:3000/api/cloud-relay-host/tasks/process:0
[37768557ms] [WARNING] [cloud-relay-host] background poll skipped SyntaxError: Unexpected token '<', "<!DOCTYPE "... is not valid JSON @ http://localhost:3000/static/js/bundle.js:176
[37828896ms] [ERROR] Failed to load resource: the server responded with a status of 404 (Not Found) @ http://localhost:3000/api/cloud-relay-host/tasks/process:0
[37828897ms] [WARNING] [cloud-relay-host] background poll skipped SyntaxError: Unexpected token '<', "<!DOCTYPE "... is not valid JSON @ http://localhost:3000/static/js/bundle.js:176
[37888559ms] [ERROR] Failed to load resource: the server responded with a status of 404 (Not Found) @ http://localhost:3000/api/cloud-relay-host/tasks/process:0
[37888559ms] [WARNING] [cloud-relay-host] background poll skipped SyntaxError: Unexpected token '<', "<!DOCTYPE "... is not valid JSON @ http://localhost:3000/static/js/bundle.js:176
[37948898ms] [ERROR] Failed to load resource: the server responded with a status of 404 (Not Found) @ http://localhost:3000/api/cloud-relay-host/tasks/process:0
[37948899ms] [WARNING] [cloud-relay-host] background poll skipped SyntaxError: Unexpected token '<', "<!DOCTYPE "... is not valid JSON @ http://localhost:3000/static/js/bundle.js:176
[38008561ms] [ERROR] Failed to load resource: the server responded with a status of 404 (Not Found) @ http://localhost:3000/api/cloud-relay-host/tasks/process:0
[38008562ms] [WARNING] [cloud-relay-host] background poll skipped SyntaxError: Unexpected token '<', "<!DOCTYPE "... is not valid JSON @ http://localhost:3000/static/js/bundle.js:176
[38068904ms] [ERROR] Failed to load resource: the server responded with a status of 404 (Not Found) @ http://localhost:3000/api/cloud-relay-host/tasks/process:0
[38068906ms] [WARNING] [cloud-relay-host] background poll skipped SyntaxError: Unexpected token '<', "<!DOCTYPE "... is not valid JSON @ http://localhost:3000/static/js/bundle.js:176
[38128569ms] [ERROR] Failed to load resource: the server responded with a status of 404 (Not Found) @ http://localhost:3000/api/cloud-relay-host/tasks/process:0
[38128570ms] [WARNING] [cloud-relay-host] background poll skipped SyntaxError: Unexpected token '<', "<!DOCTYPE "... is not valid JSON @ http://localhost:3000/static/js/bundle.js:176
[38188897ms] [ERROR] Failed to load resource: the server responded with a status of 404 (Not Found) @ http://localhost:3000/api/cloud-relay-host/tasks/process:0
[38188899ms] [WARNING] [cloud-relay-host] background poll skipped SyntaxError: Unexpected token '<', "<!DOCTYPE "... is not valid JSON @ http://localhost:3000/static/js/bundle.js:176
[38248558ms] [ERROR] Failed to load resource: the server responded with a status of 404 (Not Found) @ http://localhost:3000/api/cloud-relay-host/tasks/process:0
[38248558ms] [WARNING] [cloud-relay-host] background poll skipped SyntaxError: Unexpected token '<', "<!DOCTYPE "... is not valid JSON @ http://localhost:3000/static/js/bundle.js:176
[38308925ms] [ERROR] Failed to load resource: the server responded with a status of 404 (Not Found) @ http://localhost:3000/api/cloud-relay-host/tasks/process:0
[38308927ms] [WARNING] [cloud-relay-host] background poll skipped SyntaxError: Unexpected token '<', "<!DOCTYPE "... is not valid JSON @ http://localhost:3000/static/js/bundle.js:176
[38368573ms] [ERROR] Failed to load resource: the server responded with a status of 404 (Not Found) @ http://localhost:3000/api/cloud-relay-host/tasks/process:0
[38368574ms] [WARNING] [cloud-relay-host] background poll skipped SyntaxError: Unexpected token '<', "<!DOCTYPE "... is not valid JSON @ http://localhost:3000/static/js/bundle.js:176
[38428899ms] [ERROR] Failed to load resource: the server responded with a status of 404 (Not Found) @ http://localhost:3000/api/cloud-relay-host/tasks/process:0
[38428902ms] [WARNING] [cloud-relay-host] background poll skipped SyntaxError: Unexpected token '<', "<!DOCTYPE "... is not valid JSON @ http://localhost:3000/static/js/bundle.js:176
[38488561ms] [ERROR] Failed to load resource: the server responded with a status of 404 (Not Found) @ http://localhost:3000/api/cloud-relay-host/tasks/process:0
[38488562ms] [WARNING] [cloud-relay-host] background poll skipped SyntaxError: Unexpected token '<', "<!DOCTYPE "... is not valid JSON @ http://localhost:3000/static/js/bundle.js:176
[38548881ms] [ERROR] Failed to load resource: the server responded with a status of 404 (Not Found) @ http://localhost:3000/api/cloud-relay-host/tasks/process:0
[38548882ms] [WARNING] [cloud-relay-host] background poll skipped SyntaxError: Unexpected token '<', "<!DOCTYPE "... is not valid JSON @ http://localhost:3000/static/js/bundle.js:176
[38608602ms] [ERROR] Failed to load resource: the server responded with a status of 404 (Not Found) @ http://localhost:3000/api/cloud-relay-host/tasks/process:0
[38608603ms] [WARNING] [cloud-relay-host] background poll skipped SyntaxError: Unexpected token '<', "<!DOCTYPE "... is not valid JSON @ http://localhost:3000/static/js/bundle.js:176
[38668885ms] [ERROR] Failed to load resource: the server responded with a status of 404 (Not Found) @ http://localhost:3000/api/cloud-relay-host/tasks/process:0
[38668886ms] [WARNING] [cloud-relay-host] background poll skipped SyntaxError: Unexpected token '<', "<!DOCTYPE "... is not valid JSON @ http://localhost:3000/static/js/bundle.js:176
[38728598ms] [ERROR] Failed to load resource: the server responded with a status of 404 (Not Found) @ http://localhost:3000/api/cloud-relay-host/tasks/process:0
[38728600ms] [WARNING] [cloud-relay-host] background poll skipped SyntaxError: Unexpected token '<', "<!DOCTYPE "... is not valid JSON @ http://localhost:3000/static/js/bundle.js:176
[38788877ms] [ERROR] Failed to load resource: the server responded with a status of 404 (Not Found) @ http://localhost:3000/api/cloud-relay-host/tasks/process:0
[38788877ms] [WARNING] [cloud-relay-host] background poll skipped SyntaxError: Unexpected token '<', "<!DOCTYPE "... is not valid JSON @ http://localhost:3000/static/js/bundle.js:176
[38848610ms] [ERROR] Failed to load resource: the server responded with a status of 404 (Not Found) @ http://localhost:3000/api/cloud-relay-host/tasks/process:0
[38848612ms] [WARNING] [cloud-relay-host] background poll skipped SyntaxError: Unexpected token '<', "<!DOCTYPE "... is not valid JSON @ http://localhost:3000/static/js/bundle.js:176
[38908886ms] [ERROR] Failed to load resource: the server responded with a status of 404 (Not Found) @ http://localhost:3000/api/cloud-relay-host/tasks/process:0
[38908886ms] [WARNING] [cloud-relay-host] background poll skipped SyntaxError: Unexpected token '<', "<!DOCTYPE "... is not valid JSON @ http://localhost:3000/static/js/bundle.js:176
[38968592ms] [ERROR] Failed to load resource: the server responded with a status of 404 (Not Found) @ http://localhost:3000/api/cloud-relay-host/tasks/process:0
[38968594ms] [WARNING] [cloud-relay-host] background poll skipped SyntaxError: Unexpected token '<', "<!DOCTYPE "... is not valid JSON @ http://localhost:3000/static/js/bundle.js:176
[39028885ms] [ERROR] Failed to load resource: the server responded with a status of 404 (Not Found) @ http://localhost:3000/api/cloud-relay-host/tasks/process:0
[39028885ms] [WARNING] [cloud-relay-host] background poll skipped SyntaxError: Unexpected token '<', "<!DOCTYPE "... is not valid JSON @ http://localhost:3000/static/js/bundle.js:176
[39088619ms] [ERROR] Failed to load resource: the server responded with a status of 404 (Not Found) @ http://localhost:3000/api/cloud-relay-host/tasks/process:0
[39088622ms] [WARNING] [cloud-relay-host] background poll skipped SyntaxError: Unexpected token '<', "<!DOCTYPE "... is not valid JSON @ http://localhost:3000/static/js/bundle.js:176
[39148899ms] [ERROR] Failed to load resource: the server responded with a status of 404 (Not Found) @ http://localhost:3000/api/cloud-relay-host/tasks/process:0
[39148899ms] [WARNING] [cloud-relay-host] background poll skipped SyntaxError: Unexpected token '<', "<!DOCTYPE "... is not valid JSON @ http://localhost:3000/static/js/bundle.js:176
[39208615ms] [ERROR] Failed to load resource: the server responded with a status of 404 (Not Found) @ http://localhost:3000/api/cloud-relay-host/tasks/process:0
[39208618ms] [WARNING] [cloud-relay-host] background poll skipped SyntaxError: Unexpected token '<', "<!DOCTYPE "... is not valid JSON @ http://localhost:3000/static/js/bundle.js:176
[39268957ms] [ERROR] Failed to load resource: the server responded with a status of 404 (Not Found) @ http://localhost:3000/api/cloud-relay-host/tasks/process:0
[39268960ms] [WARNING] [cloud-relay-host] background poll skipped SyntaxError: Unexpected token '<', "<!DOCTYPE "... is not valid JSON @ http://localhost:3000/static/js/bundle.js:176
[39328582ms] [ERROR] Failed to load resource: the server responded with a status of 404 (Not Found) @ http://localhost:3000/api/cloud-relay-host/tasks/process:0
[39328582ms] [WARNING] [cloud-relay-host] background poll skipped SyntaxError: Unexpected token '<', "<!DOCTYPE "... is not valid JSON @ http://localhost:3000/static/js/bundle.js:176
[39388951ms] [ERROR] Failed to load resource: the server responded with a status of 404 (Not Found) @ http://localhost:3000/api/cloud-relay-host/tasks/process:0
[39388954ms] [WARNING] [cloud-relay-host] background poll skipped SyntaxError: Unexpected token '<', "<!DOCTYPE "... is not valid JSON @ http://localhost:3000/static/js/bundle.js:176
[39448585ms] [ERROR] Failed to load resource: the server responded with a status of 404 (Not Found) @ http://localhost:3000/api/cloud-relay-host/tasks/process:0
[39448585ms] [WARNING] [cloud-relay-host] background poll skipped SyntaxError: Unexpected token '<', "<!DOCTYPE "... is not valid JSON @ http://localhost:3000/static/js/bundle.js:176
[39508950ms] [ERROR] Failed to load resource: the server responded with a status of 404 (Not Found) @ http://localhost:3000/api/cloud-relay-host/tasks/process:0
[39508953ms] [WARNING] [cloud-relay-host] background poll skipped SyntaxError: Unexpected token '<', "<!DOCTYPE "... is not valid JSON @ http://localhost:3000/static/js/bundle.js:176
[39568580ms] [ERROR] Failed to load resource: the server responded with a status of 404 (Not Found) @ http://localhost:3000/api/cloud-relay-host/tasks/process:0
[39568580ms] [WARNING] [cloud-relay-host] background poll skipped SyntaxError: Unexpected token '<', "<!DOCTYPE "... is not valid JSON @ http://localhost:3000/static/js/bundle.js:176
[39628937ms] [ERROR] Failed to load resource: the server responded with a status of 404 (Not Found) @ http://localhost:3000/api/cloud-relay-host/tasks/process:0
[39628940ms] [WARNING] [cloud-relay-host] background poll skipped SyntaxError: Unexpected token '<', "<!DOCTYPE "... is not valid JSON @ http://localhost:3000/static/js/bundle.js:176
[39688578ms] [ERROR] Failed to load resource: the server responded with a status of 404 (Not Found) @ http://localhost:3000/api/cloud-relay-host/tasks/process:0
[39688579ms] [WARNING] [cloud-relay-host] background poll skipped SyntaxError: Unexpected token '<', "<!DOCTYPE "... is not valid JSON @ http://localhost:3000/static/js/bundle.js:176
[39748961ms] [ERROR] Failed to load resource: the server responded with a status of 404 (Not Found) @ http://localhost:3000/api/cloud-relay-host/tasks/process:0
[39748964ms] [WARNING] [cloud-relay-host] background poll skipped SyntaxError: Unexpected token '<', "<!DOCTYPE "... is not valid JSON @ http://localhost:3000/static/js/bundle.js:176
[39808587ms] [ERROR] Failed to load resource: the server responded with a status of 404 (Not Found) @ http://localhost:3000/api/cloud-relay-host/tasks/process:0
[39808588ms] [WARNING] [cloud-relay-host] background poll skipped SyntaxError: Unexpected token '<', "<!DOCTYPE "... is not valid JSON @ http://localhost:3000/static/js/bundle.js:176
[39868932ms] [ERROR] Failed to load resource: the server responded with a status of 404 (Not Found) @ http://localhost:3000/api/cloud-relay-host/tasks/process:0
[39868938ms] [WARNING] [cloud-relay-host] background poll skipped SyntaxError: Unexpected token '<', "<!DOCTYPE "... is not valid JSON @ http://localhost:3000/static/js/bundle.js:176
[39928586ms] [ERROR] Failed to load resource: the server responded with a status of 404 (Not Found) @ http://localhost:3000/api/cloud-relay-host/tasks/process:0
[39928586ms] [WARNING] [cloud-relay-host] background poll skipped SyntaxError: Unexpected token '<', "<!DOCTYPE "... is not valid JSON @ http://localhost:3000/static/js/bundle.js:176
[39988958ms] [ERROR] Failed to load resource: the server responded with a status of 404 (Not Found) @ http://localhost:3000/api/cloud-relay-host/tasks/process:0
[39988960ms] [WARNING] [cloud-relay-host] background poll skipped SyntaxError: Unexpected token '<', "<!DOCTYPE "... is not valid JSON @ http://localhost:3000/static/js/bundle.js:176
[40048594ms] [ERROR] Failed to load resource: the server responded with a status of 404 (Not Found) @ http://localhost:3000/api/cloud-relay-host/tasks/process:0
[40048595ms] [WARNING] [cloud-relay-host] background poll skipped SyntaxError: Unexpected token '<', "<!DOCTYPE "... is not valid JSON @ http://localhost:3000/static/js/bundle.js:176
[40108908ms] [ERROR] Failed to load resource: the server responded with a status of 404 (Not Found) @ http://localhost:3000/api/cloud-relay-host/tasks/process:0
[40108909ms] [WARNING] [cloud-relay-host] background poll skipped SyntaxError: Unexpected token '<', "<!DOCTYPE "... is not valid JSON @ http://localhost:3000/static/js/bundle.js:176
[40168589ms] [ERROR] Failed to load resource: the server responded with a status of 404 (Not Found) @ http://localhost:3000/api/cloud-relay-host/tasks/process:0
[40168590ms] [WARNING] [cloud-relay-host] background poll skipped SyntaxError: Unexpected token '<', "<!DOCTYPE "... is not valid JSON @ http://localhost:3000/static/js/bundle.js:176
[40228941ms] [ERROR] Failed to load resource: the server responded with a status of 404 (Not Found) @ http://localhost:3000/api/cloud-relay-host/tasks/process:0
[40228942ms] [WARNING] [cloud-relay-host] background poll skipped SyntaxError: Unexpected token '<', "<!DOCTYPE "... is not valid JSON @ http://localhost:3000/static/js/bundle.js:176
[40288589ms] [ERROR] Failed to load resource: the server responded with a status of 404 (Not Found) @ http://localhost:3000/api/cloud-relay-host/tasks/process:0
[40288589ms] [WARNING] [cloud-relay-host] background poll skipped SyntaxError: Unexpected token '<', "<!DOCTYPE "... is not valid JSON @ http://localhost:3000/static/js/bundle.js:176
[40348898ms] [ERROR] Failed to load resource: the server responded with a status of 404 (Not Found) @ http://localhost:3000/api/cloud-relay-host/tasks/process:0
[40348898ms] [WARNING] [cloud-relay-host] background poll skipped SyntaxError: Unexpected token '<', "<!DOCTYPE "... is not valid JSON @ http://localhost:3000/static/js/bundle.js:176
[40408624ms] [ERROR] Failed to load resource: the server responded with a status of 404 (Not Found) @ http://localhost:3000/api/cloud-relay-host/tasks/process:0
[40408625ms] [WARNING] [cloud-relay-host] background poll skipped SyntaxError: Unexpected token '<', "<!DOCTYPE "... is not valid JSON @ http://localhost:3000/static/js/bundle.js:176
[40468914ms] [ERROR] Failed to load resource: the server responded with a status of 404 (Not Found) @ http://localhost:3000/api/cloud-relay-host/tasks/process:0
[40468915ms] [WARNING] [cloud-relay-host] background poll skipped SyntaxError: Unexpected token '<', "<!DOCTYPE "... is not valid JSON @ http://localhost:3000/static/js/bundle.js:176
[40528625ms] [ERROR] Failed to load resource: the server responded with a status of 404 (Not Found) @ http://localhost:3000/api/cloud-relay-host/tasks/process:0
[40528627ms] [WARNING] [cloud-relay-host] background poll skipped SyntaxError: Unexpected token '<', "<!DOCTYPE "... is not valid JSON @ http://localhost:3000/static/js/bundle.js:176
[40588943ms] [ERROR] Failed to load resource: the server responded with a status of 404 (Not Found) @ http://localhost:3000/api/cloud-relay-host/tasks/process:0
[40588949ms] [WARNING] [cloud-relay-host] background poll skipped SyntaxError: Unexpected token '<', "<!DOCTYPE "... is not valid JSON @ http://localhost:3000/static/js/bundle.js:176
[40648655ms] [ERROR] Failed to load resource: the server responded with a status of 404 (Not Found) @ http://localhost:3000/api/cloud-relay-host/tasks/process:0
[40648658ms] [WARNING] [cloud-relay-host] background poll skipped SyntaxError: Unexpected token '<', "<!DOCTYPE "... is not valid JSON @ http://localhost:3000/static/js/bundle.js:176
[40708957ms] [ERROR] Failed to load resource: the server responded with a status of 404 (Not Found) @ http://localhost:3000/api/cloud-relay-host/tasks/process:0
[40708964ms] [WARNING] [cloud-relay-host] background poll skipped SyntaxError: Unexpected token '<', "<!DOCTYPE "... is not valid JSON @ http://localhost:3000/static/js/bundle.js:176
[40768604ms] [ERROR] Failed to load resource: the server responded with a status of 404 (Not Found) @ http://localhost:3000/api/cloud-relay-host/tasks/process:0
[40768604ms] [WARNING] [cloud-relay-host] background poll skipped SyntaxError: Unexpected token '<', "<!DOCTYPE "... is not valid JSON @ http://localhost:3000/static/js/bundle.js:176
[40828914ms] [ERROR] Failed to load resource: the server responded with a status of 404 (Not Found) @ http://localhost:3000/api/cloud-relay-host/tasks/process:0
[40828915ms] [WARNING] [cloud-relay-host] background poll skipped SyntaxError: Unexpected token '<', "<!DOCTYPE "... is not valid JSON @ http://localhost:3000/static/js/bundle.js:176
[40888598ms] [ERROR] Failed to load resource: the server responded with a status of 404 (Not Found) @ http://localhost:3000/api/cloud-relay-host/tasks/process:0
[40888599ms] [WARNING] [cloud-relay-host] background poll skipped SyntaxError: Unexpected token '<', "<!DOCTYPE "... is not valid JSON @ http://localhost:3000/static/js/bundle.js:176
[40948958ms] [ERROR] Failed to load resource: the server responded with a status of 404 (Not Found) @ http://localhost:3000/api/cloud-relay-host/tasks/process:0
[40948961ms] [WARNING] [cloud-relay-host] background poll skipped SyntaxError: Unexpected token '<', "<!DOCTYPE "... is not valid JSON @ http://localhost:3000/static/js/bundle.js:176
[41008609ms] [ERROR] Failed to load resource: the server responded with a status of 404 (Not Found) @ http://localhost:3000/api/cloud-relay-host/tasks/process:0
[41008610ms] [WARNING] [cloud-relay-host] background poll skipped SyntaxError: Unexpected token '<', "<!DOCTYPE "... is not valid JSON @ http://localhost:3000/static/js/bundle.js:176
[41069003ms] [ERROR] Failed to load resource: the server responded with a status of 404 (Not Found) @ http://localhost:3000/api/cloud-relay-host/tasks/process:0
[41069005ms] [WARNING] [cloud-relay-host] background poll skipped SyntaxError: Unexpected token '<', "<!DOCTYPE "... is not valid JSON @ http://localhost:3000/static/js/bundle.js:176
[41128607ms] [ERROR] Failed to load resource: the server responded with a status of 404 (Not Found) @ http://localhost:3000/api/cloud-relay-host/tasks/process:0
[41128607ms] [WARNING] [cloud-relay-host] background poll skipped SyntaxError: Unexpected token '<', "<!DOCTYPE "... is not valid JSON @ http://localhost:3000/static/js/bundle.js:176
[41188983ms] [ERROR] Failed to load resource: the server responded with a status of 404 (Not Found) @ http://localhost:3000/api/cloud-relay-host/tasks/process:0
[41188984ms] [WARNING] [cloud-relay-host] background poll skipped SyntaxError: Unexpected token '<', "<!DOCTYPE "... is not valid JSON @ http://localhost:3000/static/js/bundle.js:176
[41248611ms] [ERROR] Failed to load resource: the server responded with a status of 404 (Not Found) @ http://localhost:3000/api/cloud-relay-host/tasks/process:0
[41248613ms] [WARNING] [cloud-relay-host] background poll skipped SyntaxError: Unexpected token '<', "<!DOCTYPE "... is not valid JSON @ http://localhost:3000/static/js/bundle.js:176
[41308924ms] [ERROR] Failed to load resource: the server responded with a status of 404 (Not Found) @ http://localhost:3000/api/cloud-relay-host/tasks/process:0
[41308925ms] [WARNING] [cloud-relay-host] background poll skipped SyntaxError: Unexpected token '<', "<!DOCTYPE "... is not valid JSON @ http://localhost:3000/static/js/bundle.js:176
[41368608ms] [ERROR] Failed to load resource: the server responded with a status of 404 (Not Found) @ http://localhost:3000/api/cloud-relay-host/tasks/process:0
[41368609ms] [WARNING] [cloud-relay-host] background poll skipped SyntaxError: Unexpected token '<', "<!DOCTYPE "... is not valid JSON @ http://localhost:3000/static/js/bundle.js:176
[41428687ms] [ERROR] Failed to load resource: the server responded with a status of 404 (Not Found) @ http://localhost:3000/api/cloud-relay-host/tasks/process:0
[41428688ms] [WARNING] [cloud-relay-host] background poll skipped SyntaxError: Unexpected token '<', "<!DOCTYPE "... is not valid JSON @ http://localhost:3000/static/js/bundle.js:176
[41488939ms] [ERROR] Failed to load resource: the server responded with a status of 404 (Not Found) @ http://localhost:3000/api/cloud-relay-host/tasks/process:0
[41488939ms] [WARNING] [cloud-relay-host] background poll skipped SyntaxError: Unexpected token '<', "<!DOCTYPE "... is not valid JSON @ http://localhost:3000/static/js/bundle.js:176
[41548641ms] [ERROR] Failed to load resource: the server responded with a status of 404 (Not Found) @ http://localhost:3000/api/cloud-relay-host/tasks/process:0
[41548642ms] [WARNING] [cloud-relay-host] background poll skipped SyntaxError: Unexpected token '<', "<!DOCTYPE "... is not valid JSON @ http://localhost:3000/static/js/bundle.js:176
[41609084ms] [ERROR] Failed to load resource: the server responded with a status of 404 (Not Found) @ http://localhost:3000/api/cloud-relay-host/tasks/process:0
[41609087ms] [WARNING] [cloud-relay-host] background poll skipped SyntaxError: Unexpected token '<', "<!DOCTYPE "... is not valid JSON @ http://localhost:3000/static/js/bundle.js:176
[41668616ms] [ERROR] Failed to load resource: the server responded with a status of 404 (Not Found) @ http://localhost:3000/api/cloud-relay-host/tasks/process:0
[41668616ms] [WARNING] [cloud-relay-host] background poll skipped SyntaxError: Unexpected token '<', "<!DOCTYPE "... is not valid JSON @ http://localhost:3000/static/js/bundle.js:176
[41729024ms] [ERROR] Failed to load resource: the server responded with a status of 404 (Not Found) @ http://localhost:3000/api/cloud-relay-host/tasks/process:0
[41729029ms] [WARNING] [cloud-relay-host] background poll skipped SyntaxError: Unexpected token '<', "<!DOCTYPE "... is not valid JSON @ http://localhost:3000/static/js/bundle.js:176
[41788620ms] [ERROR] Failed to load resource: the server responded with a status of 404 (Not Found) @ http://localhost:3000/api/cloud-relay-host/tasks/process:0
[41788620ms] [WARNING] [cloud-relay-host] background poll skipped SyntaxError: Unexpected token '<', "<!DOCTYPE "... is not valid JSON @ http://localhost:3000/static/js/bundle.js:176
[41849191ms] [ERROR] Failed to load resource: the server responded with a status of 404 (Not Found) @ http://localhost:3000/api/cloud-relay-host/tasks/process:0
[41849193ms] [WARNING] [cloud-relay-host] background poll skipped SyntaxError: Unexpected token '<', "<!DOCTYPE "... is not valid JSON @ http://localhost:3000/static/js/bundle.js:176
[41908614ms] [ERROR] Failed to load resource: the server responded with a status of 404 (Not Found) @ http://localhost:3000/api/cloud-relay-host/tasks/process:0
[41908614ms] [WARNING] [cloud-relay-host] background poll skipped SyntaxError: Unexpected token '<', "<!DOCTYPE "... is not valid JSON @ http://localhost:3000/static/js/bundle.js:176
[41968953ms] [ERROR] Failed to load resource: the server responded with a status of 404 (Not Found) @ http://localhost:3000/api/cloud-relay-host/tasks/process:0
[41968956ms] [WARNING] [cloud-relay-host] background poll skipped SyntaxError: Unexpected token '<', "<!DOCTYPE "... is not valid JSON @ http://localhost:3000/static/js/bundle.js:176
[42028624ms] [ERROR] Failed to load resource: the server responded with a status of 404 (Not Found) @ http://localhost:3000/api/cloud-relay-host/tasks/process:0
[42028625ms] [WARNING] [cloud-relay-host] background poll skipped SyntaxError: Unexpected token '<', "<!DOCTYPE "... is not valid JSON @ http://localhost:3000/static/js/bundle.js:176
[42088974ms] [ERROR] Failed to load resource: the server responded with a status of 404 (Not Found) @ http://localhost:3000/api/cloud-relay-host/tasks/process:0
[42088977ms] [WARNING] [cloud-relay-host] background poll skipped SyntaxError: Unexpected token '<', "<!DOCTYPE "... is not valid JSON @ http://localhost:3000/static/js/bundle.js:176
[42148618ms] [ERROR] Failed to load resource: the server responded with a status of 404 (Not Found) @ http://localhost:3000/api/cloud-relay-host/tasks/process:0
[42148619ms] [WARNING] [cloud-relay-host] background poll skipped SyntaxError: Unexpected token '<', "<!DOCTYPE "... is not valid JSON @ http://localhost:3000/static/js/bundle.js:176
[42209006ms] [ERROR] Failed to load resource: the server responded with a status of 404 (Not Found) @ http://localhost:3000/api/cloud-relay-host/tasks/process:0
[42209008ms] [WARNING] [cloud-relay-host] background poll skipped SyntaxError: Unexpected token '<', "<!DOCTYPE "... is not valid JSON @ http://localhost:3000/static/js/bundle.js:176
[42268622ms] [ERROR] Failed to load resource: the server responded with a status of 404 (Not Found) @ http://localhost:3000/api/cloud-relay-host/tasks/process:0
[42268622ms] [WARNING] [cloud-relay-host] background poll skipped SyntaxError: Unexpected token '<', "<!DOCTYPE "... is not valid JSON @ http://localhost:3000/static/js/bundle.js:176
[42329041ms] [ERROR] Failed to load resource: the server responded with a status of 404 (Not Found) @ http://localhost:3000/api/cloud-relay-host/tasks/process:0
[42329043ms] [WARNING] [cloud-relay-host] background poll skipped SyntaxError: Unexpected token '<', "<!DOCTYPE "... is not valid JSON @ http://localhost:3000/static/js/bundle.js:176
[42388630ms] [ERROR] Failed to load resource: the server responded with a status of 404 (Not Found) @ http://localhost:3000/api/cloud-relay-host/tasks/process:0
[42388631ms] [WARNING] [cloud-relay-host] background poll skipped SyntaxError: Unexpected token '<', "<!DOCTYPE "... is not valid JSON @ http://localhost:3000/static/js/bundle.js:176
[42448974ms] [ERROR] Failed to load resource: the server responded with a status of 404 (Not Found) @ http://localhost:3000/api/cloud-relay-host/tasks/process:0
[42448976ms] [WARNING] [cloud-relay-host] background poll skipped SyntaxError: Unexpected token '<', "<!DOCTYPE "... is not valid JSON @ http://localhost:3000/static/js/bundle.js:176
[42508627ms] [ERROR] Failed to load resource: the server responded with a status of 404 (Not Found) @ http://localhost:3000/api/cloud-relay-host/tasks/process:0
[42508628ms] [WARNING] [cloud-relay-host] background poll skipped SyntaxError: Unexpected token '<', "<!DOCTYPE "... is not valid JSON @ http://localhost:3000/static/js/bundle.js:176
[42568937ms] [ERROR] Failed to load resource: the server responded with a status of 404 (Not Found) @ http://localhost:3000/api/cloud-relay-host/tasks/process:0
[42568937ms] [WARNING] [cloud-relay-host] background poll skipped SyntaxError: Unexpected token '<', "<!DOCTYPE "... is not valid JSON @ http://localhost:3000/static/js/bundle.js:176
[42628630ms] [ERROR] Failed to load resource: the server responded with a status of 404 (Not Found) @ http://localhost:3000/api/cloud-relay-host/tasks/process:0
[42628630ms] [WARNING] [cloud-relay-host] background poll skipped SyntaxError: Unexpected token '<', "<!DOCTYPE "... is not valid JSON @ http://localhost:3000/static/js/bundle.js:176
[42688969ms] [ERROR] Failed to load resource: the server responded with a status of 404 (Not Found) @ http://localhost:3000/api/cloud-relay-host/tasks/process:0
[42688970ms] [WARNING] [cloud-relay-host] background poll skipped SyntaxError: Unexpected token '<', "<!DOCTYPE "... is not valid JSON @ http://localhost:3000/static/js/bundle.js:176
[42748626ms] [ERROR] Failed to load resource: the server responded with a status of 404 (Not Found) @ http://localhost:3000/api/cloud-relay-host/tasks/process:0
[42748626ms] [WARNING] [cloud-relay-host] background poll skipped SyntaxError: Unexpected token '<', "<!DOCTYPE "... is not valid JSON @ http://localhost:3000/static/js/bundle.js:176
[42808985ms] [ERROR] Failed to load resource: the server responded with a status of 404 (Not Found) @ http://localhost:3000/api/cloud-relay-host/tasks/process:0
[42808989ms] [WARNING] [cloud-relay-host] background poll skipped SyntaxError: Unexpected token '<', "<!DOCTYPE "... is not valid JSON @ http://localhost:3000/static/js/bundle.js:176
[42868627ms] [ERROR] Failed to load resource: the server responded with a status of 404 (Not Found) @ http://localhost:3000/api/cloud-relay-host/tasks/process:0
[42868627ms] [WARNING] [cloud-relay-host] background poll skipped SyntaxError: Unexpected token '<', "<!DOCTYPE "... is not valid JSON @ http://localhost:3000/static/js/bundle.js:176
[42928985ms] [ERROR] Failed to load resource: the server responded with a status of 404 (Not Found) @ http://localhost:3000/api/cloud-relay-host/tasks/process:0
[42928987ms] [WARNING] [cloud-relay-host] background poll skipped SyntaxError: Unexpected token '<', "<!DOCTYPE "... is not valid JSON @ http://localhost:3000/static/js/bundle.js:176
[42988636ms] [ERROR] Failed to load resource: the server responded with a status of 404 (Not Found) @ http://localhost:3000/api/cloud-relay-host/tasks/process:0
[42988637ms] [WARNING] [cloud-relay-host] background poll skipped SyntaxError: Unexpected token '<', "<!DOCTYPE "... is not valid JSON @ http://localhost:3000/static/js/bundle.js:176
[43048985ms] [ERROR] Failed to load resource: the server responded with a status of 404 (Not Found) @ http://localhost:3000/api/cloud-relay-host/tasks/process:0
[43048987ms] [WARNING] [cloud-relay-host] background poll skipped SyntaxError: Unexpected token '<', "<!DOCTYPE "... is not valid JSON @ http://localhost:3000/static/js/bundle.js:176
[43108631ms] [ERROR] Failed to load resource: the server responded with a status of 404 (Not Found) @ http://localhost:3000/api/cloud-relay-host/tasks/process:0
[43108632ms] [WARNING] [cloud-relay-host] background poll skipped SyntaxError: Unexpected token '<', "<!DOCTYPE "... is not valid JSON @ http://localhost:3000/static/js/bundle.js:176
[43168964ms] [ERROR] Failed to load resource: the server responded with a status of 404 (Not Found) @ http://localhost:3000/api/cloud-relay-host/tasks/process:0
[43168966ms] [WARNING] [cloud-relay-host] background poll skipped SyntaxError: Unexpected token '<', "<!DOCTYPE "... is not valid JSON @ http://localhost:3000/static/js/bundle.js:176
[43228642ms] [ERROR] Failed to load resource: the server responded with a status of 404 (Not Found) @ http://localhost:3000/api/cloud-relay-host/tasks/process:0
[43228642ms] [WARNING] [cloud-relay-host] background poll skipped SyntaxError: Unexpected token '<', "<!DOCTYPE "... is not valid JSON @ http://localhost:3000/static/js/bundle.js:176
[43288967ms] [ERROR] Failed to load resource: the server responded with a status of 404 (Not Found) @ http://localhost:3000/api/cloud-relay-host/tasks/process:0
[43288968ms] [WARNING] [cloud-relay-host] background poll skipped SyntaxError: Unexpected token '<', "<!DOCTYPE "... is not valid JSON @ http://localhost:3000/static/js/bundle.js:176
[43348635ms] [ERROR] Failed to load resource: the server responded with a status of 404 (Not Found) @ http://localhost:3000/api/cloud-relay-host/tasks/process:0
[43348635ms] [WARNING] [cloud-relay-host] background poll skipped SyntaxError: Unexpected token '<', "<!DOCTYPE "... is not valid JSON @ http://localhost:3000/static/js/bundle.js:176
[43408962ms] [ERROR] Failed to load resource: the server responded with a status of 404 (Not Found) @ http://localhost:3000/api/cloud-relay-host/tasks/process:0
[43408963ms] [WARNING] [cloud-relay-host] background poll skipped SyntaxError: Unexpected token '<', "<!DOCTYPE "... is not valid JSON @ http://localhost:3000/static/js/bundle.js:176
[43468638ms] [ERROR] Failed to load resource: the server responded with a status of 404 (Not Found) @ http://localhost:3000/api/cloud-relay-host/tasks/process:0
[43468639ms] [WARNING] [cloud-relay-host] background poll skipped SyntaxError: Unexpected token '<', "<!DOCTYPE "... is not valid JSON @ http://localhost:3000/static/js/bundle.js:176
[43528980ms] [ERROR] Failed to load resource: the server responded with a status of 404 (Not Found) @ http://localhost:3000/api/cloud-relay-host/tasks/process:0
[43528982ms] [WARNING] [cloud-relay-host] background poll skipped SyntaxError: Unexpected token '<', "<!DOCTYPE "... is not valid JSON @ http://localhost:3000/static/js/bundle.js:176
[43588643ms] [ERROR] Failed to load resource: the server responded with a status of 404 (Not Found) @ http://localhost:3000/api/cloud-relay-host/tasks/process:0
[43588644ms] [WARNING] [cloud-relay-host] background poll skipped SyntaxError: Unexpected token '<', "<!DOCTYPE "... is not valid JSON @ http://localhost:3000/static/js/bundle.js:176
[43648976ms] [ERROR] Failed to load resource: the server responded with a status of 404 (Not Found) @ http://localhost:3000/api/cloud-relay-host/tasks/process:0
[43648977ms] [WARNING] [cloud-relay-host] background poll skipped SyntaxError: Unexpected token '<', "<!DOCTYPE "... is not valid JSON @ http://localhost:3000/static/js/bundle.js:176
[43708645ms] [ERROR] Failed to load resource: the server responded with a status of 404 (Not Found) @ http://localhost:3000/api/cloud-relay-host/tasks/process:0
[43708646ms] [WARNING] [cloud-relay-host] background poll skipped SyntaxError: Unexpected token '<', "<!DOCTYPE "... is not valid JSON @ http://localhost:3000/static/js/bundle.js:176
[43768975ms] [ERROR] Failed to load resource: the server responded with a status of 404 (Not Found) @ http://localhost:3000/api/cloud-relay-host/tasks/process:0
[43768976ms] [WARNING] [cloud-relay-host] background poll skipped SyntaxError: Unexpected token '<', "<!DOCTYPE "... is not valid JSON @ http://localhost:3000/static/js/bundle.js:176
[43828657ms] [ERROR] Failed to load resource: the server responded with a status of 404 (Not Found) @ http://localhost:3000/api/cloud-relay-host/tasks/process:0
[43828658ms] [WARNING] [cloud-relay-host] background poll skipped SyntaxError: Unexpected token '<', "<!DOCTYPE "... is not valid JSON @ http://localhost:3000/static/js/bundle.js:176
[43888991ms] [ERROR] Failed to load resource: the server responded with a status of 404 (Not Found) @ http://localhost:3000/api/cloud-relay-host/tasks/process:0
[43888992ms] [WARNING] [cloud-relay-host] background poll skipped SyntaxError: Unexpected token '<', "<!DOCTYPE "... is not valid JSON @ http://localhost:3000/static/js/bundle.js:176
[43948676ms] [ERROR] Failed to load resource: the server responded with a status of 404 (Not Found) @ http://localhost:3000/api/cloud-relay-host/tasks/process:0
[43948677ms] [WARNING] [cloud-relay-host] background poll skipped SyntaxError: Unexpected token '<', "<!DOCTYPE "... is not valid JSON @ http://localhost:3000/static/js/bundle.js:176
[44008969ms] [ERROR] Failed to load resource: the server responded with a status of 404 (Not Found) @ http://localhost:3000/api/cloud-relay-host/tasks/process:0
[44008969ms] [WARNING] [cloud-relay-host] background poll skipped SyntaxError: Unexpected token '<', "<!DOCTYPE "... is not valid JSON @ http://localhost:3000/static/js/bundle.js:176
[44068722ms] [ERROR] Failed to load resource: the server responded with a status of 404 (Not Found) @ http://localhost:3000/api/cloud-relay-host/tasks/process:0
[44068731ms] [WARNING] [cloud-relay-host] background poll skipped SyntaxError: Unexpected token '<', "<!DOCTYPE "... is not valid JSON @ http://localhost:3000/static/js/bundle.js:176
[44128989ms] [ERROR] Failed to load resource: the server responded with a status of 404 (Not Found) @ http://localhost:3000/api/cloud-relay-host/tasks/process:0
[44128990ms] [WARNING] [cloud-relay-host] background poll skipped SyntaxError: Unexpected token '<', "<!DOCTYPE "... is not valid JSON @ http://localhost:3000/static/js/bundle.js:176
[44188648ms] [ERROR] Failed to load resource: the server responded with a status of 404 (Not Found) @ http://localhost:3000/api/cloud-relay-host/tasks/process:0
[44188649ms] [WARNING] [cloud-relay-host] background poll skipped SyntaxError: Unexpected token '<', "<!DOCTYPE "... is not valid JSON @ http://localhost:3000/static/js/bundle.js:176
[44249003ms] [ERROR] Failed to load resource: the server responded with a status of 404 (Not Found) @ http://localhost:3000/api/cloud-relay-host/tasks/process:0
[44249005ms] [WARNING] [cloud-relay-host] background poll skipped SyntaxError: Unexpected token '<', "<!DOCTYPE "... is not valid JSON @ http://localhost:3000/static/js/bundle.js:176
[44308652ms] [ERROR] Failed to load resource: the server responded with a status of 404 (Not Found) @ http://localhost:3000/api/cloud-relay-host/tasks/process:0
[44308652ms] [WARNING] [cloud-relay-host] background poll skipped SyntaxError: Unexpected token '<', "<!DOCTYPE "... is not valid JSON @ http://localhost:3000/static/js/bundle.js:176
[44368994ms] [ERROR] Failed to load resource: the server responded with a status of 404 (Not Found) @ http://localhost:3000/api/cloud-relay-host/tasks/process:0
[44368996ms] [WARNING] [cloud-relay-host] background poll skipped SyntaxError: Unexpected token '<', "<!DOCTYPE "... is not valid JSON @ http://localhost:3000/static/js/bundle.js:176
[44428674ms] [ERROR] Failed to load resource: the server responded with a status of 404 (Not Found) @ http://localhost:3000/api/cloud-relay-host/tasks/process:0
[44428676ms] [WARNING] [cloud-relay-host] background poll skipped SyntaxError: Unexpected token '<', "<!DOCTYPE "... is not valid JSON @ http://localhost:3000/static/js/bundle.js:176
[44488971ms] [ERROR] Failed to load resource: the server responded with a status of 404 (Not Found) @ http://localhost:3000/api/cloud-relay-host/tasks/process:0
[44488972ms] [WARNING] [cloud-relay-host] background poll skipped SyntaxError: Unexpected token '<', "<!DOCTYPE "... is not valid JSON @ http://localhost:3000/static/js/bundle.js:176
[44548684ms] [ERROR] Failed to load resource: the server responded with a status of 404 (Not Found) @ http://localhost:3000/api/cloud-relay-host/tasks/process:0
[44548688ms] [WARNING] [cloud-relay-host] background poll skipped SyntaxError: Unexpected token '<', "<!DOCTYPE "... is not valid JSON @ http://localhost:3000/static/js/bundle.js:176
[44608965ms] [ERROR] Failed to load resource: the server responded with a status of 404 (Not Found) @ http://localhost:3000/api/cloud-relay-host/tasks/process:0
[44608966ms] [WARNING] [cloud-relay-host] background poll skipped SyntaxError: Unexpected token '<', "<!DOCTYPE "... is not valid JSON @ http://localhost:3000/static/js/bundle.js:176
[44668679ms] [ERROR] Failed to load resource: the server responded with a status of 404 (Not Found) @ http://localhost:3000/api/cloud-relay-host/tasks/process:0
[44668680ms] [WARNING] [cloud-relay-host] background poll skipped SyntaxError: Unexpected token '<', "<!DOCTYPE "... is not valid JSON @ http://localhost:3000/static/js/bundle.js:176
[44728974ms] [ERROR] Failed to load resource: the server responded with a status of 404 (Not Found) @ http://localhost:3000/api/cloud-relay-host/tasks/process:0
[44728974ms] [WARNING] [cloud-relay-host] background poll skipped SyntaxError: Unexpected token '<', "<!DOCTYPE "... is not valid JSON @ http://localhost:3000/static/js/bundle.js:176
[44788693ms] [ERROR] Failed to load resource: the server responded with a status of 404 (Not Found) @ http://localhost:3000/api/cloud-relay-host/tasks/process:0
[44788695ms] [WARNING] [cloud-relay-host] background poll skipped SyntaxError: Unexpected token '<', "<!DOCTYPE "... is not valid JSON @ http://localhost:3000/static/js/bundle.js:176
[44848976ms] [ERROR] Failed to load resource: the server responded with a status of 404 (Not Found) @ http://localhost:3000/api/cloud-relay-host/tasks/process:0
[44848977ms] [WARNING] [cloud-relay-host] background poll skipped SyntaxError: Unexpected token '<', "<!DOCTYPE "... is not valid JSON @ http://localhost:3000/static/js/bundle.js:176
[44908687ms] [ERROR] Failed to load resource: the server responded with a status of 404 (Not Found) @ http://localhost:3000/api/cloud-relay-host/tasks/process:0
[44908689ms] [WARNING] [cloud-relay-host] background poll skipped SyntaxError: Unexpected token '<', "<!DOCTYPE "... is not valid JSON @ http://localhost:3000/static/js/bundle.js:176
[44968976ms] [ERROR] Failed to load resource: the server responded with a status of 404 (Not Found) @ http://localhost:3000/api/cloud-relay-host/tasks/process:0
[44968976ms] [WARNING] [cloud-relay-host] background poll skipped SyntaxError: Unexpected token '<', "<!DOCTYPE "... is not valid JSON @ http://localhost:3000/static/js/bundle.js:176
[45028992ms] [ERROR] Failed to load resource: the server responded with a status of 404 (Not Found) @ http://localhost:3000/api/cloud-relay-host/tasks/process:0
[45028994ms] [WARNING] [cloud-relay-host] background poll skipped SyntaxError: Unexpected token '<', "<!DOCTYPE "... is not valid JSON @ http://localhost:3000/static/js/bundle.js:176
[45088734ms] [ERROR] Failed to load resource: the server responded with a status of 404 (Not Found) @ http://localhost:3000/api/cloud-relay-host/tasks/process:0
[45088739ms] [WARNING] [cloud-relay-host] background poll skipped SyntaxError: Unexpected token '<', "<!DOCTYPE "... is not valid JSON @ http://localhost:3000/static/js/bundle.js:176
[45148998ms] [ERROR] Failed to load resource: the server responded with a status of 404 (Not Found) @ http://localhost:3000/api/cloud-relay-host/tasks/process:0
[45149000ms] [WARNING] [cloud-relay-host] background poll skipped SyntaxError: Unexpected token '<', "<!DOCTYPE "... is not valid JSON @ http://localhost:3000/static/js/bundle.js:176
[45208673ms] [ERROR] Failed to load resource: the server responded with a status of 404 (Not Found) @ http://localhost:3000/api/cloud-relay-host/tasks/process:0
[45208673ms] [WARNING] [cloud-relay-host] background poll skipped SyntaxError: Unexpected token '<', "<!DOCTYPE "... is not valid JSON @ http://localhost:3000/static/js/bundle.js:176
[45268987ms] [ERROR] Failed to load resource: the server responded with a status of 404 (Not Found) @ http://localhost:3000/api/cloud-relay-host/tasks/process:0
[45268988ms] [WARNING] [cloud-relay-host] background poll skipped SyntaxError: Unexpected token '<', "<!DOCTYPE "... is not valid JSON @ http://localhost:3000/static/js/bundle.js:176
[45328682ms] [ERROR] Failed to load resource: the server responded with a status of 404 (Not Found) @ http://localhost:3000/api/cloud-relay-host/tasks/process:0
[45328682ms] [WARNING] [cloud-relay-host] background poll skipped SyntaxError: Unexpected token '<', "<!DOCTYPE "... is not valid JSON @ http://localhost:3000/static/js/bundle.js:176
[45389042ms] [ERROR] Failed to load resource: the server responded with a status of 404 (Not Found) @ http://localhost:3000/api/cloud-relay-host/tasks/process:0
[45389044ms] [WARNING] [cloud-relay-host] background poll skipped SyntaxError: Unexpected token '<', "<!DOCTYPE "... is not valid JSON @ http://localhost:3000/static/js/bundle.js:176
[45448679ms] [ERROR] Failed to load resource: the server responded with a status of 404 (Not Found) @ http://localhost:3000/api/cloud-relay-host/tasks/process:0
[45448679ms] [WARNING] [cloud-relay-host] background poll skipped SyntaxError: Unexpected token '<', "<!DOCTYPE "... is not valid JSON @ http://localhost:3000/static/js/bundle.js:176
[45509006ms] [ERROR] Failed to load resource: the server responded with a status of 404 (Not Found) @ http://localhost:3000/api/cloud-relay-host/tasks/process:0
[45509007ms] [WARNING] [cloud-relay-host] background poll skipped SyntaxError: Unexpected token '<', "<!DOCTYPE "... is not valid JSON @ http://localhost:3000/static/js/bundle.js:176
[45568673ms] [ERROR] Failed to load resource: the server responded with a status of 404 (Not Found) @ http://localhost:3000/api/cloud-relay-host/tasks/process:0
[45568674ms] [WARNING] [cloud-relay-host] background poll skipped SyntaxError: Unexpected token '<', "<!DOCTYPE "... is not valid JSON @ http://localhost:3000/static/js/bundle.js:176
[45629011ms] [ERROR] Failed to load resource: the server responded with a status of 404 (Not Found) @ http://localhost:3000/api/cloud-relay-host/tasks/process:0
[45629012ms] [WARNING] [cloud-relay-host] background poll skipped SyntaxError: Unexpected token '<', "<!DOCTYPE "... is not valid JSON @ http://localhost:3000/static/js/bundle.js:176
[45688680ms] [ERROR] Failed to load resource: the server responded with a status of 404 (Not Found) @ http://localhost:3000/api/cloud-relay-host/tasks/process:0
[45688681ms] [WARNING] [cloud-relay-host] background poll skipped SyntaxError: Unexpected token '<', "<!DOCTYPE "... is not valid JSON @ http://localhost:3000/static/js/bundle.js:176
[45749028ms] [ERROR] Failed to load resource: the server responded with a status of 404 (Not Found) @ http://localhost:3000/api/cloud-relay-host/tasks/process:0
[45749029ms] [WARNING] [cloud-relay-host] background poll skipped SyntaxError: Unexpected token '<', "<!DOCTYPE "... is not valid JSON @ http://localhost:3000/static/js/bundle.js:176
[45808677ms] [ERROR] Failed to load resource: the server responded with a status of 404 (Not Found) @ http://localhost:3000/api/cloud-relay-host/tasks/process:0
[45808678ms] [WARNING] [cloud-relay-host] background poll skipped SyntaxError: Unexpected token '<', "<!DOCTYPE "... is not valid JSON @ http://localhost:3000/static/js/bundle.js:176
[45869013ms] [ERROR] Failed to load resource: the server responded with a status of 404 (Not Found) @ http://localhost:3000/api/cloud-relay-host/tasks/process:0
[45869016ms] [WARNING] [cloud-relay-host] background poll skipped SyntaxError: Unexpected token '<', "<!DOCTYPE "... is not valid JSON @ http://localhost:3000/static/js/bundle.js:176
[45928690ms] [ERROR] Failed to load resource: the server responded with a status of 404 (Not Found) @ http://localhost:3000/api/cloud-relay-host/tasks/process:0
[45928690ms] [WARNING] [cloud-relay-host] background poll skipped SyntaxError: Unexpected token '<', "<!DOCTYPE "... is not valid JSON @ http://localhost:3000/static/js/bundle.js:176
[45989037ms] [ERROR] Failed to load resource: the server responded with a status of 404 (Not Found) @ http://localhost:3000/api/cloud-relay-host/tasks/process:0
[45989039ms] [WARNING] [cloud-relay-host] background poll skipped SyntaxError: Unexpected token '<', "<!DOCTYPE "... is not valid JSON @ http://localhost:3000/static/js/bundle.js:176
[46048688ms] [ERROR] Failed to load resource: the server responded with a status of 404 (Not Found) @ http://localhost:3000/api/cloud-relay-host/tasks/process:0
[46048689ms] [WARNING] [cloud-relay-host] background poll skipped SyntaxError: Unexpected token '<', "<!DOCTYPE "... is not valid JSON @ http://localhost:3000/static/js/bundle.js:176
[46109030ms] [ERROR] Failed to load resource: the server responded with a status of 404 (Not Found) @ http://localhost:3000/api/cloud-relay-host/tasks/process:0
[46109031ms] [WARNING] [cloud-relay-host] background poll skipped SyntaxError: Unexpected token '<', "<!DOCTYPE "... is not valid JSON @ http://localhost:3000/static/js/bundle.js:176
[46168690ms] [ERROR] Failed to load resource: the server responded with a status of 404 (Not Found) @ http://localhost:3000/api/cloud-relay-host/tasks/process:0
[46168690ms] [WARNING] [cloud-relay-host] background poll skipped SyntaxError: Unexpected token '<', "<!DOCTYPE "... is not valid JSON @ http://localhost:3000/static/js/bundle.js:176
[46229018ms] [ERROR] Failed to load resource: the server responded with a status of 404 (Not Found) @ http://localhost:3000/api/cloud-relay-host/tasks/process:0
[46229024ms] [WARNING] [cloud-relay-host] background poll skipped SyntaxError: Unexpected token '<', "<!DOCTYPE "... is not valid JSON @ http://localhost:3000/static/js/bundle.js:176
[46288746ms] [ERROR] Failed to load resource: the server responded with a status of 404 (Not Found) @ http://localhost:3000/api/cloud-relay-host/tasks/process:0
[46288746ms] [WARNING] [cloud-relay-host] background poll skipped SyntaxError: Unexpected token '<', "<!DOCTYPE "... is not valid JSON @ http://localhost:3000/static/js/bundle.js:176
[46349040ms] [ERROR] Failed to load resource: the server responded with a status of 404 (Not Found) @ http://localhost:3000/api/cloud-relay-host/tasks/process:0
[46349042ms] [WARNING] [cloud-relay-host] background poll skipped SyntaxError: Unexpected token '<', "<!DOCTYPE "... is not valid JSON @ http://localhost:3000/static/js/bundle.js:176
[46408700ms] [ERROR] Failed to load resource: the server responded with a status of 404 (Not Found) @ http://localhost:3000/api/cloud-relay-host/tasks/process:0
[46408700ms] [WARNING] [cloud-relay-host] background poll skipped SyntaxError: Unexpected token '<', "<!DOCTYPE "... is not valid JSON @ http://localhost:3000/static/js/bundle.js:176
[46469046ms] [ERROR] Failed to load resource: the server responded with a status of 404 (Not Found) @ http://localhost:3000/api/cloud-relay-host/tasks/process:0
[46469048ms] [WARNING] [cloud-relay-host] background poll skipped SyntaxError: Unexpected token '<', "<!DOCTYPE "... is not valid JSON @ http://localhost:3000/static/js/bundle.js:176
[46528698ms] [ERROR] Failed to load resource: the server responded with a status of 404 (Not Found) @ http://localhost:3000/api/cloud-relay-host/tasks/process:0
[46528699ms] [WARNING] [cloud-relay-host] background poll skipped SyntaxError: Unexpected token '<', "<!DOCTYPE "... is not valid JSON @ http://localhost:3000/static/js/bundle.js:176
[46589006ms] [ERROR] Failed to load resource: the server responded with a status of 404 (Not Found) @ http://localhost:3000/api/cloud-relay-host/tasks/process:0
[46589006ms] [WARNING] [cloud-relay-host] background poll skipped SyntaxError: Unexpected token '<', "<!DOCTYPE "... is not valid JSON @ http://localhost:3000/static/js/bundle.js:176
[46648761ms] [ERROR] Failed to load resource: the server responded with a status of 404 (Not Found) @ http://localhost:3000/api/cloud-relay-host/tasks/process:0
[46648764ms] [WARNING] [cloud-relay-host] background poll skipped SyntaxError: Unexpected token '<', "<!DOCTYPE "... is not valid JSON @ http://localhost:3000/static/js/bundle.js:176
[46709000ms] [ERROR] Failed to load resource: the server responded with a status of 404 (Not Found) @ http://localhost:3000/api/cloud-relay-host/tasks/process:0
[46709000ms] [WARNING] [cloud-relay-host] background poll skipped SyntaxError: Unexpected token '<', "<!DOCTYPE "... is not valid JSON @ http://localhost:3000/static/js/bundle.js:176
[46768733ms] [ERROR] Failed to load resource: the server responded with a status of 404 (Not Found) @ http://localhost:3000/api/cloud-relay-host/tasks/process:0
[46768736ms] [WARNING] [cloud-relay-host] background poll skipped SyntaxError: Unexpected token '<', "<!DOCTYPE "... is not valid JSON @ http://localhost:3000/static/js/bundle.js:176
[46829005ms] [ERROR] Failed to load resource: the server responded with a status of 404 (Not Found) @ http://localhost:3000/api/cloud-relay-host/tasks/process:0
[46829005ms] [WARNING] [cloud-relay-host] background poll skipped SyntaxError: Unexpected token '<', "<!DOCTYPE "... is not valid JSON @ http://localhost:3000/static/js/bundle.js:176
[46888731ms] [ERROR] Failed to load resource: the server responded with a status of 404 (Not Found) @ http://localhost:3000/api/cloud-relay-host/tasks/process:0
[46888733ms] [WARNING] [cloud-relay-host] background poll skipped SyntaxError: Unexpected token '<', "<!DOCTYPE "... is not valid JSON @ http://localhost:3000/static/js/bundle.js:176
[46949009ms] [ERROR] Failed to load resource: the server responded with a status of 404 (Not Found) @ http://localhost:3000/api/cloud-relay-host/tasks/process:0
[46949009ms] [WARNING] [cloud-relay-host] background poll skipped SyntaxError: Unexpected token '<', "<!DOCTYPE "... is not valid JSON @ http://localhost:3000/static/js/bundle.js:176
[47008728ms] [ERROR] Failed to load resource: the server responded with a status of 404 (Not Found) @ http://localhost:3000/api/cloud-relay-host/tasks/process:0
[47008731ms] [WARNING] [cloud-relay-host] background poll skipped SyntaxError: Unexpected token '<', "<!DOCTYPE "... is not valid JSON @ http://localhost:3000/static/js/bundle.js:176
[47069014ms] [ERROR] Failed to load resource: the server responded with a status of 404 (Not Found) @ http://localhost:3000/api/cloud-relay-host/tasks/process:0
[47069014ms] [WARNING] [cloud-relay-host] background poll skipped SyntaxError: Unexpected token '<', "<!DOCTYPE "... is not valid JSON @ http://localhost:3000/static/js/bundle.js:176
[47128728ms] [ERROR] Failed to load resource: the server responded with a status of 404 (Not Found) @ http://localhost:3000/api/cloud-relay-host/tasks/process:0
[47128730ms] [WARNING] [cloud-relay-host] background poll skipped SyntaxError: Unexpected token '<', "<!DOCTYPE "... is not valid JSON @ http://localhost:3000/static/js/bundle.js:176
[47189020ms] [ERROR] Failed to load resource: the server responded with a status of 404 (Not Found) @ http://localhost:3000/api/cloud-relay-host/tasks/process:0
[47189021ms] [WARNING] [cloud-relay-host] background poll skipped SyntaxError: Unexpected token '<', "<!DOCTYPE "... is not valid JSON @ http://localhost:3000/static/js/bundle.js:176
[47248735ms] [ERROR] Failed to load resource: the server responded with a status of 404 (Not Found) @ http://localhost:3000/api/cloud-relay-host/tasks/process:0
[47248737ms] [WARNING] [cloud-relay-host] background poll skipped SyntaxError: Unexpected token '<', "<!DOCTYPE "... is not valid JSON @ http://localhost:3000/static/js/bundle.js:176
[47309017ms] [ERROR] Failed to load resource: the server responded with a status of 404 (Not Found) @ http://localhost:3000/api/cloud-relay-host/tasks/process:0
[47309017ms] [WARNING] [cloud-relay-host] background poll skipped SyntaxError: Unexpected token '<', "<!DOCTYPE "... is not valid JSON @ http://localhost:3000/static/js/bundle.js:176
[47368718ms] [ERROR] Failed to load resource: the server responded with a status of 404 (Not Found) @ http://localhost:3000/api/cloud-relay-host/tasks/process:0
[47368720ms] [WARNING] [cloud-relay-host] background poll skipped SyntaxError: Unexpected token '<', "<!DOCTYPE "... is not valid JSON @ http://localhost:3000/static/js/bundle.js:176
[47429020ms] [ERROR] Failed to load resource: the server responded with a status of 404 (Not Found) @ http://localhost:3000/api/cloud-relay-host/tasks/process:0
[47429020ms] [WARNING] [cloud-relay-host] background poll skipped SyntaxError: Unexpected token '<', "<!DOCTYPE "... is not valid JSON @ http://localhost:3000/static/js/bundle.js:176
[47488728ms] [ERROR] Failed to load resource: the server responded with a status of 404 (Not Found) @ http://localhost:3000/api/cloud-relay-host/tasks/process:0
[47488730ms] [WARNING] [cloud-relay-host] background poll skipped SyntaxError: Unexpected token '<', "<!DOCTYPE "... is not valid JSON @ http://localhost:3000/static/js/bundle.js:176
[47549015ms] [ERROR] Failed to load resource: the server responded with a status of 404 (Not Found) @ http://localhost:3000/api/cloud-relay-host/tasks/process:0
[47549015ms] [WARNING] [cloud-relay-host] background poll skipped SyntaxError: Unexpected token '<', "<!DOCTYPE "... is not valid JSON @ http://localhost:3000/static/js/bundle.js:176
[47608721ms] [ERROR] Failed to load resource: the server responded with a status of 404 (Not Found) @ http://localhost:3000/api/cloud-relay-host/tasks/process:0
[47608723ms] [WARNING] [cloud-relay-host] background poll skipped SyntaxError: Unexpected token '<', "<!DOCTYPE "... is not valid JSON @ http://localhost:3000/static/js/bundle.js:176
[47669022ms] [ERROR] Failed to load resource: the server responded with a status of 404 (Not Found) @ http://localhost:3000/api/cloud-relay-host/tasks/process:0
[47669023ms] [WARNING] [cloud-relay-host] background poll skipped SyntaxError: Unexpected token '<', "<!DOCTYPE "... is not valid JSON @ http://localhost:3000/static/js/bundle.js:176
[47728734ms] [ERROR] Failed to load resource: the server responded with a status of 404 (Not Found) @ http://localhost:3000/api/cloud-relay-host/tasks/process:0
[47728735ms] [WARNING] [cloud-relay-host] background poll skipped SyntaxError: Unexpected token '<', "<!DOCTYPE "... is not valid JSON @ http://localhost:3000/static/js/bundle.js:176
[47789018ms] [ERROR] Failed to load resource: the server responded with a status of 404 (Not Found) @ http://localhost:3000/api/cloud-relay-host/tasks/process:0
[47789018ms] [WARNING] [cloud-relay-host] background poll skipped SyntaxError: Unexpected token '<', "<!DOCTYPE "... is not valid JSON @ http://localhost:3000/static/js/bundle.js:176
[47848729ms] [ERROR] Failed to load resource: the server responded with a status of 404 (Not Found) @ http://localhost:3000/api/cloud-relay-host/tasks/process:0
[47848729ms] [WARNING] [cloud-relay-host] background poll skipped SyntaxError: Unexpected token '<', "<!DOCTYPE "... is not valid JSON @ http://localhost:3000/static/js/bundle.js:176
[47909064ms] [ERROR] Failed to load resource: the server responded with a status of 404 (Not Found) @ http://localhost:3000/api/cloud-relay-host/tasks/process:0
[47909066ms] [WARNING] [cloud-relay-host] background poll skipped SyntaxError: Unexpected token '<', "<!DOCTYPE "... is not valid JSON @ http://localhost:3000/static/js/bundle.js:176
[47968720ms] [ERROR] Failed to load resource: the server responded with a status of 404 (Not Found) @ http://localhost:3000/api/cloud-relay-host/tasks/process:0
[47968720ms] [WARNING] [cloud-relay-host] background poll skipped SyntaxError: Unexpected token '<', "<!DOCTYPE "... is not valid JSON @ http://localhost:3000/static/js/bundle.js:176
[48029052ms] [ERROR] Failed to load resource: the server responded with a status of 404 (Not Found) @ http://localhost:3000/api/cloud-relay-host/tasks/process:0
[48029053ms] [WARNING] [cloud-relay-host] background poll skipped SyntaxError: Unexpected token '<', "<!DOCTYPE "... is not valid JSON @ http://localhost:3000/static/js/bundle.js:176
[48088726ms] [ERROR] Failed to load resource: the server responded with a status of 404 (Not Found) @ http://localhost:3000/api/cloud-relay-host/tasks/process:0
[48088726ms] [WARNING] [cloud-relay-host] background poll skipped SyntaxError: Unexpected token '<', "<!DOCTYPE "... is not valid JSON @ http://localhost:3000/static/js/bundle.js:176
[48149068ms] [ERROR] Failed to load resource: the server responded with a status of 404 (Not Found) @ http://localhost:3000/api/cloud-relay-host/tasks/process:0
[48149070ms] [WARNING] [cloud-relay-host] background poll skipped SyntaxError: Unexpected token '<', "<!DOCTYPE "... is not valid JSON @ http://localhost:3000/static/js/bundle.js:176
[48208728ms] [ERROR] Failed to load resource: the server responded with a status of 404 (Not Found) @ http://localhost:3000/api/cloud-relay-host/tasks/process:0
[48208729ms] [WARNING] [cloud-relay-host] background poll skipped SyntaxError: Unexpected token '<', "<!DOCTYPE "... is not valid JSON @ http://localhost:3000/static/js/bundle.js:176
[48269052ms] [ERROR] Failed to load resource: the server responded with a status of 404 (Not Found) @ http://localhost:3000/api/cloud-relay-host/tasks/process:0
[48269054ms] [WARNING] [cloud-relay-host] background poll skipped SyntaxError: Unexpected token '<', "<!DOCTYPE "... is not valid JSON @ http://localhost:3000/static/js/bundle.js:176
[48328732ms] [ERROR] Failed to load resource: the server responded with a status of 404 (Not Found) @ http://localhost:3000/api/cloud-relay-host/tasks/process:0
[48328733ms] [WARNING] [cloud-relay-host] background poll skipped SyntaxError: Unexpected token '<', "<!DOCTYPE "... is not valid JSON @ http://localhost:3000/static/js/bundle.js:176
[48389069ms] [ERROR] Failed to load resource: the server responded with a status of 404 (Not Found) @ http://localhost:3000/api/cloud-relay-host/tasks/process:0
[48389072ms] [WARNING] [cloud-relay-host] background poll skipped SyntaxError: Unexpected token '<', "<!DOCTYPE "... is not valid JSON @ http://localhost:3000/static/js/bundle.js:176
[48448733ms] [ERROR] Failed to load resource: the server responded with a status of 404 (Not Found) @ http://localhost:3000/api/cloud-relay-host/tasks/process:0
[48448733ms] [WARNING] [cloud-relay-host] background poll skipped SyntaxError: Unexpected token '<', "<!DOCTYPE "... is not valid JSON @ http://localhost:3000/static/js/bundle.js:176
[48509059ms] [ERROR] Failed to load resource: the server responded with a status of 404 (Not Found) @ http://localhost:3000/api/cloud-relay-host/tasks/process:0
[48509061ms] [WARNING] [cloud-relay-host] background poll skipped SyntaxError: Unexpected token '<', "<!DOCTYPE "... is not valid JSON @ http://localhost:3000/static/js/bundle.js:176
[48568738ms] [ERROR] Failed to load resource: the server responded with a status of 404 (Not Found) @ http://localhost:3000/api/cloud-relay-host/tasks/process:0
[48568738ms] [WARNING] [cloud-relay-host] background poll skipped SyntaxError: Unexpected token '<', "<!DOCTYPE "... is not valid JSON @ http://localhost:3000/static/js/bundle.js:176
[48629067ms] [ERROR] Failed to load resource: the server responded with a status of 404 (Not Found) @ http://localhost:3000/api/cloud-relay-host/tasks/process:0
[48629069ms] [WARNING] [cloud-relay-host] background poll skipped SyntaxError: Unexpected token '<', "<!DOCTYPE "... is not valid JSON @ http://localhost:3000/static/js/bundle.js:176
[48688729ms] [ERROR] Failed to load resource: the server responded with a status of 404 (Not Found) @ http://localhost:3000/api/cloud-relay-host/tasks/process:0
[48688730ms] [WARNING] [cloud-relay-host] background poll skipped SyntaxError: Unexpected token '<', "<!DOCTYPE "... is not valid JSON @ http://localhost:3000/static/js/bundle.js:176
[48749054ms] [ERROR] Failed to load resource: the server responded with a status of 404 (Not Found) @ http://localhost:3000/api/cloud-relay-host/tasks/process:0
[48749056ms] [WARNING] [cloud-relay-host] background poll skipped SyntaxError: Unexpected token '<', "<!DOCTYPE "... is not valid JSON @ http://localhost:3000/static/js/bundle.js:176
[48808753ms] [ERROR] Failed to load resource: the server responded with a status of 404 (Not Found) @ http://localhost:3000/api/cloud-relay-host/tasks/process:0
[48808755ms] [WARNING] [cloud-relay-host] background poll skipped SyntaxError: Unexpected token '<', "<!DOCTYPE "... is not valid JSON @ http://localhost:3000/static/js/bundle.js:176
[48869061ms] [ERROR] Failed to load resource: the server responded with a status of 404 (Not Found) @ http://localhost:3000/api/cloud-relay-host/tasks/process:0
[48869063ms] [WARNING] [cloud-relay-host] background poll skipped SyntaxError: Unexpected token '<', "<!DOCTYPE "... is not valid JSON @ http://localhost:3000/static/js/bundle.js:176
[48928737ms] [ERROR] Failed to load resource: the server responded with a status of 404 (Not Found) @ http://localhost:3000/api/cloud-relay-host/tasks/process:0
[48928737ms] [WARNING] [cloud-relay-host] background poll skipped SyntaxError: Unexpected token '<', "<!DOCTYPE "... is not valid JSON @ http://localhost:3000/static/js/bundle.js:176
[48989079ms] [ERROR] Failed to load resource: the server responded with a status of 404 (Not Found) @ http://localhost:3000/api/cloud-relay-host/tasks/process:0
[48989081ms] [WARNING] [cloud-relay-host] background poll skipped SyntaxError: Unexpected token '<', "<!DOCTYPE "... is not valid JSON @ http://localhost:3000/static/js/bundle.js:176
[49048741ms] [ERROR] Failed to load resource: the server responded with a status of 404 (Not Found) @ http://localhost:3000/api/cloud-relay-host/tasks/process:0
[49048741ms] [WARNING] [cloud-relay-host] background poll skipped SyntaxError: Unexpected token '<', "<!DOCTYPE "... is not valid JSON @ http://localhost:3000/static/js/bundle.js:176
[49109081ms] [ERROR] Failed to load resource: the server responded with a status of 404 (Not Found) @ http://localhost:3000/api/cloud-relay-host/tasks/process:0
[49109083ms] [WARNING] [cloud-relay-host] background poll skipped SyntaxError: Unexpected token '<', "<!DOCTYPE "... is not valid JSON @ http://localhost:3000/static/js/bundle.js:176
[49168743ms] [ERROR] Failed to load resource: the server responded with a status of 404 (Not Found) @ http://localhost:3000/api/cloud-relay-host/tasks/process:0
[49168744ms] [WARNING] [cloud-relay-host] background poll skipped SyntaxError: Unexpected token '<', "<!DOCTYPE "... is not valid JSON @ http://localhost:3000/static/js/bundle.js:176
[49229054ms] [ERROR] Failed to load resource: the server responded with a status of 404 (Not Found) @ http://localhost:3000/api/cloud-relay-host/tasks/process:0
[49229055ms] [WARNING] [cloud-relay-host] background poll skipped SyntaxError: Unexpected token '<', "<!DOCTYPE "... is not valid JSON @ http://localhost:3000/static/js/bundle.js:176
[49288767ms] [ERROR] Failed to load resource: the server responded with a status of 404 (Not Found) @ http://localhost:3000/api/cloud-relay-host/tasks/process:0
[49288769ms] [WARNING] [cloud-relay-host] background poll skipped SyntaxError: Unexpected token '<', "<!DOCTYPE "... is not valid JSON @ http://localhost:3000/static/js/bundle.js:176
[49349048ms] [ERROR] Failed to load resource: the server responded with a status of 404 (Not Found) @ http://localhost:3000/api/cloud-relay-host/tasks/process:0
[49349048ms] [WARNING] [cloud-relay-host] background poll skipped SyntaxError: Unexpected token '<', "<!DOCTYPE "... is not valid JSON @ http://localhost:3000/static/js/bundle.js:176
[49408762ms] [ERROR] Failed to load resource: the server responded with a status of 404 (Not Found) @ http://localhost:3000/api/cloud-relay-host/tasks/process:0
[49408764ms] [WARNING] [cloud-relay-host] background poll skipped SyntaxError: Unexpected token '<', "<!DOCTYPE "... is not valid JSON @ http://localhost:3000/static/js/bundle.js:176
[49469049ms] [ERROR] Failed to load resource: the server responded with a status of 404 (Not Found) @ http://localhost:3000/api/cloud-relay-host/tasks/process:0
[49469049ms] [WARNING] [cloud-relay-host] background poll skipped SyntaxError: Unexpected token '<', "<!DOCTYPE "... is not valid JSON @ http://localhost:3000/static/js/bundle.js:176
[49528761ms] [ERROR] Failed to load resource: the server responded with a status of 404 (Not Found) @ http://localhost:3000/api/cloud-relay-host/tasks/process:0
[49528762ms] [WARNING] [cloud-relay-host] background poll skipped SyntaxError: Unexpected token '<', "<!DOCTYPE "... is not valid JSON @ http://localhost:3000/static/js/bundle.js:176
[49589071ms] [ERROR] Failed to load resource: the server responded with a status of 404 (Not Found) @ http://localhost:3000/api/cloud-relay-host/tasks/process:0
[49589072ms] [WARNING] [cloud-relay-host] background poll skipped SyntaxError: Unexpected token '<', "<!DOCTYPE "... is not valid JSON @ http://localhost:3000/static/js/bundle.js:176
[49648751ms] [ERROR] Failed to load resource: the server responded with a status of 404 (Not Found) @ http://localhost:3000/api/cloud-relay-host/tasks/process:0
[49648752ms] [WARNING] [cloud-relay-host] background poll skipped SyntaxError: Unexpected token '<', "<!DOCTYPE "... is not valid JSON @ http://localhost:3000/static/js/bundle.js:176
[49709102ms] [ERROR] Failed to load resource: the server responded with a status of 404 (Not Found) @ http://localhost:3000/api/cloud-relay-host/tasks/process:0
[49709105ms] [WARNING] [cloud-relay-host] background poll skipped SyntaxError: Unexpected token '<', "<!DOCTYPE "... is not valid JSON @ http://localhost:3000/static/js/bundle.js:176
[49768755ms] [ERROR] Failed to load resource: the server responded with a status of 404 (Not Found) @ http://localhost:3000/api/cloud-relay-host/tasks/process:0
[49768756ms] [WARNING] [cloud-relay-host] background poll skipped SyntaxError: Unexpected token '<', "<!DOCTYPE "... is not valid JSON @ http://localhost:3000/static/js/bundle.js:176
[49829056ms] [ERROR] Failed to load resource: the server responded with a status of 404 (Not Found) @ http://localhost:3000/api/cloud-relay-host/tasks/process:0
[49829056ms] [WARNING] [cloud-relay-host] background poll skipped SyntaxError: Unexpected token '<', "<!DOCTYPE "... is not valid JSON @ http://localhost:3000/static/js/bundle.js:176
[49888774ms] [ERROR] Failed to load resource: the server responded with a status of 404 (Not Found) @ http://localhost:3000/api/cloud-relay-host/tasks/process:0
[49888775ms] [WARNING] [cloud-relay-host] background poll skipped SyntaxError: Unexpected token '<', "<!DOCTYPE "... is not valid JSON @ http://localhost:3000/static/js/bundle.js:176
[49949056ms] [ERROR] Failed to load resource: the server responded with a status of 404 (Not Found) @ http://localhost:3000/api/cloud-relay-host/tasks/process:0
[49949056ms] [WARNING] [cloud-relay-host] background poll skipped SyntaxError: Unexpected token '<', "<!DOCTYPE "... is not valid JSON @ http://localhost:3000/static/js/bundle.js:176
[50008773ms] [ERROR] Failed to load resource: the server responded with a status of 404 (Not Found) @ http://localhost:3000/api/cloud-relay-host/tasks/process:0
[50008775ms] [WARNING] [cloud-relay-host] background poll skipped SyntaxError: Unexpected token '<', "<!DOCTYPE "... is not valid JSON @ http://localhost:3000/static/js/bundle.js:176
[50069054ms] [ERROR] Failed to load resource: the server responded with a status of 404 (Not Found) @ http://localhost:3000/api/cloud-relay-host/tasks/process:0
[50069055ms] [WARNING] [cloud-relay-host] background poll skipped SyntaxError: Unexpected token '<', "<!DOCTYPE "... is not valid JSON @ http://localhost:3000/static/js/bundle.js:176
[50128781ms] [ERROR] Failed to load resource: the server responded with a status of 404 (Not Found) @ http://localhost:3000/api/cloud-relay-host/tasks/process:0
[50128784ms] [WARNING] [cloud-relay-host] background poll skipped SyntaxError: Unexpected token '<', "<!DOCTYPE "... is not valid JSON @ http://localhost:3000/static/js/bundle.js:176
[50189061ms] [ERROR] Failed to load resource: the server responded with a status of 404 (Not Found) @ http://localhost:3000/api/cloud-relay-host/tasks/process:0
[50189062ms] [WARNING] [cloud-relay-host] background poll skipped SyntaxError: Unexpected token '<', "<!DOCTYPE "... is not valid JSON @ http://localhost:3000/static/js/bundle.js:176
[50248783ms] [ERROR] Failed to load resource: the server responded with a status of 404 (Not Found) @ http://localhost:3000/api/cloud-relay-host/tasks/process:0
[50248786ms] [WARNING] [cloud-relay-host] background poll skipped SyntaxError: Unexpected token '<', "<!DOCTYPE "... is not valid JSON @ http://localhost:3000/static/js/bundle.js:176
[50309070ms] [ERROR] Failed to load resource: the server responded with a status of 404 (Not Found) @ http://localhost:3000/api/cloud-relay-host/tasks/process:0
[50309071ms] [WARNING] [cloud-relay-host] background poll skipped SyntaxError: Unexpected token '<', "<!DOCTYPE "... is not valid JSON @ http://localhost:3000/static/js/bundle.js:176
[50368772ms] [ERROR] Failed to load resource: the server responded with a status of 404 (Not Found) @ http://localhost:3000/api/cloud-relay-host/tasks/process:0
[50368773ms] [WARNING] [cloud-relay-host] background poll skipped SyntaxError: Unexpected token '<', "<!DOCTYPE "... is not valid JSON @ http://localhost:3000/static/js/bundle.js:176
[50429069ms] [ERROR] Failed to load resource: the server responded with a status of 404 (Not Found) @ http://localhost:3000/api/cloud-relay-host/tasks/process:0
[50429069ms] [WARNING] [cloud-relay-host] background poll skipped SyntaxError: Unexpected token '<', "<!DOCTYPE "... is not valid JSON @ http://localhost:3000/static/js/bundle.js:176
[50488780ms] [ERROR] Failed to load resource: the server responded with a status of 404 (Not Found) @ http://localhost:3000/api/cloud-relay-host/tasks/process:0
[50488782ms] [WARNING] [cloud-relay-host] background poll skipped SyntaxError: Unexpected token '<', "<!DOCTYPE "... is not valid JSON @ http://localhost:3000/static/js/bundle.js:176
[50549077ms] [ERROR] Failed to load resource: the server responded with a status of 404 (Not Found) @ http://localhost:3000/api/cloud-relay-host/tasks/process:0
[50549078ms] [WARNING] [cloud-relay-host] background poll skipped SyntaxError: Unexpected token '<', "<!DOCTYPE "... is not valid JSON @ http://localhost:3000/static/js/bundle.js:176
[50608781ms] [ERROR] Failed to load resource: the server responded with a status of 404 (Not Found) @ http://localhost:3000/api/cloud-relay-host/tasks/process:0
[50608783ms] [WARNING] [cloud-relay-host] background poll skipped SyntaxError: Unexpected token '<', "<!DOCTYPE "... is not valid JSON @ http://localhost:3000/static/js/bundle.js:176
[50669077ms] [ERROR] Failed to load resource: the server responded with a status of 404 (Not Found) @ http://localhost:3000/api/cloud-relay-host/tasks/process:0
[50669078ms] [WARNING] [cloud-relay-host] background poll skipped SyntaxError: Unexpected token '<', "<!DOCTYPE "... is not valid JSON @ http://localhost:3000/static/js/bundle.js:176
[50728792ms] [ERROR] Failed to load resource: the server responded with a status of 404 (Not Found) @ http://localhost:3000/api/cloud-relay-host/tasks/process:0
[50728795ms] [WARNING] [cloud-relay-host] background poll skipped SyntaxError: Unexpected token '<', "<!DOCTYPE "... is not valid JSON @ http://localhost:3000/static/js/bundle.js:176
[50789067ms] [ERROR] Failed to load resource: the server responded with a status of 404 (Not Found) @ http://localhost:3000/api/cloud-relay-host/tasks/process:0
[50789067ms] [WARNING] [cloud-relay-host] background poll skipped SyntaxError: Unexpected token '<', "<!DOCTYPE "... is not valid JSON @ http://localhost:3000/static/js/bundle.js:176
[50848797ms] [ERROR] Failed to load resource: the server responded with a status of 404 (Not Found) @ http://localhost:3000/api/cloud-relay-host/tasks/process:0
[50848801ms] [WARNING] [cloud-relay-host] background poll skipped SyntaxError: Unexpected token '<', "<!DOCTYPE "... is not valid JSON @ http://localhost:3000/static/js/bundle.js:176
[50909074ms] [ERROR] Failed to load resource: the server responded with a status of 404 (Not Found) @ http://localhost:3000/api/cloud-relay-host/tasks/process:0
[50909075ms] [WARNING] [cloud-relay-host] background poll skipped SyntaxError: Unexpected token '<', "<!DOCTYPE "... is not valid JSON @ http://localhost:3000/static/js/bundle.js:176
[50968795ms] [ERROR] Failed to load resource: the server responded with a status of 404 (Not Found) @ http://localhost:3000/api/cloud-relay-host/tasks/process:0
[50968798ms] [WARNING] [cloud-relay-host] background poll skipped SyntaxError: Unexpected token '<', "<!DOCTYPE "... is not valid JSON @ http://localhost:3000/static/js/bundle.js:176
[51029086ms] [ERROR] Failed to load resource: the server responded with a status of 404 (Not Found) @ http://localhost:3000/api/cloud-relay-host/tasks/process:0
[51029087ms] [WARNING] [cloud-relay-host] background poll skipped SyntaxError: Unexpected token '<', "<!DOCTYPE "... is not valid JSON @ http://localhost:3000/static/js/bundle.js:176
[51088803ms] [ERROR] Failed to load resource: the server responded with a status of 404 (Not Found) @ http://localhost:3000/api/cloud-relay-host/tasks/process:0
[51088806ms] [WARNING] [cloud-relay-host] background poll skipped SyntaxError: Unexpected token '<', "<!DOCTYPE "... is not valid JSON @ http://localhost:3000/static/js/bundle.js:176
[51149091ms] [ERROR] Failed to load resource: the server responded with a status of 404 (Not Found) @ http://localhost:3000/api/cloud-relay-host/tasks/process:0
[51149091ms] [WARNING] [cloud-relay-host] background poll skipped SyntaxError: Unexpected token '<', "<!DOCTYPE "... is not valid JSON @ http://localhost:3000/static/js/bundle.js:176
[51208801ms] [ERROR] Failed to load resource: the server responded with a status of 404 (Not Found) @ http://localhost:3000/api/cloud-relay-host/tasks/process:0
[51208803ms] [WARNING] [cloud-relay-host] background poll skipped SyntaxError: Unexpected token '<', "<!DOCTYPE "... is not valid JSON @ http://localhost:3000/static/js/bundle.js:176
[51269083ms] [ERROR] Failed to load resource: the server responded with a status of 404 (Not Found) @ http://localhost:3000/api/cloud-relay-host/tasks/process:0
[51269083ms] [WARNING] [cloud-relay-host] background poll skipped SyntaxError: Unexpected token '<', "<!DOCTYPE "... is not valid JSON @ http://localhost:3000/static/js/bundle.js:176
[51328808ms] [ERROR] Failed to load resource: the server responded with a status of 404 (Not Found) @ http://localhost:3000/api/cloud-relay-host/tasks/process:0
[51328809ms] [WARNING] [cloud-relay-host] background poll skipped SyntaxError: Unexpected token '<', "<!DOCTYPE "... is not valid JSON @ http://localhost:3000/static/js/bundle.js:176
[51389096ms] [ERROR] Failed to load resource: the server responded with a status of 404 (Not Found) @ http://localhost:3000/api/cloud-relay-host/tasks/process:0
[51389096ms] [WARNING] [cloud-relay-host] background poll skipped SyntaxError: Unexpected token '<', "<!DOCTYPE "... is not valid JSON @ http://localhost:3000/static/js/bundle.js:176
[51448811ms] [ERROR] Failed to load resource: the server responded with a status of 404 (Not Found) @ http://localhost:3000/api/cloud-relay-host/tasks/process:0
[51448812ms] [WARNING] [cloud-relay-host] background poll skipped SyntaxError: Unexpected token '<', "<!DOCTYPE "... is not valid JSON @ http://localhost:3000/static/js/bundle.js:176
[51509176ms] [ERROR] Failed to load resource: the server responded with a status of 404 (Not Found) @ http://localhost:3000/api/cloud-relay-host/tasks/process:0
[51509180ms] [WARNING] [cloud-relay-host] background poll skipped SyntaxError: Unexpected token '<', "<!DOCTYPE "... is not valid JSON @ http://localhost:3000/static/js/bundle.js:176
[51568801ms] [ERROR] Failed to load resource: the server responded with a status of 404 (Not Found) @ http://localhost:3000/api/cloud-relay-host/tasks/process:0
[51568803ms] [WARNING] [cloud-relay-host] background poll skipped SyntaxError: Unexpected token '<', "<!DOCTYPE "... is not valid JSON @ http://localhost:3000/static/js/bundle.js:176
[51629140ms] [ERROR] Failed to load resource: the server responded with a status of 404 (Not Found) @ http://localhost:3000/api/cloud-relay-host/tasks/process:0
[51629142ms] [WARNING] [cloud-relay-host] background poll skipped SyntaxError: Unexpected token '<', "<!DOCTYPE "... is not valid JSON @ http://localhost:3000/static/js/bundle.js:176
[51688780ms] [ERROR] Failed to load resource: the server responded with a status of 404 (Not Found) @ http://localhost:3000/api/cloud-relay-host/tasks/process:0
[51688781ms] [WARNING] [cloud-relay-host] background poll skipped SyntaxError: Unexpected token '<', "<!DOCTYPE "... is not valid JSON @ http://localhost:3000/static/js/bundle.js:176
[51749128ms] [ERROR] Failed to load resource: the server responded with a status of 404 (Not Found) @ http://localhost:3000/api/cloud-relay-host/tasks/process:0
[51749129ms] [WARNING] [cloud-relay-host] background poll skipped SyntaxError: Unexpected token '<', "<!DOCTYPE "... is not valid JSON @ http://localhost:3000/static/js/bundle.js:176
[51808787ms] [ERROR] Failed to load resource: the server responded with a status of 404 (Not Found) @ http://localhost:3000/api/cloud-relay-host/tasks/process:0
[51808787ms] [WARNING] [cloud-relay-host] background poll skipped SyntaxError: Unexpected token '<', "<!DOCTYPE "... is not valid JSON @ http://localhost:3000/static/js/bundle.js:176
[51869111ms] [ERROR] Failed to load resource: the server responded with a status of 404 (Not Found) @ http://localhost:3000/api/cloud-relay-host/tasks/process:0
[51869112ms] [WARNING] [cloud-relay-host] background poll skipped SyntaxError: Unexpected token '<', "<!DOCTYPE "... is not valid JSON @ http://localhost:3000/static/js/bundle.js:176
[51928785ms] [ERROR] Failed to load resource: the server responded with a status of 404 (Not Found) @ http://localhost:3000/api/cloud-relay-host/tasks/process:0
[51928785ms] [WARNING] [cloud-relay-host] background poll skipped SyntaxError: Unexpected token '<', "<!DOCTYPE "... is not valid JSON @ http://localhost:3000/static/js/bundle.js:176
[51989115ms] [ERROR] Failed to load resource: the server responded with a status of 404 (Not Found) @ http://localhost:3000/api/cloud-relay-host/tasks/process:0
[51989117ms] [WARNING] [cloud-relay-host] background poll skipped SyntaxError: Unexpected token '<', "<!DOCTYPE "... is not valid JSON @ http://localhost:3000/static/js/bundle.js:176
[52048800ms] [ERROR] Failed to load resource: the server responded with a status of 404 (Not Found) @ http://localhost:3000/api/cloud-relay-host/tasks/process:0
[52048801ms] [WARNING] [cloud-relay-host] background poll skipped SyntaxError: Unexpected token '<', "<!DOCTYPE "... is not valid JSON @ http://localhost:3000/static/js/bundle.js:176
[52109143ms] [ERROR] Failed to load resource: the server responded with a status of 404 (Not Found) @ http://localhost:3000/api/cloud-relay-host/tasks/process:0
[52109145ms] [WARNING] [cloud-relay-host] background poll skipped SyntaxError: Unexpected token '<', "<!DOCTYPE "... is not valid JSON @ http://localhost:3000/static/js/bundle.js:176
[52168790ms] [ERROR] Failed to load resource: the server responded with a status of 404 (Not Found) @ http://localhost:3000/api/cloud-relay-host/tasks/process:0
[52168790ms] [WARNING] [cloud-relay-host] background poll skipped SyntaxError: Unexpected token '<', "<!DOCTYPE "... is not valid JSON @ http://localhost:3000/static/js/bundle.js:176
[52229130ms] [ERROR] Failed to load resource: the server responded with a status of 404 (Not Found) @ http://localhost:3000/api/cloud-relay-host/tasks/process:0
[52229131ms] [WARNING] [cloud-relay-host] background poll skipped SyntaxError: Unexpected token '<', "<!DOCTYPE "... is not valid JSON @ http://localhost:3000/static/js/bundle.js:176
[52288805ms] [ERROR] Failed to load resource: the server responded with a status of 404 (Not Found) @ http://localhost:3000/api/cloud-relay-host/tasks/process:0
[52288806ms] [WARNING] [cloud-relay-host] background poll skipped SyntaxError: Unexpected token '<', "<!DOCTYPE "... is not valid JSON @ http://localhost:3000/static/js/bundle.js:176
[52349131ms] [ERROR] Failed to load resource: the server responded with a status of 404 (Not Found) @ http://localhost:3000/api/cloud-relay-host/tasks/process:0
[52349132ms] [WARNING] [cloud-relay-host] background poll skipped SyntaxError: Unexpected token '<', "<!DOCTYPE "... is not valid JSON @ http://localhost:3000/static/js/bundle.js:176
[52408800ms] [ERROR] Failed to load resource: the server responded with a status of 404 (Not Found) @ http://localhost:3000/api/cloud-relay-host/tasks/process:0
[52408801ms] [WARNING] [cloud-relay-host] background poll skipped SyntaxError: Unexpected token '<', "<!DOCTYPE "... is not valid JSON @ http://localhost:3000/static/js/bundle.js:176
[52469155ms] [ERROR] Failed to load resource: the server responded with a status of 404 (Not Found) @ http://localhost:3000/api/cloud-relay-host/tasks/process:0
[52469157ms] [WARNING] [cloud-relay-host] background poll skipped SyntaxError: Unexpected token '<', "<!DOCTYPE "... is not valid JSON @ http://localhost:3000/static/js/bundle.js:176
[52528799ms] [ERROR] Failed to load resource: the server responded with a status of 404 (Not Found) @ http://localhost:3000/api/cloud-relay-host/tasks/process:0
[52528799ms] [WARNING] [cloud-relay-host] background poll skipped SyntaxError: Unexpected token '<', "<!DOCTYPE "... is not valid JSON @ http://localhost:3000/static/js/bundle.js:176
[52589147ms] [ERROR] Failed to load resource: the server responded with a status of 404 (Not Found) @ http://localhost:3000/api/cloud-relay-host/tasks/process:0
[52589149ms] [WARNING] [cloud-relay-host] background poll skipped SyntaxError: Unexpected token '<', "<!DOCTYPE "... is not valid JSON @ http://localhost:3000/static/js/bundle.js:176
[52648800ms] [ERROR] Failed to load resource: the server responded with a status of 404 (Not Found) @ http://localhost:3000/api/cloud-relay-host/tasks/process:0
[52648800ms] [WARNING] [cloud-relay-host] background poll skipped SyntaxError: Unexpected token '<', "<!DOCTYPE "... is not valid JSON @ http://localhost:3000/static/js/bundle.js:176
[52709144ms] [ERROR] Failed to load resource: the server responded with a status of 404 (Not Found) @ http://localhost:3000/api/cloud-relay-host/tasks/process:0
[52709145ms] [WARNING] [cloud-relay-host] background poll skipped SyntaxError: Unexpected token '<', "<!DOCTYPE "... is not valid JSON @ http://localhost:3000/static/js/bundle.js:176
[52768808ms] [ERROR] Failed to load resource: the server responded with a status of 404 (Not Found) @ http://localhost:3000/api/cloud-relay-host/tasks/process:0
[52768809ms] [WARNING] [cloud-relay-host] background poll skipped SyntaxError: Unexpected token '<', "<!DOCTYPE "... is not valid JSON @ http://localhost:3000/static/js/bundle.js:176
[52829150ms] [ERROR] Failed to load resource: the server responded with a status of 404 (Not Found) @ http://localhost:3000/api/cloud-relay-host/tasks/process:0
[52829151ms] [WARNING] [cloud-relay-host] background poll skipped SyntaxError: Unexpected token '<', "<!DOCTYPE "... is not valid JSON @ http://localhost:3000/static/js/bundle.js:176
[52888823ms] [ERROR] Failed to load resource: the server responded with a status of 404 (Not Found) @ http://localhost:3000/api/cloud-relay-host/tasks/process:0
[52888823ms] [WARNING] [cloud-relay-host] background poll skipped SyntaxError: Unexpected token '<', "<!DOCTYPE "... is not valid JSON @ http://localhost:3000/static/js/bundle.js:176
[52949151ms] [ERROR] Failed to load resource: the server responded with a status of 404 (Not Found) @ http://localhost:3000/api/cloud-relay-host/tasks/process:0
[52949153ms] [WARNING] [cloud-relay-host] background poll skipped SyntaxError: Unexpected token '<', "<!DOCTYPE "... is not valid JSON @ http://localhost:3000/static/js/bundle.js:176
[53008810ms] [ERROR] Failed to load resource: the server responded with a status of 404 (Not Found) @ http://localhost:3000/api/cloud-relay-host/tasks/process:0
[53008811ms] [WARNING] [cloud-relay-host] background poll skipped SyntaxError: Unexpected token '<', "<!DOCTYPE "... is not valid JSON @ http://localhost:3000/static/js/bundle.js:176
[53069154ms] [ERROR] Failed to load resource: the server responded with a status of 404 (Not Found) @ http://localhost:3000/api/cloud-relay-host/tasks/process:0
[53069157ms] [WARNING] [cloud-relay-host] background poll skipped SyntaxError: Unexpected token '<', "<!DOCTYPE "... is not valid JSON @ http://localhost:3000/static/js/bundle.js:176
[53128810ms] [ERROR] Failed to load resource: the server responded with a status of 404 (Not Found) @ http://localhost:3000/api/cloud-relay-host/tasks/process:0
[53128810ms] [WARNING] [cloud-relay-host] background poll skipped SyntaxError: Unexpected token '<', "<!DOCTYPE "... is not valid JSON @ http://localhost:3000/static/js/bundle.js:176
[53189158ms] [ERROR] Failed to load resource: the server responded with a status of 404 (Not Found) @ http://localhost:3000/api/cloud-relay-host/tasks/process:0
[53189159ms] [WARNING] [cloud-relay-host] background poll skipped SyntaxError: Unexpected token '<', "<!DOCTYPE "... is not valid JSON @ http://localhost:3000/static/js/bundle.js:176
[53248815ms] [ERROR] Failed to load resource: the server responded with a status of 404 (Not Found) @ http://localhost:3000/api/cloud-relay-host/tasks/process:0
[53248815ms] [WARNING] [cloud-relay-host] background poll skipped SyntaxError: Unexpected token '<', "<!DOCTYPE "... is not valid JSON @ http://localhost:3000/static/js/bundle.js:176
[53309154ms] [ERROR] Failed to load resource: the server responded with a status of 404 (Not Found) @ http://localhost:3000/api/cloud-relay-host/tasks/process:0
[53309156ms] [WARNING] [cloud-relay-host] background poll skipped SyntaxError: Unexpected token '<', "<!DOCTYPE "... is not valid JSON @ http://localhost:3000/static/js/bundle.js:176
[53368813ms] [ERROR] Failed to load resource: the server responded with a status of 404 (Not Found) @ http://localhost:3000/api/cloud-relay-host/tasks/process:0
[53368814ms] [WARNING] [cloud-relay-host] background poll skipped SyntaxError: Unexpected token '<', "<!DOCTYPE "... is not valid JSON @ http://localhost:3000/static/js/bundle.js:176
[53429148ms] [ERROR] Failed to load resource: the server responded with a status of 404 (Not Found) @ http://localhost:3000/api/cloud-relay-host/tasks/process:0
[53429149ms] [WARNING] [cloud-relay-host] background poll skipped SyntaxError: Unexpected token '<', "<!DOCTYPE "... is not valid JSON @ http://localhost:3000/static/js/bundle.js:176
[53488813ms] [ERROR] Failed to load resource: the server responded with a status of 404 (Not Found) @ http://localhost:3000/api/cloud-relay-host/tasks/process:0
[53488813ms] [WARNING] [cloud-relay-host] background poll skipped SyntaxError: Unexpected token '<', "<!DOCTYPE "... is not valid JSON @ http://localhost:3000/static/js/bundle.js:176
[53549153ms] [ERROR] Failed to load resource: the server responded with a status of 404 (Not Found) @ http://localhost:3000/api/cloud-relay-host/tasks/process:0
[53549155ms] [WARNING] [cloud-relay-host] background poll skipped SyntaxError: Unexpected token '<', "<!DOCTYPE "... is not valid JSON @ http://localhost:3000/static/js/bundle.js:176
[53608825ms] [ERROR] Failed to load resource: the server responded with a status of 404 (Not Found) @ http://localhost:3000/api/cloud-relay-host/tasks/process:0
[53608826ms] [WARNING] [cloud-relay-host] background poll skipped SyntaxError: Unexpected token '<', "<!DOCTYPE "... is not valid JSON @ http://localhost:3000/static/js/bundle.js:176
[53669149ms] [ERROR] Failed to load resource: the server responded with a status of 404 (Not Found) @ http://localhost:3000/api/cloud-relay-host/tasks/process:0
[53669151ms] [WARNING] [cloud-relay-host] background poll skipped SyntaxError: Unexpected token '<', "<!DOCTYPE "... is not valid JSON @ http://localhost:3000/static/js/bundle.js:176
[53728821ms] [ERROR] Failed to load resource: the server responded with a status of 404 (Not Found) @ http://localhost:3000/api/cloud-relay-host/tasks/process:0
[53728821ms] [WARNING] [cloud-relay-host] background poll skipped SyntaxError: Unexpected token '<', "<!DOCTYPE "... is not valid JSON @ http://localhost:3000/static/js/bundle.js:176
[53789145ms] [ERROR] Failed to load resource: the server responded with a status of 404 (Not Found) @ http://localhost:3000/api/cloud-relay-host/tasks/process:0
[53789147ms] [WARNING] [cloud-relay-host] background poll skipped SyntaxError: Unexpected token '<', "<!DOCTYPE "... is not valid JSON @ http://localhost:3000/static/js/bundle.js:176
[53848818ms] [ERROR] Failed to load resource: the server responded with a status of 404 (Not Found) @ http://localhost:3000/api/cloud-relay-host/tasks/process:0
[53848819ms] [WARNING] [cloud-relay-host] background poll skipped SyntaxError: Unexpected token '<', "<!DOCTYPE "... is not valid JSON @ http://localhost:3000/static/js/bundle.js:176
[53909155ms] [ERROR] Failed to load resource: the server responded with a status of 404 (Not Found) @ http://localhost:3000/api/cloud-relay-host/tasks/process:0
[53909160ms] [WARNING] [cloud-relay-host] background poll skipped SyntaxError: Unexpected token '<', "<!DOCTYPE "... is not valid JSON @ http://localhost:3000/static/js/bundle.js:176
[53968845ms] [ERROR] Failed to load resource: the server responded with a status of 404 (Not Found) @ http://localhost:3000/api/cloud-relay-host/tasks/process:0
[53968848ms] [WARNING] [cloud-relay-host] background poll skipped SyntaxError: Unexpected token '<', "<!DOCTYPE "... is not valid JSON @ http://localhost:3000/static/js/bundle.js:176
[54029136ms] [ERROR] Failed to load resource: the server responded with a status of 404 (Not Found) @ http://localhost:3000/api/cloud-relay-host/tasks/process:0
[54029137ms] [WARNING] [cloud-relay-host] background poll skipped SyntaxError: Unexpected token '<', "<!DOCTYPE "... is not valid JSON @ http://localhost:3000/static/js/bundle.js:176
[54088830ms] [ERROR] Failed to load resource: the server responded with a status of 404 (Not Found) @ http://localhost:3000/api/cloud-relay-host/tasks/process:0
[54088831ms] [WARNING] [cloud-relay-host] background poll skipped SyntaxError: Unexpected token '<', "<!DOCTYPE "... is not valid JSON @ http://localhost:3000/static/js/bundle.js:176
[54149167ms] [ERROR] Failed to load resource: the server responded with a status of 404 (Not Found) @ http://localhost:3000/api/cloud-relay-host/tasks/process:0
[54149170ms] [WARNING] [cloud-relay-host] background poll skipped SyntaxError: Unexpected token '<', "<!DOCTYPE "... is not valid JSON @ http://localhost:3000/static/js/bundle.js:176
[54208837ms] [ERROR] Failed to load resource: the server responded with a status of 404 (Not Found) @ http://localhost:3000/api/cloud-relay-host/tasks/process:0
[54208837ms] [WARNING] [cloud-relay-host] background poll skipped SyntaxError: Unexpected token '<', "<!DOCTYPE "... is not valid JSON @ http://localhost:3000/static/js/bundle.js:176
[54269164ms] [ERROR] Failed to load resource: the server responded with a status of 404 (Not Found) @ http://localhost:3000/api/cloud-relay-host/tasks/process:0
[54269166ms] [WARNING] [cloud-relay-host] background poll skipped SyntaxError: Unexpected token '<', "<!DOCTYPE "... is not valid JSON @ http://localhost:3000/static/js/bundle.js:176
[54328828ms] [ERROR] Failed to load resource: the server responded with a status of 404 (Not Found) @ http://localhost:3000/api/cloud-relay-host/tasks/process:0
[54328829ms] [WARNING] [cloud-relay-host] background poll skipped SyntaxError: Unexpected token '<', "<!DOCTYPE "... is not valid JSON @ http://localhost:3000/static/js/bundle.js:176
[54389187ms] [ERROR] Failed to load resource: the server responded with a status of 404 (Not Found) @ http://localhost:3000/api/cloud-relay-host/tasks/process:0
[54389190ms] [WARNING] [cloud-relay-host] background poll skipped SyntaxError: Unexpected token '<', "<!DOCTYPE "... is not valid JSON @ http://localhost:3000/static/js/bundle.js:176
[54448850ms] [ERROR] Failed to load resource: the server responded with a status of 404 (Not Found) @ http://localhost:3000/api/cloud-relay-host/tasks/process:0
[54448851ms] [WARNING] [cloud-relay-host] background poll skipped SyntaxError: Unexpected token '<', "<!DOCTYPE "... is not valid JSON @ http://localhost:3000/static/js/bundle.js:176
[54509149ms] [ERROR] Failed to load resource: the server responded with a status of 404 (Not Found) @ http://localhost:3000/api/cloud-relay-host/tasks/process:0
[54509149ms] [WARNING] [cloud-relay-host] background poll skipped SyntaxError: Unexpected token '<', "<!DOCTYPE "... is not valid JSON @ http://localhost:3000/static/js/bundle.js:176
[54568858ms] [ERROR] Failed to load resource: the server responded with a status of 404 (Not Found) @ http://localhost:3000/api/cloud-relay-host/tasks/process:0
[54568863ms] [WARNING] [cloud-relay-host] background poll skipped SyntaxError: Unexpected token '<', "<!DOCTYPE "... is not valid JSON @ http://localhost:3000/static/js/bundle.js:176
[54629145ms] [ERROR] Failed to load resource: the server responded with a status of 404 (Not Found) @ http://localhost:3000/api/cloud-relay-host/tasks/process:0
[54629145ms] [WARNING] [cloud-relay-host] background poll skipped SyntaxError: Unexpected token '<', "<!DOCTYPE "... is not valid JSON @ http://localhost:3000/static/js/bundle.js:176
[54688870ms] [ERROR] Failed to load resource: the server responded with a status of 404 (Not Found) @ http://localhost:3000/api/cloud-relay-host/tasks/process:0
[54688871ms] [WARNING] [cloud-relay-host] background poll skipped SyntaxError: Unexpected token '<', "<!DOCTYPE "... is not valid JSON @ http://localhost:3000/static/js/bundle.js:176
[54749148ms] [ERROR] Failed to load resource: the server responded with a status of 404 (Not Found) @ http://localhost:3000/api/cloud-relay-host/tasks/process:0
[54749148ms] [WARNING] [cloud-relay-host] background poll skipped SyntaxError: Unexpected token '<', "<!DOCTYPE "... is not valid JSON @ http://localhost:3000/static/js/bundle.js:176
[54808863ms] [ERROR] Failed to load resource: the server responded with a status of 404 (Not Found) @ http://localhost:3000/api/cloud-relay-host/tasks/process:0
[54808864ms] [WARNING] [cloud-relay-host] background poll skipped SyntaxError: Unexpected token '<', "<!DOCTYPE "... is not valid JSON @ http://localhost:3000/static/js/bundle.js:176
[54869141ms] [ERROR] Failed to load resource: the server responded with a status of 404 (Not Found) @ http://localhost:3000/api/cloud-relay-host/tasks/process:0
[54869141ms] [WARNING] [cloud-relay-host] background poll skipped SyntaxError: Unexpected token '<', "<!DOCTYPE "... is not valid JSON @ http://localhost:3000/static/js/bundle.js:176
[54928867ms] [ERROR] Failed to load resource: the server responded with a status of 404 (Not Found) @ http://localhost:3000/api/cloud-relay-host/tasks/process:0
[54928870ms] [WARNING] [cloud-relay-host] background poll skipped SyntaxError: Unexpected token '<', "<!DOCTYPE "... is not valid JSON @ http://localhost:3000/static/js/bundle.js:176
[54989158ms] [ERROR] Failed to load resource: the server responded with a status of 404 (Not Found) @ http://localhost:3000/api/cloud-relay-host/tasks/process:0
[54989158ms] [WARNING] [cloud-relay-host] background poll skipped SyntaxError: Unexpected token '<', "<!DOCTYPE "... is not valid JSON @ http://localhost:3000/static/js/bundle.js:176
[55048856ms] [ERROR] Failed to load resource: the server responded with a status of 404 (Not Found) @ http://localhost:3000/api/cloud-relay-host/tasks/process:0
[55048857ms] [WARNING] [cloud-relay-host] background poll skipped SyntaxError: Unexpected token '<', "<!DOCTYPE "... is not valid JSON @ http://localhost:3000/static/js/bundle.js:176
[55109145ms] [ERROR] Failed to load resource: the server responded with a status of 404 (Not Found) @ http://localhost:3000/api/cloud-relay-host/tasks/process:0
[55109145ms] [WARNING] [cloud-relay-host] background poll skipped SyntaxError: Unexpected token '<', "<!DOCTYPE "... is not valid JSON @ http://localhost:3000/static/js/bundle.js:176
[55168867ms] [ERROR] Failed to load resource: the server responded with a status of 404 (Not Found) @ http://localhost:3000/api/cloud-relay-host/tasks/process:0
[55168868ms] [WARNING] [cloud-relay-host] background poll skipped SyntaxError: Unexpected token '<', "<!DOCTYPE "... is not valid JSON @ http://localhost:3000/static/js/bundle.js:176
[55229153ms] [ERROR] Failed to load resource: the server responded with a status of 404 (Not Found) @ http://localhost:3000/api/cloud-relay-host/tasks/process:0
[55229154ms] [WARNING] [cloud-relay-host] background poll skipped SyntaxError: Unexpected token '<', "<!DOCTYPE "... is not valid JSON @ http://localhost:3000/static/js/bundle.js:176
[55288867ms] [ERROR] Failed to load resource: the server responded with a status of 404 (Not Found) @ http://localhost:3000/api/cloud-relay-host/tasks/process:0
[55288868ms] [WARNING] [cloud-relay-host] background poll skipped SyntaxError: Unexpected token '<', "<!DOCTYPE "... is not valid JSON @ http://localhost:3000/static/js/bundle.js:176
[55349162ms] [ERROR] Failed to load resource: the server responded with a status of 404 (Not Found) @ http://localhost:3000/api/cloud-relay-host/tasks/process:0
[55349163ms] [WARNING] [cloud-relay-host] background poll skipped SyntaxError: Unexpected token '<', "<!DOCTYPE "... is not valid JSON @ http://localhost:3000/static/js/bundle.js:176
[55408870ms] [ERROR] Failed to load resource: the server responded with a status of 404 (Not Found) @ http://localhost:3000/api/cloud-relay-host/tasks/process:0
[55408872ms] [WARNING] [cloud-relay-host] background poll skipped SyntaxError: Unexpected token '<', "<!DOCTYPE "... is not valid JSON @ http://localhost:3000/static/js/bundle.js:176
[55469157ms] [ERROR] Failed to load resource: the server responded with a status of 404 (Not Found) @ http://localhost:3000/api/cloud-relay-host/tasks/process:0
[55469157ms] [WARNING] [cloud-relay-host] background poll skipped SyntaxError: Unexpected token '<', "<!DOCTYPE "... is not valid JSON @ http://localhost:3000/static/js/bundle.js:176
[55528873ms] [ERROR] Failed to load resource: the server responded with a status of 404 (Not Found) @ http://localhost:3000/api/cloud-relay-host/tasks/process:0
[55528875ms] [WARNING] [cloud-relay-host] background poll skipped SyntaxError: Unexpected token '<', "<!DOCTYPE "... is not valid JSON @ http://localhost:3000/static/js/bundle.js:176
[55589203ms] [ERROR] Failed to load resource: the server responded with a status of 404 (Not Found) @ http://localhost:3000/api/cloud-relay-host/tasks/process:0
[55589205ms] [WARNING] [cloud-relay-host] background poll skipped SyntaxError: Unexpected token '<', "<!DOCTYPE "... is not valid JSON @ http://localhost:3000/static/js/bundle.js:176
[55648867ms] [ERROR] Failed to load resource: the server responded with a status of 404 (Not Found) @ http://localhost:3000/api/cloud-relay-host/tasks/process:0
[55648868ms] [WARNING] [cloud-relay-host] background poll skipped SyntaxError: Unexpected token '<', "<!DOCTYPE "... is not valid JSON @ http://localhost:3000/static/js/bundle.js:176
[55709161ms] [ERROR] Failed to load resource: the server responded with a status of 404 (Not Found) @ http://localhost:3000/api/cloud-relay-host/tasks/process:0
[55709162ms] [WARNING] [cloud-relay-host] background poll skipped SyntaxError: Unexpected token '<', "<!DOCTYPE "... is not valid JSON @ http://localhost:3000/static/js/bundle.js:176
[55768872ms] [ERROR] Failed to load resource: the server responded with a status of 404 (Not Found) @ http://localhost:3000/api/cloud-relay-host/tasks/process:0
[55768874ms] [WARNING] [cloud-relay-host] background poll skipped SyntaxError: Unexpected token '<', "<!DOCTYPE "... is not valid JSON @ http://localhost:3000/static/js/bundle.js:176
[55829200ms] [ERROR] Failed to load resource: the server responded with a status of 404 (Not Found) @ http://localhost:3000/api/cloud-relay-host/tasks/process:0
[55829202ms] [WARNING] [cloud-relay-host] background poll skipped SyntaxError: Unexpected token '<', "<!DOCTYPE "... is not valid JSON @ http://localhost:3000/static/js/bundle.js:176
[55888865ms] [ERROR] Failed to load resource: the server responded with a status of 404 (Not Found) @ http://localhost:3000/api/cloud-relay-host/tasks/process:0
[55888866ms] [WARNING] [cloud-relay-host] background poll skipped SyntaxError: Unexpected token '<', "<!DOCTYPE "... is not valid JSON @ http://localhost:3000/static/js/bundle.js:176
[55949290ms] [ERROR] Failed to load resource: the server responded with a status of 404 (Not Found) @ http://localhost:3000/api/cloud-relay-host/tasks/process:0
[55949292ms] [WARNING] [cloud-relay-host] background poll skipped SyntaxError: Unexpected token '<', "<!DOCTYPE "... is not valid JSON @ http://localhost:3000/static/js/bundle.js:176
[56008871ms] [ERROR] Failed to load resource: the server responded with a status of 404 (Not Found) @ http://localhost:3000/api/cloud-relay-host/tasks/process:0
[56008872ms] [WARNING] [cloud-relay-host] background poll skipped SyntaxError: Unexpected token '<', "<!DOCTYPE "... is not valid JSON @ http://localhost:3000/static/js/bundle.js:176
[56069375ms] [ERROR] Failed to load resource: the server responded with a status of 404 (Not Found) @ http://localhost:3000/api/cloud-relay-host/tasks/process:0
[56069383ms] [WARNING] [cloud-relay-host] background poll skipped SyntaxError: Unexpected token '<', "<!DOCTYPE "... is not valid JSON @ http://localhost:3000/static/js/bundle.js:176
[56128868ms] [ERROR] Failed to load resource: the server responded with a status of 404 (Not Found) @ http://localhost:3000/api/cloud-relay-host/tasks/process:0
[56128869ms] [WARNING] [cloud-relay-host] background poll skipped SyntaxError: Unexpected token '<', "<!DOCTYPE "... is not valid JSON @ http://localhost:3000/static/js/bundle.js:176
[56189163ms] [ERROR] Failed to load resource: the server responded with a status of 404 (Not Found) @ http://localhost:3000/api/cloud-relay-host/tasks/process:0
[56189164ms] [WARNING] [cloud-relay-host] background poll skipped SyntaxError: Unexpected token '<', "<!DOCTYPE "... is not valid JSON @ http://localhost:3000/static/js/bundle.js:176
[56248954ms] [ERROR] Failed to load resource: the server responded with a status of 404 (Not Found) @ http://localhost:3000/api/cloud-relay-host/tasks/process:0
[56248956ms] [WARNING] [cloud-relay-host] background poll skipped SyntaxError: Unexpected token '<', "<!DOCTYPE "... is not valid JSON @ http://localhost:3000/static/js/bundle.js:176
[56309258ms] [ERROR] Failed to load resource: the server responded with a status of 404 (Not Found) @ http://localhost:3000/api/cloud-relay-host/tasks/process:0
[56309268ms] [WARNING] [cloud-relay-host] background poll skipped SyntaxError: Unexpected token '<', "<!DOCTYPE "... is not valid JSON @ http://localhost:3000/static/js/bundle.js:176
[56368868ms] [ERROR] Failed to load resource: the server responded with a status of 404 (Not Found) @ http://localhost:3000/api/cloud-relay-host/tasks/process:0
[56368869ms] [WARNING] [cloud-relay-host] background poll skipped SyntaxError: Unexpected token '<', "<!DOCTYPE "... is not valid JSON @ http://localhost:3000/static/js/bundle.js:176
[56429325ms] [ERROR] Failed to load resource: the server responded with a status of 404 (Not Found) @ http://localhost:3000/api/cloud-relay-host/tasks/process:0
[56429327ms] [WARNING] [cloud-relay-host] background poll skipped SyntaxError: Unexpected token '<', "<!DOCTYPE "... is not valid JSON @ http://localhost:3000/static/js/bundle.js:176
[56488874ms] [ERROR] Failed to load resource: the server responded with a status of 404 (Not Found) @ http://localhost:3000/api/cloud-relay-host/tasks/process:0
[56488874ms] [WARNING] [cloud-relay-host] background poll skipped SyntaxError: Unexpected token '<', "<!DOCTYPE "... is not valid JSON @ http://localhost:3000/static/js/bundle.js:176
[56549260ms] [ERROR] Failed to load resource: the server responded with a status of 404 (Not Found) @ http://localhost:3000/api/cloud-relay-host/tasks/process:0
[56549265ms] [WARNING] [cloud-relay-host] background poll skipped SyntaxError: Unexpected token '<', "<!DOCTYPE "... is not valid JSON @ http://localhost:3000/static/js/bundle.js:176
[56608870ms] [ERROR] Failed to load resource: the server responded with a status of 404 (Not Found) @ http://localhost:3000/api/cloud-relay-host/tasks/process:0
[56608870ms] [WARNING] [cloud-relay-host] background poll skipped SyntaxError: Unexpected token '<', "<!DOCTYPE "... is not valid JSON @ http://localhost:3000/static/js/bundle.js:176
[56669353ms] [ERROR] Failed to load resource: the server responded with a status of 404 (Not Found) @ http://localhost:3000/api/cloud-relay-host/tasks/process:0
[56669355ms] [WARNING] [cloud-relay-host] background poll skipped SyntaxError: Unexpected token '<', "<!DOCTYPE "... is not valid JSON @ http://localhost:3000/static/js/bundle.js:176
[56728876ms] [ERROR] Failed to load resource: the server responded with a status of 404 (Not Found) @ http://localhost:3000/api/cloud-relay-host/tasks/process:0
[56728876ms] [WARNING] [cloud-relay-host] background poll skipped SyntaxError: Unexpected token '<', "<!DOCTYPE "... is not valid JSON @ http://localhost:3000/static/js/bundle.js:176
[56789271ms] [ERROR] Failed to load resource: the server responded with a status of 404 (Not Found) @ http://localhost:3000/api/cloud-relay-host/tasks/process:0
[56789273ms] [WARNING] [cloud-relay-host] background poll skipped SyntaxError: Unexpected token '<', "<!DOCTYPE "... is not valid JSON @ http://localhost:3000/static/js/bundle.js:176
[56848884ms] [ERROR] Failed to load resource: the server responded with a status of 404 (Not Found) @ http://localhost:3000/api/cloud-relay-host/tasks/process:0
[56848885ms] [WARNING] [cloud-relay-host] background poll skipped SyntaxError: Unexpected token '<', "<!DOCTYPE "... is not valid JSON @ http://localhost:3000/static/js/bundle.js:176
[56909296ms] [ERROR] Failed to load resource: the server responded with a status of 404 (Not Found) @ http://localhost:3000/api/cloud-relay-host/tasks/process:0
[56909303ms] [WARNING] [cloud-relay-host] background poll skipped SyntaxError: Unexpected token '<', "<!DOCTYPE "... is not valid JSON @ http://localhost:3000/static/js/bundle.js:176
[56968881ms] [ERROR] Failed to load resource: the server responded with a status of 404 (Not Found) @ http://localhost:3000/api/cloud-relay-host/tasks/process:0
[56968881ms] [WARNING] [cloud-relay-host] background poll skipped SyntaxError: Unexpected token '<', "<!DOCTYPE "... is not valid JSON @ http://localhost:3000/static/js/bundle.js:176
[57029270ms] [ERROR] Failed to load resource: the server responded with a status of 404 (Not Found) @ http://localhost:3000/api/cloud-relay-host/tasks/process:0
[57029273ms] [WARNING] [cloud-relay-host] background poll skipped SyntaxError: Unexpected token '<', "<!DOCTYPE "... is not valid JSON @ http://localhost:3000/static/js/bundle.js:176
[57088889ms] [ERROR] Failed to load resource: the server responded with a status of 404 (Not Found) @ http://localhost:3000/api/cloud-relay-host/tasks/process:0
[57088890ms] [WARNING] [cloud-relay-host] background poll skipped SyntaxError: Unexpected token '<', "<!DOCTYPE "... is not valid JSON @ http://localhost:3000/static/js/bundle.js:176
[57149211ms] [ERROR] Failed to load resource: the server responded with a status of 404 (Not Found) @ http://localhost:3000/api/cloud-relay-host/tasks/process:0
[57149213ms] [WARNING] [cloud-relay-host] background poll skipped SyntaxError: Unexpected token '<', "<!DOCTYPE "... is not valid JSON @ http://localhost:3000/static/js/bundle.js:176
[57208876ms] [ERROR] Failed to load resource: the server responded with a status of 404 (Not Found) @ http://localhost:3000/api/cloud-relay-host/tasks/process:0
[57208877ms] [WARNING] [cloud-relay-host] background poll skipped SyntaxError: Unexpected token '<', "<!DOCTYPE "... is not valid JSON @ http://localhost:3000/static/js/bundle.js:176
[57269261ms] [ERROR] Failed to load resource: the server responded with a status of 404 (Not Found) @ http://localhost:3000/api/cloud-relay-host/tasks/process:0
[57269263ms] [WARNING] [cloud-relay-host] background poll skipped SyntaxError: Unexpected token '<', "<!DOCTYPE "... is not valid JSON @ http://localhost:3000/static/js/bundle.js:176
[57328883ms] [ERROR] Failed to load resource: the server responded with a status of 404 (Not Found) @ http://localhost:3000/api/cloud-relay-host/tasks/process:0
[57328884ms] [WARNING] [cloud-relay-host] background poll skipped SyntaxError: Unexpected token '<', "<!DOCTYPE "... is not valid JSON @ http://localhost:3000/static/js/bundle.js:176
[57389259ms] [ERROR] Failed to load resource: the server responded with a status of 404 (Not Found) @ http://localhost:3000/api/cloud-relay-host/tasks/process:0
[57389261ms] [WARNING] [cloud-relay-host] background poll skipped SyntaxError: Unexpected token '<', "<!DOCTYPE "... is not valid JSON @ http://localhost:3000/static/js/bundle.js:176
[57448887ms] [ERROR] Failed to load resource: the server responded with a status of 404 (Not Found) @ http://localhost:3000/api/cloud-relay-host/tasks/process:0
[57448887ms] [WARNING] [cloud-relay-host] background poll skipped SyntaxError: Unexpected token '<', "<!DOCTYPE "... is not valid JSON @ http://localhost:3000/static/js/bundle.js:176
[57509337ms] [ERROR] Failed to load resource: the server responded with a status of 404 (Not Found) @ http://localhost:3000/api/cloud-relay-host/tasks/process:0
[57509340ms] [WARNING] [cloud-relay-host] background poll skipped SyntaxError: Unexpected token '<', "<!DOCTYPE "... is not valid JSON @ http://localhost:3000/static/js/bundle.js:176
[57568890ms] [ERROR] Failed to load resource: the server responded with a status of 404 (Not Found) @ http://localhost:3000/api/cloud-relay-host/tasks/process:0
[57568890ms] [WARNING] [cloud-relay-host] background poll skipped SyntaxError: Unexpected token '<', "<!DOCTYPE "... is not valid JSON @ http://localhost:3000/static/js/bundle.js:176
[57629296ms] [ERROR] Failed to load resource: the server responded with a status of 404 (Not Found) @ http://localhost:3000/api/cloud-relay-host/tasks/process:0
[57629299ms] [WARNING] [cloud-relay-host] background poll skipped SyntaxError: Unexpected token '<', "<!DOCTYPE "... is not valid JSON @ http://localhost:3000/static/js/bundle.js:176
[57688895ms] [ERROR] Failed to load resource: the server responded with a status of 404 (Not Found) @ http://localhost:3000/api/cloud-relay-host/tasks/process:0
[57688895ms] [WARNING] [cloud-relay-host] background poll skipped SyntaxError: Unexpected token '<', "<!DOCTYPE "... is not valid JSON @ http://localhost:3000/static/js/bundle.js:176
[57749312ms] [ERROR] Failed to load resource: the server responded with a status of 404 (Not Found) @ http://localhost:3000/api/cloud-relay-host/tasks/process:0
[57749315ms] [WARNING] [cloud-relay-host] background poll skipped SyntaxError: Unexpected token '<', "<!DOCTYPE "... is not valid JSON @ http://localhost:3000/static/js/bundle.js:176
[57808896ms] [ERROR] Failed to load resource: the server responded with a status of 404 (Not Found) @ http://localhost:3000/api/cloud-relay-host/tasks/process:0
[57808896ms] [WARNING] [cloud-relay-host] background poll skipped SyntaxError: Unexpected token '<', "<!DOCTYPE "... is not valid JSON @ http://localhost:3000/static/js/bundle.js:176
[57869278ms] [ERROR] Failed to load resource: the server responded with a status of 404 (Not Found) @ http://localhost:3000/api/cloud-relay-host/tasks/process:0
[57869279ms] [WARNING] [cloud-relay-host] background poll skipped SyntaxError: Unexpected token '<', "<!DOCTYPE "... is not valid JSON @ http://localhost:3000/static/js/bundle.js:176
[57928892ms] [ERROR] Failed to load resource: the server responded with a status of 404 (Not Found) @ http://localhost:3000/api/cloud-relay-host/tasks/process:0
[57928892ms] [WARNING] [cloud-relay-host] background poll skipped SyntaxError: Unexpected token '<', "<!DOCTYPE "... is not valid JSON @ http://localhost:3000/static/js/bundle.js:176
[57989254ms] [ERROR] Failed to load resource: the server responded with a status of 404 (Not Found) @ http://localhost:3000/api/cloud-relay-host/tasks/process:0
[57989255ms] [WARNING] [cloud-relay-host] background poll skipped SyntaxError: Unexpected token '<', "<!DOCTYPE "... is not valid JSON @ http://localhost:3000/static/js/bundle.js:176
[58048896ms] [ERROR] Failed to load resource: the server responded with a status of 404 (Not Found) @ http://localhost:3000/api/cloud-relay-host/tasks/process:0
[58048897ms] [WARNING] [cloud-relay-host] background poll skipped SyntaxError: Unexpected token '<', "<!DOCTYPE "... is not valid JSON @ http://localhost:3000/static/js/bundle.js:176
[58109275ms] [ERROR] Failed to load resource: the server responded with a status of 404 (Not Found) @ http://localhost:3000/api/cloud-relay-host/tasks/process:0
[58109277ms] [WARNING] [cloud-relay-host] background poll skipped SyntaxError: Unexpected token '<', "<!DOCTYPE "... is not valid JSON @ http://localhost:3000/static/js/bundle.js:176
[58168918ms] [ERROR] Failed to load resource: the server responded with a status of 404 (Not Found) @ http://localhost:3000/api/cloud-relay-host/tasks/process:0
[58168918ms] [WARNING] [cloud-relay-host] background poll skipped SyntaxError: Unexpected token '<', "<!DOCTYPE "... is not valid JSON @ http://localhost:3000/static/js/bundle.js:176
[58229393ms] [ERROR] Failed to load resource: the server responded with a status of 404 (Not Found) @ http://localhost:3000/api/cloud-relay-host/tasks/process:0
[58229395ms] [WARNING] [cloud-relay-host] background poll skipped SyntaxError: Unexpected token '<', "<!DOCTYPE "... is not valid JSON @ http://localhost:3000/static/js/bundle.js:176
[58288901ms] [ERROR] Failed to load resource: the server responded with a status of 404 (Not Found) @ http://localhost:3000/api/cloud-relay-host/tasks/process:0
[58288901ms] [WARNING] [cloud-relay-host] background poll skipped SyntaxError: Unexpected token '<', "<!DOCTYPE "... is not valid JSON @ http://localhost:3000/static/js/bundle.js:176
[58349309ms] [ERROR] Failed to load resource: the server responded with a status of 404 (Not Found) @ http://localhost:3000/api/cloud-relay-host/tasks/process:0
[58349311ms] [WARNING] [cloud-relay-host] background poll skipped SyntaxError: Unexpected token '<', "<!DOCTYPE "... is not valid JSON @ http://localhost:3000/static/js/bundle.js:176
[58408904ms] [ERROR] Failed to load resource: the server responded with a status of 404 (Not Found) @ http://localhost:3000/api/cloud-relay-host/tasks/process:0
[58408905ms] [WARNING] [cloud-relay-host] background poll skipped SyntaxError: Unexpected token '<', "<!DOCTYPE "... is not valid JSON @ http://localhost:3000/static/js/bundle.js:176
[58469278ms] [ERROR] Failed to load resource: the server responded with a status of 404 (Not Found) @ http://localhost:3000/api/cloud-relay-host/tasks/process:0
[58469280ms] [WARNING] [cloud-relay-host] background poll skipped SyntaxError: Unexpected token '<', "<!DOCTYPE "... is not valid JSON @ http://localhost:3000/static/js/bundle.js:176
[58528912ms] [ERROR] Failed to load resource: the server responded with a status of 404 (Not Found) @ http://localhost:3000/api/cloud-relay-host/tasks/process:0
[58528913ms] [WARNING] [cloud-relay-host] background poll skipped SyntaxError: Unexpected token '<', "<!DOCTYPE "... is not valid JSON @ http://localhost:3000/static/js/bundle.js:176
[58589283ms] [ERROR] Failed to load resource: the server responded with a status of 404 (Not Found) @ http://localhost:3000/api/cloud-relay-host/tasks/process:0
[58589291ms] [WARNING] [cloud-relay-host] background poll skipped SyntaxError: Unexpected token '<', "<!DOCTYPE "... is not valid JSON @ http://localhost:3000/static/js/bundle.js:176
[58648917ms] [ERROR] Failed to load resource: the server responded with a status of 404 (Not Found) @ http://localhost:3000/api/cloud-relay-host/tasks/process:0
[58648918ms] [WARNING] [cloud-relay-host] background poll skipped SyntaxError: Unexpected token '<', "<!DOCTYPE "... is not valid JSON @ http://localhost:3000/static/js/bundle.js:176
[58709269ms] [ERROR] Failed to load resource: the server responded with a status of 404 (Not Found) @ http://localhost:3000/api/cloud-relay-host/tasks/process:0
[58709273ms] [WARNING] [cloud-relay-host] background poll skipped SyntaxError: Unexpected token '<', "<!DOCTYPE "... is not valid JSON @ http://localhost:3000/static/js/bundle.js:176
[58768917ms] [ERROR] Failed to load resource: the server responded with a status of 404 (Not Found) @ http://localhost:3000/api/cloud-relay-host/tasks/process:0
[58768917ms] [WARNING] [cloud-relay-host] background poll skipped SyntaxError: Unexpected token '<', "<!DOCTYPE "... is not valid JSON @ http://localhost:3000/static/js/bundle.js:176
[58829258ms] [ERROR] Failed to load resource: the server responded with a status of 404 (Not Found) @ http://localhost:3000/api/cloud-relay-host/tasks/process:0
[58829259ms] [WARNING] [cloud-relay-host] background poll skipped SyntaxError: Unexpected token '<', "<!DOCTYPE "... is not valid JSON @ http://localhost:3000/static/js/bundle.js:176
[58889321ms] [ERROR] Failed to load resource: the server responded with a status of 404 (Not Found) @ http://localhost:3000/api/cloud-relay-host/tasks/process:0
[58889322ms] [WARNING] [cloud-relay-host] background poll skipped SyntaxError: Unexpected token '<', "<!DOCTYPE "... is not valid JSON @ http://localhost:3000/static/js/bundle.js:176
[58949240ms] [ERROR] Failed to load resource: the server responded with a status of 404 (Not Found) @ http://localhost:3000/api/cloud-relay-host/tasks/process:0
[58949241ms] [WARNING] [cloud-relay-host] background poll skipped SyntaxError: Unexpected token '<', "<!DOCTYPE "... is not valid JSON @ http://localhost:3000/static/js/bundle.js:176
[59008939ms] [ERROR] Failed to load resource: the server responded with a status of 404 (Not Found) @ http://localhost:3000/api/cloud-relay-host/tasks/process:0
[59008941ms] [WARNING] [cloud-relay-host] background poll skipped SyntaxError: Unexpected token '<', "<!DOCTYPE "... is not valid JSON @ http://localhost:3000/static/js/bundle.js:176
[59068920ms] [ERROR] Failed to load resource: the server responded with a status of 404 (Not Found) @ http://localhost:3000/api/cloud-relay-host/tasks/process:0
[59068920ms] [WARNING] [cloud-relay-host] background poll skipped SyntaxError: Unexpected token '<', "<!DOCTYPE "... is not valid JSON @ http://localhost:3000/static/js/bundle.js:176
[59129280ms] [ERROR] Failed to load resource: the server responded with a status of 404 (Not Found) @ http://localhost:3000/api/cloud-relay-host/tasks/process:0
[59129281ms] [WARNING] [cloud-relay-host] background poll skipped SyntaxError: Unexpected token '<', "<!DOCTYPE "... is not valid JSON @ http://localhost:3000/static/js/bundle.js:176
[59188919ms] [ERROR] Failed to load resource: the server responded with a status of 404 (Not Found) @ http://localhost:3000/api/cloud-relay-host/tasks/process:0
[59188920ms] [WARNING] [cloud-relay-host] background poll skipped SyntaxError: Unexpected token '<', "<!DOCTYPE "... is not valid JSON @ http://localhost:3000/static/js/bundle.js:176
[59249261ms] [ERROR] Failed to load resource: the server responded with a status of 404 (Not Found) @ http://localhost:3000/api/cloud-relay-host/tasks/process:0
[59249263ms] [WARNING] [cloud-relay-host] background poll skipped SyntaxError: Unexpected token '<', "<!DOCTYPE "... is not valid JSON @ http://localhost:3000/static/js/bundle.js:176
[59308948ms] [ERROR] Failed to load resource: the server responded with a status of 404 (Not Found) @ http://localhost:3000/api/cloud-relay-host/tasks/process:0
[59308948ms] [WARNING] [cloud-relay-host] background poll skipped SyntaxError: Unexpected token '<', "<!DOCTYPE "... is not valid JSON @ http://localhost:3000/static/js/bundle.js:176
[59369251ms] [ERROR] Failed to load resource: the server responded with a status of 404 (Not Found) @ http://localhost:3000/api/cloud-relay-host/tasks/process:0
[59369252ms] [WARNING] [cloud-relay-host] background poll skipped SyntaxError: Unexpected token '<', "<!DOCTYPE "... is not valid JSON @ http://localhost:3000/static/js/bundle.js:176
[59428922ms] [ERROR] Failed to load resource: the server responded with a status of 404 (Not Found) @ http://localhost:3000/api/cloud-relay-host/tasks/process:0
[59428922ms] [WARNING] [cloud-relay-host] background poll skipped SyntaxError: Unexpected token '<', "<!DOCTYPE "... is not valid JSON @ http://localhost:3000/static/js/bundle.js:176
[59489255ms] [ERROR] Failed to load resource: the server responded with a status of 404 (Not Found) @ http://localhost:3000/api/cloud-relay-host/tasks/process:0
[59489257ms] [WARNING] [cloud-relay-host] background poll skipped SyntaxError: Unexpected token '<', "<!DOCTYPE "... is not valid JSON @ http://localhost:3000/static/js/bundle.js:176
[59548954ms] [ERROR] Failed to load resource: the server responded with a status of 404 (Not Found) @ http://localhost:3000/api/cloud-relay-host/tasks/process:0
[59548957ms] [WARNING] [cloud-relay-host] background poll skipped SyntaxError: Unexpected token '<', "<!DOCTYPE "... is not valid JSON @ http://localhost:3000/static/js/bundle.js:176
[59609271ms] [ERROR] Failed to load resource: the server responded with a status of 404 (Not Found) @ http://localhost:3000/api/cloud-relay-host/tasks/process:0
[59609273ms] [WARNING] [cloud-relay-host] background poll skipped SyntaxError: Unexpected token '<', "<!DOCTYPE "... is not valid JSON @ http://localhost:3000/static/js/bundle.js:176
[59668928ms] [ERROR] Failed to load resource: the server responded with a status of 404 (Not Found) @ http://localhost:3000/api/cloud-relay-host/tasks/process:0
[59668928ms] [WARNING] [cloud-relay-host] background poll skipped SyntaxError: Unexpected token '<', "<!DOCTYPE "... is not valid JSON @ http://localhost:3000/static/js/bundle.js:176
[59729304ms] [ERROR] Failed to load resource: the server responded with a status of 404 (Not Found) @ http://localhost:3000/api/cloud-relay-host/tasks/process:0
[59729311ms] [WARNING] [cloud-relay-host] background poll skipped SyntaxError: Unexpected token '<', "<!DOCTYPE "... is not valid JSON @ http://localhost:3000/static/js/bundle.js:176
[59788931ms] [ERROR] Failed to load resource: the server responded with a status of 404 (Not Found) @ http://localhost:3000/api/cloud-relay-host/tasks/process:0
[59788932ms] [WARNING] [cloud-relay-host] background poll skipped SyntaxError: Unexpected token '<', "<!DOCTYPE "... is not valid JSON @ http://localhost:3000/static/js/bundle.js:176
[59849332ms] [ERROR] Failed to load resource: the server responded with a status of 404 (Not Found) @ http://localhost:3000/api/cloud-relay-host/tasks/process:0
[59849334ms] [WARNING] [cloud-relay-host] background poll skipped SyntaxError: Unexpected token '<', "<!DOCTYPE "... is not valid JSON @ http://localhost:3000/static/js/bundle.js:176
[59908935ms] [ERROR] Failed to load resource: the server responded with a status of 404 (Not Found) @ http://localhost:3000/api/cloud-relay-host/tasks/process:0
[59908935ms] [WARNING] [cloud-relay-host] background poll skipped SyntaxError: Unexpected token '<', "<!DOCTYPE "... is not valid JSON @ http://localhost:3000/static/js/bundle.js:176
[59969280ms] [ERROR] Failed to load resource: the server responded with a status of 404 (Not Found) @ http://localhost:3000/api/cloud-relay-host/tasks/process:0
[59969281ms] [WARNING] [cloud-relay-host] background poll skipped SyntaxError: Unexpected token '<', "<!DOCTYPE "... is not valid JSON @ http://localhost:3000/static/js/bundle.js:176
[60028933ms] [ERROR] Failed to load resource: the server responded with a status of 404 (Not Found) @ http://localhost:3000/api/cloud-relay-host/tasks/process:0
[60028933ms] [WARNING] [cloud-relay-host] background poll skipped SyntaxError: Unexpected token '<', "<!DOCTYPE "... is not valid JSON @ http://localhost:3000/static/js/bundle.js:176
[60089310ms] [ERROR] Failed to load resource: the server responded with a status of 404 (Not Found) @ http://localhost:3000/api/cloud-relay-host/tasks/process:0
[60089313ms] [WARNING] [cloud-relay-host] background poll skipped SyntaxError: Unexpected token '<', "<!DOCTYPE "... is not valid JSON @ http://localhost:3000/static/js/bundle.js:176
[60148940ms] [ERROR] Failed to load resource: the server responded with a status of 404 (Not Found) @ http://localhost:3000/api/cloud-relay-host/tasks/process:0
[60148940ms] [WARNING] [cloud-relay-host] background poll skipped SyntaxError: Unexpected token '<', "<!DOCTYPE "... is not valid JSON @ http://localhost:3000/static/js/bundle.js:176
[60209326ms] [ERROR] Failed to load resource: the server responded with a status of 404 (Not Found) @ http://localhost:3000/api/cloud-relay-host/tasks/process:0
[60209329ms] [WARNING] [cloud-relay-host] background poll skipped SyntaxError: Unexpected token '<', "<!DOCTYPE "... is not valid JSON @ http://localhost:3000/static/js/bundle.js:176
[60268941ms] [ERROR] Failed to load resource: the server responded with a status of 404 (Not Found) @ http://localhost:3000/api/cloud-relay-host/tasks/process:0
[60268941ms] [WARNING] [cloud-relay-host] background poll skipped SyntaxError: Unexpected token '<', "<!DOCTYPE "... is not valid JSON @ http://localhost:3000/static/js/bundle.js:176
[60329345ms] [ERROR] Failed to load resource: the server responded with a status of 404 (Not Found) @ http://localhost:3000/api/cloud-relay-host/tasks/process:0
[60329347ms] [WARNING] [cloud-relay-host] background poll skipped SyntaxError: Unexpected token '<', "<!DOCTYPE "... is not valid JSON @ http://localhost:3000/static/js/bundle.js:176
[60388947ms] [ERROR] Failed to load resource: the server responded with a status of 404 (Not Found) @ http://localhost:3000/api/cloud-relay-host/tasks/process:0
[60388947ms] [WARNING] [cloud-relay-host] background poll skipped SyntaxError: Unexpected token '<', "<!DOCTYPE "... is not valid JSON @ http://localhost:3000/static/js/bundle.js:176
[60449280ms] [ERROR] Failed to load resource: the server responded with a status of 404 (Not Found) @ http://localhost:3000/api/cloud-relay-host/tasks/process:0
[60449281ms] [WARNING] [cloud-relay-host] background poll skipped SyntaxError: Unexpected token '<', "<!DOCTYPE "... is not valid JSON @ http://localhost:3000/static/js/bundle.js:176
[60508945ms] [ERROR] Failed to load resource: the server responded with a status of 404 (Not Found) @ http://localhost:3000/api/cloud-relay-host/tasks/process:0
[60508945ms] [WARNING] [cloud-relay-host] background poll skipped SyntaxError: Unexpected token '<', "<!DOCTYPE "... is not valid JSON @ http://localhost:3000/static/js/bundle.js:176
[60569349ms] [ERROR] Failed to load resource: the server responded with a status of 404 (Not Found) @ http://localhost:3000/api/cloud-relay-host/tasks/process:0
[60569351ms] [WARNING] [cloud-relay-host] background poll skipped SyntaxError: Unexpected token '<', "<!DOCTYPE "... is not valid JSON @ http://localhost:3000/static/js/bundle.js:176
[60628949ms] [ERROR] Failed to load resource: the server responded with a status of 404 (Not Found) @ http://localhost:3000/api/cloud-relay-host/tasks/process:0
[60628950ms] [WARNING] [cloud-relay-host] background poll skipped SyntaxError: Unexpected token '<', "<!DOCTYPE "... is not valid JSON @ http://localhost:3000/static/js/bundle.js:176
[60689378ms] [ERROR] Failed to load resource: the server responded with a status of 404 (Not Found) @ http://localhost:3000/api/cloud-relay-host/tasks/process:0
[60689380ms] [WARNING] [cloud-relay-host] background poll skipped SyntaxError: Unexpected token '<', "<!DOCTYPE "... is not valid JSON @ http://localhost:3000/static/js/bundle.js:176
[60748947ms] [ERROR] Failed to load resource: the server responded with a status of 404 (Not Found) @ http://localhost:3000/api/cloud-relay-host/tasks/process:0
[60748948ms] [WARNING] [cloud-relay-host] background poll skipped SyntaxError: Unexpected token '<', "<!DOCTYPE "... is not valid JSON @ http://localhost:3000/static/js/bundle.js:176
[60809289ms] [ERROR] Failed to load resource: the server responded with a status of 404 (Not Found) @ http://localhost:3000/api/cloud-relay-host/tasks/process:0
[60809295ms] [WARNING] [cloud-relay-host] background poll skipped SyntaxError: Unexpected token '<', "<!DOCTYPE "... is not valid JSON @ http://localhost:3000/static/js/bundle.js:176
[60868951ms] [ERROR] Failed to load resource: the server responded with a status of 404 (Not Found) @ http://localhost:3000/api/cloud-relay-host/tasks/process:0
[60868951ms] [WARNING] [cloud-relay-host] background poll skipped SyntaxError: Unexpected token '<', "<!DOCTYPE "... is not valid JSON @ http://localhost:3000/static/js/bundle.js:176
[60929331ms] [ERROR] Failed to load resource: the server responded with a status of 404 (Not Found) @ http://localhost:3000/api/cloud-relay-host/tasks/process:0
[60929332ms] [WARNING] [cloud-relay-host] background poll skipped SyntaxError: Unexpected token '<', "<!DOCTYPE "... is not valid JSON @ http://localhost:3000/static/js/bundle.js:176
[60988959ms] [ERROR] Failed to load resource: the server responded with a status of 404 (Not Found) @ http://localhost:3000/api/cloud-relay-host/tasks/process:0
[60988960ms] [WARNING] [cloud-relay-host] background poll skipped SyntaxError: Unexpected token '<', "<!DOCTYPE "... is not valid JSON @ http://localhost:3000/static/js/bundle.js:176
[61049291ms] [ERROR] Failed to load resource: the server responded with a status of 404 (Not Found) @ http://localhost:3000/api/cloud-relay-host/tasks/process:0
[61049296ms] [WARNING] [cloud-relay-host] background poll skipped SyntaxError: Unexpected token '<', "<!DOCTYPE "... is not valid JSON @ http://localhost:3000/static/js/bundle.js:176
[61108953ms] [ERROR] Failed to load resource: the server responded with a status of 404 (Not Found) @ http://localhost:3000/api/cloud-relay-host/tasks/process:0
[61108953ms] [WARNING] [cloud-relay-host] background poll skipped SyntaxError: Unexpected token '<', "<!DOCTYPE "... is not valid JSON @ http://localhost:3000/static/js/bundle.js:176
[61174056ms] [INFO] %cDownload the React DevTools for a better development experience: https://reactjs.org/link/react-devtools font-weight:bold @ http://localhost:3000/static/js/bundle.js:158299
[61179880ms] [LOG] Database service loaded successfully @ http://localhost:3000/static/js/bundle.js:157
[61180477ms] [ERROR] Failed to load resource: the server responded with a status of 404 (Not Found) @ http://localhost:3000/api/cloud-relay-host/tasks/process:0
[61180481ms] [WARNING] [cloud-relay-host] background poll skipped SyntaxError: Unexpected token '<', "<!DOCTYPE "... is not valid JSON @ http://localhost:3000/static/js/bundle.js:176
[61208411ms] [INFO] %cDownload the React DevTools for a better development experience: https://reactjs.org/link/react-devtools font-weight:bold @ http://localhost:3000/static/js/bundle.js:158299
[61208962ms] [LOG] Database service loaded successfully @ http://localhost:3000/static/js/bundle.js:157
[61209086ms] [ERROR] Failed to load resource: the server responded with a status of 404 (Not Found) @ http://localhost:3000/api/cloud-relay-host/tasks/process:0
[61209088ms] [WARNING] [cloud-relay-host] background poll skipped SyntaxError: Unexpected token '<', "<!DOCTYPE "... is not valid JSON @ http://localhost:3000/static/js/bundle.js:176
[61269286ms] [ERROR] Failed to load resource: the server responded with a status of 404 (Not Found) @ http://localhost:3000/api/cloud-relay-host/tasks/process:0
[61269287ms] [WARNING] [cloud-relay-host] background poll skipped SyntaxError: Unexpected token '<', "<!DOCTYPE "... is not valid JSON @ http://localhost:3000/static/js/bundle.js:176
[61328970ms] [ERROR] Failed to load resource: the server responded with a status of 404 (Not Found) @ http://localhost:3000/api/cloud-relay-host/tasks/process:0
[61328970ms] [WARNING] [cloud-relay-host] background poll skipped SyntaxError: Unexpected token '<', "<!DOCTYPE "... is not valid JSON @ http://localhost:3000/static/js/bundle.js:176
[61389303ms] [ERROR] Failed to load resource: the server responded with a status of 404 (Not Found) @ http://localhost:3000/api/cloud-relay-host/tasks/process:0
[61389304ms] [WARNING] [cloud-relay-host] background poll skipped SyntaxError: Unexpected token '<', "<!DOCTYPE "... is not valid JSON @ http://localhost:3000/static/js/bundle.js:176
[61448977ms] [ERROR] Failed to load resource: the server responded with a status of 404 (Not Found) @ http://localhost:3000/api/cloud-relay-host/tasks/process:0
[61448978ms] [WARNING] [cloud-relay-host] background poll skipped SyntaxError: Unexpected token '<', "<!DOCTYPE "... is not valid JSON @ http://localhost:3000/static/js/bundle.js:176
[61509302ms] [ERROR] Failed to load resource: the server responded with a status of 404 (Not Found) @ http://localhost:3000/api/cloud-relay-host/tasks/process:0
[61509302ms] [WARNING] [cloud-relay-host] background poll skipped SyntaxError: Unexpected token '<', "<!DOCTYPE "... is not valid JSON @ http://localhost:3000/static/js/bundle.js:176
[61569016ms] [ERROR] Failed to load resource: the server responded with a status of 404 (Not Found) @ http://localhost:3000/api/cloud-relay-host/tasks/process:0
[61569018ms] [WARNING] [cloud-relay-host] background poll skipped SyntaxError: Unexpected token '<', "<!DOCTYPE "... is not valid JSON @ http://localhost:3000/static/js/bundle.js:176
[61629283ms] [ERROR] Failed to load resource: the server responded with a status of 404 (Not Found) @ http://localhost:3000/api/cloud-relay-host/tasks/process:0
[61629284ms] [WARNING] [cloud-relay-host] background poll skipped SyntaxError: Unexpected token '<', "<!DOCTYPE "... is not valid JSON @ http://localhost:3000/static/js/bundle.js:176
[61688993ms] [ERROR] Failed to load resource: the server responded with a status of 404 (Not Found) @ http://localhost:3000/api/cloud-relay-host/tasks/process:0
[61688997ms] [WARNING] [cloud-relay-host] background poll skipped SyntaxError: Unexpected token '<', "<!DOCTYPE "... is not valid JSON @ http://localhost:3000/static/js/bundle.js:176
[61749286ms] [ERROR] Failed to load resource: the server responded with a status of 404 (Not Found) @ http://localhost:3000/api/cloud-relay-host/tasks/process:0
[61749287ms] [WARNING] [cloud-relay-host] background poll skipped SyntaxError: Unexpected token '<', "<!DOCTYPE "... is not valid JSON @ http://localhost:3000/static/js/bundle.js:176
[61809009ms] [ERROR] Failed to load resource: the server responded with a status of 404 (Not Found) @ http://localhost:3000/api/cloud-relay-host/tasks/process:0
[61809010ms] [WARNING] [cloud-relay-host] background poll skipped SyntaxError: Unexpected token '<', "<!DOCTYPE "... is not valid JSON @ http://localhost:3000/static/js/bundle.js:176
[61869345ms] [ERROR] Failed to load resource: the server responded with a status of 404 (Not Found) @ http://localhost:3000/api/cloud-relay-host/tasks/process:0
[61869347ms] [WARNING] [cloud-relay-host] background poll skipped SyntaxError: Unexpected token '<', "<!DOCTYPE "... is not valid JSON @ http://localhost:3000/static/js/bundle.js:176
[61928988ms] [ERROR] Failed to load resource: the server responded with a status of 404 (Not Found) @ http://localhost:3000/api/cloud-relay-host/tasks/process:0
[61928988ms] [WARNING] [cloud-relay-host] background poll skipped SyntaxError: Unexpected token '<', "<!DOCTYPE "... is not valid JSON @ http://localhost:3000/static/js/bundle.js:176
[61989411ms] [ERROR] Failed to load resource: the server responded with a status of 404 (Not Found) @ http://localhost:3000/api/cloud-relay-host/tasks/process:0
[61989414ms] [WARNING] [cloud-relay-host] background poll skipped SyntaxError: Unexpected token '<', "<!DOCTYPE "... is not valid JSON @ http://localhost:3000/static/js/bundle.js:176
[62048992ms] [ERROR] Failed to load resource: the server responded with a status of 404 (Not Found) @ http://localhost:3000/api/cloud-relay-host/tasks/process:0
[62048992ms] [WARNING] [cloud-relay-host] background poll skipped SyntaxError: Unexpected token '<', "<!DOCTYPE "... is not valid JSON @ http://localhost:3000/static/js/bundle.js:176
[62109317ms] [ERROR] Failed to load resource: the server responded with a status of 404 (Not Found) @ http://localhost:3000/api/cloud-relay-host/tasks/process:0
[62109318ms] [WARNING] [cloud-relay-host] background poll skipped SyntaxError: Unexpected token '<', "<!DOCTYPE "... is not valid JSON @ http://localhost:3000/static/js/bundle.js:176
[62168986ms] [ERROR] Failed to load resource: the server responded with a status of 404 (Not Found) @ http://localhost:3000/api/cloud-relay-host/tasks/process:0
[62168987ms] [WARNING] [cloud-relay-host] background poll skipped SyntaxError: Unexpected token '<', "<!DOCTYPE "... is not valid JSON @ http://localhost:3000/static/js/bundle.js:176
[62229301ms] [ERROR] Failed to load resource: the server responded with a status of 404 (Not Found) @ http://localhost:3000/api/cloud-relay-host/tasks/process:0
[62229301ms] [WARNING] [cloud-relay-host] background poll skipped SyntaxError: Unexpected token '<', "<!DOCTYPE "... is not valid JSON @ http://localhost:3000/static/js/bundle.js:176
[62289007ms] [ERROR] Failed to load resource: the server responded with a status of 404 (Not Found) @ http://localhost:3000/api/cloud-relay-host/tasks/process:0
[62289008ms] [WARNING] [cloud-relay-host] background poll skipped SyntaxError: Unexpected token '<', "<!DOCTYPE "... is not valid JSON @ http://localhost:3000/static/js/bundle.js:176
[62349295ms] [ERROR] Failed to load resource: the server responded with a status of 404 (Not Found) @ http://localhost:3000/api/cloud-relay-host/tasks/process:0
[62349295ms] [WARNING] [cloud-relay-host] background poll skipped SyntaxError: Unexpected token '<', "<!DOCTYPE "... is not valid JSON @ http://localhost:3000/static/js/bundle.js:176
[62408993ms] [ERROR] Failed to load resource: the server responded with a status of 404 (Not Found) @ http://localhost:3000/api/cloud-relay-host/tasks/process:0
[62408994ms] [WARNING] [cloud-relay-host] background poll skipped SyntaxError: Unexpected token '<', "<!DOCTYPE "... is not valid JSON @ http://localhost:3000/static/js/bundle.js:176
[62469309ms] [ERROR] Failed to load resource: the server responded with a status of 404 (Not Found) @ http://localhost:3000/api/cloud-relay-host/tasks/process:0
[62469311ms] [WARNING] [cloud-relay-host] background poll skipped SyntaxError: Unexpected token '<', "<!DOCTYPE "... is not valid JSON @ http://localhost:3000/static/js/bundle.js:176
[62528992ms] [ERROR] Failed to load resource: the server responded with a status of 404 (Not Found) @ http://localhost:3000/api/cloud-relay-host/tasks/process:0
[62528992ms] [WARNING] [cloud-relay-host] background poll skipped SyntaxError: Unexpected token '<', "<!DOCTYPE "... is not valid JSON @ http://localhost:3000/static/js/bundle.js:176
[62589297ms] [ERROR] Failed to load resource: the server responded with a status of 404 (Not Found) @ http://localhost:3000/api/cloud-relay-host/tasks/process:0
[62589297ms] [WARNING] [cloud-relay-host] background poll skipped SyntaxError: Unexpected token '<', "<!DOCTYPE "... is not valid JSON @ http://localhost:3000/static/js/bundle.js:176
[62648997ms] [ERROR] Failed to load resource: the server responded with a status of 404 (Not Found) @ http://localhost:3000/api/cloud-relay-host/tasks/process:0
[62648998ms] [WARNING] [cloud-relay-host] background poll skipped SyntaxError: Unexpected token '<', "<!DOCTYPE "... is not valid JSON @ http://localhost:3000/static/js/bundle.js:176
[62709334ms] [ERROR] Failed to load resource: the server responded with a status of 404 (Not Found) @ http://localhost:3000/api/cloud-relay-host/tasks/process:0
[62709334ms] [WARNING] [cloud-relay-host] background poll skipped SyntaxError: Unexpected token '<', "<!DOCTYPE "... is not valid JSON @ http://localhost:3000/static/js/bundle.js:176
[62768998ms] [ERROR] Failed to load resource: the server responded with a status of 404 (Not Found) @ http://localhost:3000/api/cloud-relay-host/tasks/process:0
[62769000ms] [WARNING] [cloud-relay-host] background poll skipped SyntaxError: Unexpected token '<', "<!DOCTYPE "... is not valid JSON @ http://localhost:3000/static/js/bundle.js:176
[62829345ms] [ERROR] Failed to load resource: the server responded with a status of 404 (Not Found) @ http://localhost:3000/api/cloud-relay-host/tasks/process:0
[62829346ms] [WARNING] [cloud-relay-host] background poll skipped SyntaxError: Unexpected token '<', "<!DOCTYPE "... is not valid JSON @ http://localhost:3000/static/js/bundle.js:176
[62889006ms] [ERROR] Failed to load resource: the server responded with a status of 404 (Not Found) @ http://localhost:3000/api/cloud-relay-host/tasks/process:0
[62889006ms] [WARNING] [cloud-relay-host] background poll skipped SyntaxError: Unexpected token '<', "<!DOCTYPE "... is not valid JSON @ http://localhost:3000/static/js/bundle.js:176
[62949316ms] [ERROR] Failed to load resource: the server responded with a status of 404 (Not Found) @ http://localhost:3000/api/cloud-relay-host/tasks/process:0
[62949317ms] [WARNING] [cloud-relay-host] background poll skipped SyntaxError: Unexpected token '<', "<!DOCTYPE "... is not valid JSON @ http://localhost:3000/static/js/bundle.js:176
[63008998ms] [ERROR] Failed to load resource: the server responded with a status of 404 (Not Found) @ http://localhost:3000/api/cloud-relay-host/tasks/process:0
[63008998ms] [WARNING] [cloud-relay-host] background poll skipped SyntaxError: Unexpected token '<', "<!DOCTYPE "... is not valid JSON @ http://localhost:3000/static/js/bundle.js:176
[63069341ms] [ERROR] Failed to load resource: the server responded with a status of 404 (Not Found) @ http://localhost:3000/api/cloud-relay-host/tasks/process:0
[63069342ms] [WARNING] [cloud-relay-host] background poll skipped SyntaxError: Unexpected token '<', "<!DOCTYPE "... is not valid JSON @ http://localhost:3000/static/js/bundle.js:176
[63129000ms] [ERROR] Failed to load resource: the server responded with a status of 404 (Not Found) @ http://localhost:3000/api/cloud-relay-host/tasks/process:0
[63129000ms] [WARNING] [cloud-relay-host] background poll skipped SyntaxError: Unexpected token '<', "<!DOCTYPE "... is not valid JSON @ http://localhost:3000/static/js/bundle.js:176
[63189353ms] [ERROR] Failed to load resource: the server responded with a status of 404 (Not Found) @ http://localhost:3000/api/cloud-relay-host/tasks/process:0
[63189354ms] [WARNING] [cloud-relay-host] background poll skipped SyntaxError: Unexpected token '<', "<!DOCTYPE "... is not valid JSON @ http://localhost:3000/static/js/bundle.js:176
[63249002ms] [ERROR] Failed to load resource: the server responded with a status of 404 (Not Found) @ http://localhost:3000/api/cloud-relay-host/tasks/process:0
[63249003ms] [WARNING] [cloud-relay-host] background poll skipped SyntaxError: Unexpected token '<', "<!DOCTYPE "... is not valid JSON @ http://localhost:3000/static/js/bundle.js:176
[63309333ms] [ERROR] Failed to load resource: the server responded with a status of 404 (Not Found) @ http://localhost:3000/api/cloud-relay-host/tasks/process:0
[63309334ms] [WARNING] [cloud-relay-host] background poll skipped SyntaxError: Unexpected token '<', "<!DOCTYPE "... is not valid JSON @ http://localhost:3000/static/js/bundle.js:176
[63369012ms] [ERROR] Failed to load resource: the server responded with a status of 404 (Not Found) @ http://localhost:3000/api/cloud-relay-host/tasks/process:0
[63369012ms] [WARNING] [cloud-relay-host] background poll skipped SyntaxError: Unexpected token '<', "<!DOCTYPE "... is not valid JSON @ http://localhost:3000/static/js/bundle.js:176
[63429312ms] [ERROR] Failed to load resource: the server responded with a status of 404 (Not Found) @ http://localhost:3000/api/cloud-relay-host/tasks/process:0
[63429312ms] [WARNING] [cloud-relay-host] background poll skipped SyntaxError: Unexpected token '<', "<!DOCTYPE "... is not valid JSON @ http://localhost:3000/static/js/bundle.js:176
[63489013ms] [ERROR] Failed to load resource: the server responded with a status of 404 (Not Found) @ http://localhost:3000/api/cloud-relay-host/tasks/process:0
[63489013ms] [WARNING] [cloud-relay-host] background poll skipped SyntaxError: Unexpected token '<', "<!DOCTYPE "... is not valid JSON @ http://localhost:3000/static/js/bundle.js:176
[63549340ms] [ERROR] Failed to load resource: the server responded with a status of 404 (Not Found) @ http://localhost:3000/api/cloud-relay-host/tasks/process:0
[63549340ms] [WARNING] [cloud-relay-host] background poll skipped SyntaxError: Unexpected token '<', "<!DOCTYPE "... is not valid JSON @ http://localhost:3000/static/js/bundle.js:176
[63609016ms] [ERROR] Failed to load resource: the server responded with a status of 404 (Not Found) @ http://localhost:3000/api/cloud-relay-host/tasks/process:0
[63609017ms] [WARNING] [cloud-relay-host] background poll skipped SyntaxError: Unexpected token '<', "<!DOCTYPE "... is not valid JSON @ http://localhost:3000/static/js/bundle.js:176
[63639634ms] [INFO] %cDownload the React DevTools for a better development experience: https://reactjs.org/link/react-devtools font-weight:bold @ http://localhost:3000/static/js/bundle.js:158549
[63641378ms] [LOG] Database service loaded successfully @ http://localhost:3000/static/js/bundle.js:157
[63641617ms] [ERROR] Failed to load resource: the server responded with a status of 404 (Not Found) @ http://localhost:3000/api/cloud-relay-host/tasks/process:0
[63641618ms] [WARNING] [cloud-relay-host] background poll skipped SyntaxError: Unexpected token '<', "<!DOCTYPE "... is not valid JSON @ http://localhost:3000/static/js/bundle.js:176
[63701673ms] [ERROR] Failed to load resource: the server responded with a status of 404 (Not Found) @ http://localhost:3000/api/cloud-relay-host/tasks/process:0
[63701673ms] [WARNING] [cloud-relay-host] background poll skipped SyntaxError: Unexpected token '<', "<!DOCTYPE "... is not valid JSON @ http://localhost:3000/static/js/bundle.js:176
[63761374ms] [ERROR] Failed to load resource: the server responded with a status of 404 (Not Found) @ http://localhost:3000/api/cloud-relay-host/tasks/process:0
[63761374ms] [WARNING] [cloud-relay-host] background poll skipped SyntaxError: Unexpected token '<', "<!DOCTYPE "... is not valid JSON @ http://localhost:3000/static/js/bundle.js:176
[63821685ms] [ERROR] Failed to load resource: the server responded with a status of 404 (Not Found) @ http://localhost:3000/api/cloud-relay-host/tasks/process:0
[63821687ms] [WARNING] [cloud-relay-host] background poll skipped SyntaxError: Unexpected token '<', "<!DOCTYPE "... is not valid JSON @ http://localhost:3000/static/js/bundle.js:176
[63881372ms] [ERROR] Failed to load resource: the server responded with a status of 404 (Not Found) @ http://localhost:3000/api/cloud-relay-host/tasks/process:0
[63881373ms] [WARNING] [cloud-relay-host] background poll skipped SyntaxError: Unexpected token '<', "<!DOCTYPE "... is not valid JSON @ http://localhost:3000/static/js/bundle.js:176
[63941726ms] [ERROR] Failed to load resource: the server responded with a status of 404 (Not Found) @ http://localhost:3000/api/cloud-relay-host/tasks/process:0
[63941727ms] [WARNING] [cloud-relay-host] background poll skipped SyntaxError: Unexpected token '<', "<!DOCTYPE "... is not valid JSON @ http://localhost:3000/static/js/bundle.js:176
[64001372ms] [ERROR] Failed to load resource: the server responded with a status of 404 (Not Found) @ http://localhost:3000/api/cloud-relay-host/tasks/process:0
[64001372ms] [WARNING] [cloud-relay-host] background poll skipped SyntaxError: Unexpected token '<', "<!DOCTYPE "... is not valid JSON @ http://localhost:3000/static/js/bundle.js:176
[64010828ms] [LOG] Database service loaded successfully @ http://localhost:3000/static/js/bundle.js:157
[64010837ms] [ERROR] Failed to load resource: the server responded with a status of 404 (Not Found) @ http://localhost:3000/api/cloud-relay-host/tasks/process:0
[64010837ms] [WARNING] [cloud-relay-host] background poll skipped SyntaxError: Unexpected token '<', "<!DOCTYPE "... is not valid JSON @ http://localhost:3000/static/js/bundle.js:176
[64070958ms] [ERROR] Failed to load resource: the server responded with a status of 404 (Not Found) @ http://localhost:3000/api/cloud-relay-host/tasks/process:0
[64070960ms] [WARNING] [cloud-relay-host] background poll skipped SyntaxError: Unexpected token '<', "<!DOCTYPE "... is not valid JSON @ http://localhost:3000/static/js/bundle.js:176
[64131156ms] [ERROR] Failed to load resource: the server responded with a status of 404 (Not Found) @ http://localhost:3000/api/cloud-relay-host/tasks/process:0
[64131156ms] [WARNING] [cloud-relay-host] background poll skipped SyntaxError: Unexpected token '<', "<!DOCTYPE "... is not valid JSON @ http://localhost:3000/static/js/bundle.js:176
[64190856ms] [ERROR] Failed to load resource: the server responded with a status of 404 (Not Found) @ http://localhost:3000/api/cloud-relay-host/tasks/process:0
[64190856ms] [WARNING] [cloud-relay-host] background poll skipped SyntaxError: Unexpected token '<', "<!DOCTYPE "... is not valid JSON @ http://localhost:3000/static/js/bundle.js:176
[64251173ms] [ERROR] Failed to load resource: the server responded with a status of 404 (Not Found) @ http://localhost:3000/api/cloud-relay-host/tasks/process:0
[64251174ms] [WARNING] [cloud-relay-host] background poll skipped SyntaxError: Unexpected token '<', "<!DOCTYPE "... is not valid JSON @ http://localhost:3000/static/js/bundle.js:176
[64310854ms] [ERROR] Failed to load resource: the server responded with a status of 404 (Not Found) @ http://localhost:3000/api/cloud-relay-host/tasks/process:0
[64310854ms] [WARNING] [cloud-relay-host] background poll skipped SyntaxError: Unexpected token '<', "<!DOCTYPE "... is not valid JSON @ http://localhost:3000/static/js/bundle.js:176
[64371158ms] [ERROR] Failed to load resource: the server responded with a status of 404 (Not Found) @ http://localhost:3000/api/cloud-relay-host/tasks/process:0
[64371158ms] [WARNING] [cloud-relay-host] background poll skipped SyntaxError: Unexpected token '<', "<!DOCTYPE "... is not valid JSON @ http://localhost:3000/static/js/bundle.js:176
[64430853ms] [ERROR] Failed to load resource: the server responded with a status of 404 (Not Found) @ http://localhost:3000/api/cloud-relay-host/tasks/process:0
[64430853ms] [WARNING] [cloud-relay-host] background poll skipped SyntaxError: Unexpected token '<', "<!DOCTYPE "... is not valid JSON @ http://localhost:3000/static/js/bundle.js:176
[64491201ms] [ERROR] Failed to load resource: the server responded with a status of 404 (Not Found) @ http://localhost:3000/api/cloud-relay-host/tasks/process:0
[64491202ms] [WARNING] [cloud-relay-host] background poll skipped SyntaxError: Unexpected token '<', "<!DOCTYPE "... is not valid JSON @ http://localhost:3000/static/js/bundle.js:176
[64550855ms] [ERROR] Failed to load resource: the server responded with a status of 404 (Not Found) @ http://localhost:3000/api/cloud-relay-host/tasks/process:0
[64550856ms] [WARNING] [cloud-relay-host] background poll skipped SyntaxError: Unexpected token '<', "<!DOCTYPE "... is not valid JSON @ http://localhost:3000/static/js/bundle.js:176
[64611169ms] [ERROR] Failed to load resource: the server responded with a status of 404 (Not Found) @ http://localhost:3000/api/cloud-relay-host/tasks/process:0
[64611169ms] [WARNING] [cloud-relay-host] background poll skipped SyntaxError: Unexpected token '<', "<!DOCTYPE "... is not valid JSON @ http://localhost:3000/static/js/bundle.js:176
[64670860ms] [ERROR] Failed to load resource: the server responded with a status of 404 (Not Found) @ http://localhost:3000/api/cloud-relay-host/tasks/process:0
[64670860ms] [WARNING] [cloud-relay-host] background poll skipped SyntaxError: Unexpected token '<', "<!DOCTYPE "... is not valid JSON @ http://localhost:3000/static/js/bundle.js:176
[64731158ms] [ERROR] Failed to load resource: the server responded with a status of 404 (Not Found) @ http://localhost:3000/api/cloud-relay-host/tasks/process:0
[64731158ms] [WARNING] [cloud-relay-host] background poll skipped SyntaxError: Unexpected token '<', "<!DOCTYPE "... is not valid JSON @ http://localhost:3000/static/js/bundle.js:176
[64790854ms] [ERROR] Failed to load resource: the server responded with a status of 404 (Not Found) @ http://localhost:3000/api/cloud-relay-host/tasks/process:0
[64790854ms] [WARNING] [cloud-relay-host] background poll skipped SyntaxError: Unexpected token '<', "<!DOCTYPE "... is not valid JSON @ http://localhost:3000/static/js/bundle.js:176
[64851170ms] [ERROR] Failed to load resource: the server responded with a status of 404 (Not Found) @ http://localhost:3000/api/cloud-relay-host/tasks/process:0
[64851171ms] [WARNING] [cloud-relay-host] background poll skipped SyntaxError: Unexpected token '<', "<!DOCTYPE "... is not valid JSON @ http://localhost:3000/static/js/bundle.js:176
[64910859ms] [ERROR] Failed to load resource: the server responded with a status of 404 (Not Found) @ http://localhost:3000/api/cloud-relay-host/tasks/process:0
[64910859ms] [WARNING] [cloud-relay-host] background poll skipped SyntaxError: Unexpected token '<', "<!DOCTYPE "... is not valid JSON @ http://localhost:3000/static/js/bundle.js:176
[64971168ms] [ERROR] Failed to load resource: the server responded with a status of 404 (Not Found) @ http://localhost:3000/api/cloud-relay-host/tasks/process:0
[64971168ms] [WARNING] [cloud-relay-host] background poll skipped SyntaxError: Unexpected token '<', "<!DOCTYPE "... is not valid JSON @ http://localhost:3000/static/js/bundle.js:176
[65030868ms] [ERROR] Failed to load resource: the server responded with a status of 404 (Not Found) @ http://localhost:3000/api/cloud-relay-host/tasks/process:0
[65030869ms] [WARNING] [cloud-relay-host] background poll skipped SyntaxError: Unexpected token '<', "<!DOCTYPE "... is not valid JSON @ http://localhost:3000/static/js/bundle.js:176
[65091163ms] [ERROR] Failed to load resource: the server responded with a status of 404 (Not Found) @ http://localhost:3000/api/cloud-relay-host/tasks/process:0
[65091163ms] [WARNING] [cloud-relay-host] background poll skipped SyntaxError: Unexpected token '<', "<!DOCTYPE "... is not valid JSON @ http://localhost:3000/static/js/bundle.js:176
[65150872ms] [ERROR] Failed to load resource: the server responded with a status of 404 (Not Found) @ http://localhost:3000/api/cloud-relay-host/tasks/process:0
[65150873ms] [WARNING] [cloud-relay-host] background poll skipped SyntaxError: Unexpected token '<', "<!DOCTYPE "... is not valid JSON @ http://localhost:3000/static/js/bundle.js:176
[65211174ms] [ERROR] Failed to load resource: the server responded with a status of 404 (Not Found) @ http://localhost:3000/api/cloud-relay-host/tasks/process:0
[65211175ms] [WARNING] [cloud-relay-host] background poll skipped SyntaxError: Unexpected token '<', "<!DOCTYPE "... is not valid JSON @ http://localhost:3000/static/js/bundle.js:176
[65270868ms] [ERROR] Failed to load resource: the server responded with a status of 404 (Not Found) @ http://localhost:3000/api/cloud-relay-host/tasks/process:0
[65270868ms] [WARNING] [cloud-relay-host] background poll skipped SyntaxError: Unexpected token '<', "<!DOCTYPE "... is not valid JSON @ http://localhost:3000/static/js/bundle.js:176
[65331181ms] [ERROR] Failed to load resource: the server responded with a status of 404 (Not Found) @ http://localhost:3000/api/cloud-relay-host/tasks/process:0
[65331182ms] [WARNING] [cloud-relay-host] background poll skipped SyntaxError: Unexpected token '<', "<!DOCTYPE "... is not valid JSON @ http://localhost:3000/static/js/bundle.js:176
[65390864ms] [ERROR] Failed to load resource: the server responded with a status of 404 (Not Found) @ http://localhost:3000/api/cloud-relay-host/tasks/process:0
[65390864ms] [WARNING] [cloud-relay-host] background poll skipped SyntaxError: Unexpected token '<', "<!DOCTYPE "... is not valid JSON @ http://localhost:3000/static/js/bundle.js:176
[65451185ms] [ERROR] Failed to load resource: the server responded with a status of 404 (Not Found) @ http://localhost:3000/api/cloud-relay-host/tasks/process:0
[65451186ms] [WARNING] [cloud-relay-host] background poll skipped SyntaxError: Unexpected token '<', "<!DOCTYPE "... is not valid JSON @ http://localhost:3000/static/js/bundle.js:176
[65510870ms] [ERROR] Failed to load resource: the server responded with a status of 404 (Not Found) @ http://localhost:3000/api/cloud-relay-host/tasks/process:0
[65510871ms] [WARNING] [cloud-relay-host] background poll skipped SyntaxError: Unexpected token '<', "<!DOCTYPE "... is not valid JSON @ http://localhost:3000/static/js/bundle.js:176
[65571180ms] [ERROR] Failed to load resource: the server responded with a status of 404 (Not Found) @ http://localhost:3000/api/cloud-relay-host/tasks/process:0
[65571181ms] [WARNING] [cloud-relay-host] background poll skipped SyntaxError: Unexpected token '<', "<!DOCTYPE "... is not valid JSON @ http://localhost:3000/static/js/bundle.js:176
[65630873ms] [ERROR] Failed to load resource: the server responded with a status of 404 (Not Found) @ http://localhost:3000/api/cloud-relay-host/tasks/process:0
[65630873ms] [WARNING] [cloud-relay-host] background poll skipped SyntaxError: Unexpected token '<', "<!DOCTYPE "... is not valid JSON @ http://localhost:3000/static/js/bundle.js:176
[65691175ms] [ERROR] Failed to load resource: the server responded with a status of 404 (Not Found) @ http://localhost:3000/api/cloud-relay-host/tasks/process:0
[65691176ms] [WARNING] [cloud-relay-host] background poll skipped SyntaxError: Unexpected token '<', "<!DOCTYPE "... is not valid JSON @ http://localhost:3000/static/js/bundle.js:176
[65750876ms] [ERROR] Failed to load resource: the server responded with a status of 404 (Not Found) @ http://localhost:3000/api/cloud-relay-host/tasks/process:0
[65750876ms] [WARNING] [cloud-relay-host] background poll skipped SyntaxError: Unexpected token '<', "<!DOCTYPE "... is not valid JSON @ http://localhost:3000/static/js/bundle.js:176
[65811188ms] [ERROR] Failed to load resource: the server responded with a status of 404 (Not Found) @ http://localhost:3000/api/cloud-relay-host/tasks/process:0
[65811188ms] [WARNING] [cloud-relay-host] background poll skipped SyntaxError: Unexpected token '<', "<!DOCTYPE "... is not valid JSON @ http://localhost:3000/static/js/bundle.js:176
[65870884ms] [ERROR] Failed to load resource: the server responded with a status of 404 (Not Found) @ http://localhost:3000/api/cloud-relay-host/tasks/process:0
[65870885ms] [WARNING] [cloud-relay-host] background poll skipped SyntaxError: Unexpected token '<', "<!DOCTYPE "... is not valid JSON @ http://localhost:3000/static/js/bundle.js:176
[65931193ms] [ERROR] Failed to load resource: the server responded with a status of 404 (Not Found) @ http://localhost:3000/api/cloud-relay-host/tasks/process:0
[65931194ms] [WARNING] [cloud-relay-host] background poll skipped SyntaxError: Unexpected token '<', "<!DOCTYPE "... is not valid JSON @ http://localhost:3000/static/js/bundle.js:176
[65990891ms] [ERROR] Failed to load resource: the server responded with a status of 404 (Not Found) @ http://localhost:3000/api/cloud-relay-host/tasks/process:0
[65990892ms] [WARNING] [cloud-relay-host] background poll skipped SyntaxError: Unexpected token '<', "<!DOCTYPE "... is not valid JSON @ http://localhost:3000/static/js/bundle.js:176
[66051197ms] [ERROR] Failed to load resource: the server responded with a status of 404 (Not Found) @ http://localhost:3000/api/cloud-relay-host/tasks/process:0
[66051198ms] [WARNING] [cloud-relay-host] background poll skipped SyntaxError: Unexpected token '<', "<!DOCTYPE "... is not valid JSON @ http://localhost:3000/static/js/bundle.js:176
[66110882ms] [ERROR] Failed to load resource: the server responded with a status of 404 (Not Found) @ http://localhost:3000/api/cloud-relay-host/tasks/process:0
[66110883ms] [WARNING] [cloud-relay-host] background poll skipped SyntaxError: Unexpected token '<', "<!DOCTYPE "... is not valid JSON @ http://localhost:3000/static/js/bundle.js:176
[66171192ms] [ERROR] Failed to load resource: the server responded with a status of 404 (Not Found) @ http://localhost:3000/api/cloud-relay-host/tasks/process:0
[66171193ms] [WARNING] [cloud-relay-host] background poll skipped SyntaxError: Unexpected token '<', "<!DOCTYPE "... is not valid JSON @ http://localhost:3000/static/js/bundle.js:176
[66230888ms] [ERROR] Failed to load resource: the server responded with a status of 404 (Not Found) @ http://localhost:3000/api/cloud-relay-host/tasks/process:0
[66230889ms] [WARNING] [cloud-relay-host] background poll skipped SyntaxError: Unexpected token '<', "<!DOCTYPE "... is not valid JSON @ http://localhost:3000/static/js/bundle.js:176
[66291202ms] [ERROR] Failed to load resource: the server responded with a status of 404 (Not Found) @ http://localhost:3000/api/cloud-relay-host/tasks/process:0
[66291202ms] [WARNING] [cloud-relay-host] background poll skipped SyntaxError: Unexpected token '<', "<!DOCTYPE "... is not valid JSON @ http://localhost:3000/static/js/bundle.js:176
[66350888ms] [ERROR] Failed to load resource: the server responded with a status of 404 (Not Found) @ http://localhost:3000/api/cloud-relay-host/tasks/process:0
[66350888ms] [WARNING] [cloud-relay-host] background poll skipped SyntaxError: Unexpected token '<', "<!DOCTYPE "... is not valid JSON @ http://localhost:3000/static/js/bundle.js:176
[66411193ms] [ERROR] Failed to load resource: the server responded with a status of 404 (Not Found) @ http://localhost:3000/api/cloud-relay-host/tasks/process:0
[66411194ms] [WARNING] [cloud-relay-host] background poll skipped SyntaxError: Unexpected token '<', "<!DOCTYPE "... is not valid JSON @ http://localhost:3000/static/js/bundle.js:176
[66470896ms] [ERROR] Failed to load resource: the server responded with a status of 404 (Not Found) @ http://localhost:3000/api/cloud-relay-host/tasks/process:0
[66470896ms] [WARNING] [cloud-relay-host] background poll skipped SyntaxError: Unexpected token '<', "<!DOCTYPE "... is not valid JSON @ http://localhost:3000/static/js/bundle.js:176
[66531204ms] [ERROR] Failed to load resource: the server responded with a status of 404 (Not Found) @ http://localhost:3000/api/cloud-relay-host/tasks/process:0
[66531204ms] [WARNING] [cloud-relay-host] background poll skipped SyntaxError: Unexpected token '<', "<!DOCTYPE "... is not valid JSON @ http://localhost:3000/static/js/bundle.js:176
[66590888ms] [ERROR] Failed to load resource: the server responded with a status of 404 (Not Found) @ http://localhost:3000/api/cloud-relay-host/tasks/process:0
[66590888ms] [WARNING] [cloud-relay-host] background poll skipped SyntaxError: Unexpected token '<', "<!DOCTYPE "... is not valid JSON @ http://localhost:3000/static/js/bundle.js:176
[66651205ms] [ERROR] Failed to load resource: the server responded with a status of 404 (Not Found) @ http://localhost:3000/api/cloud-relay-host/tasks/process:0
[66651206ms] [WARNING] [cloud-relay-host] background poll skipped SyntaxError: Unexpected token '<', "<!DOCTYPE "... is not valid JSON @ http://localhost:3000/static/js/bundle.js:176
[66710893ms] [ERROR] Failed to load resource: the server responded with a status of 404 (Not Found) @ http://localhost:3000/api/cloud-relay-host/tasks/process:0
[66710893ms] [WARNING] [cloud-relay-host] background poll skipped SyntaxError: Unexpected token '<', "<!DOCTYPE "... is not valid JSON @ http://localhost:3000/static/js/bundle.js:176
[66771202ms] [ERROR] Failed to load resource: the server responded with a status of 404 (Not Found) @ http://localhost:3000/api/cloud-relay-host/tasks/process:0
[66771203ms] [WARNING] [cloud-relay-host] background poll skipped SyntaxError: Unexpected token '<', "<!DOCTYPE "... is not valid JSON @ http://localhost:3000/static/js/bundle.js:176
[66830899ms] [ERROR] Failed to load resource: the server responded with a status of 404 (Not Found) @ http://localhost:3000/api/cloud-relay-host/tasks/process:0
[66830899ms] [WARNING] [cloud-relay-host] background poll skipped SyntaxError: Unexpected token '<', "<!DOCTYPE "... is not valid JSON @ http://localhost:3000/static/js/bundle.js:176
[66891205ms] [ERROR] Failed to load resource: the server responded with a status of 404 (Not Found) @ http://localhost:3000/api/cloud-relay-host/tasks/process:0
[66891205ms] [WARNING] [cloud-relay-host] background poll skipped SyntaxError: Unexpected token '<', "<!DOCTYPE "... is not valid JSON @ http://localhost:3000/static/js/bundle.js:176
[66950903ms] [ERROR] Failed to load resource: the server responded with a status of 404 (Not Found) @ http://localhost:3000/api/cloud-relay-host/tasks/process:0
[66950904ms] [WARNING] [cloud-relay-host] background poll skipped SyntaxError: Unexpected token '<', "<!DOCTYPE "... is not valid JSON @ http://localhost:3000/static/js/bundle.js:176
[67011204ms] [ERROR] Failed to load resource: the server responded with a status of 404 (Not Found) @ http://localhost:3000/api/cloud-relay-host/tasks/process:0
[67011205ms] [WARNING] [cloud-relay-host] background poll skipped SyntaxError: Unexpected token '<', "<!DOCTYPE "... is not valid JSON @ http://localhost:3000/static/js/bundle.js:176
[67070901ms] [ERROR] Failed to load resource: the server responded with a status of 404 (Not Found) @ http://localhost:3000/api/cloud-relay-host/tasks/process:0
[67070901ms] [WARNING] [cloud-relay-host] background poll skipped SyntaxError: Unexpected token '<', "<!DOCTYPE "... is not valid JSON @ http://localhost:3000/static/js/bundle.js:176
[67131206ms] [ERROR] Failed to load resource: the server responded with a status of 404 (Not Found) @ http://localhost:3000/api/cloud-relay-host/tasks/process:0
[67131206ms] [WARNING] [cloud-relay-host] background poll skipped SyntaxError: Unexpected token '<', "<!DOCTYPE "... is not valid JSON @ http://localhost:3000/static/js/bundle.js:176
[67190905ms] [ERROR] Failed to load resource: the server responded with a status of 404 (Not Found) @ http://localhost:3000/api/cloud-relay-host/tasks/process:0
[67190905ms] [WARNING] [cloud-relay-host] background poll skipped SyntaxError: Unexpected token '<', "<!DOCTYPE "... is not valid JSON @ http://localhost:3000/static/js/bundle.js:176
[67251216ms] [ERROR] Failed to load resource: the server responded with a status of 404 (Not Found) @ http://localhost:3000/api/cloud-relay-host/tasks/process:0
[67251216ms] [WARNING] [cloud-relay-host] background poll skipped SyntaxError: Unexpected token '<', "<!DOCTYPE "... is not valid JSON @ http://localhost:3000/static/js/bundle.js:176
[67310900ms] [ERROR] Failed to load resource: the server responded with a status of 404 (Not Found) @ http://localhost:3000/api/cloud-relay-host/tasks/process:0
[67310900ms] [WARNING] [cloud-relay-host] background poll skipped SyntaxError: Unexpected token '<', "<!DOCTYPE "... is not valid JSON @ http://localhost:3000/static/js/bundle.js:176
[67371212ms] [ERROR] Failed to load resource: the server responded with a status of 404 (Not Found) @ http://localhost:3000/api/cloud-relay-host/tasks/process:0
[67371212ms] [WARNING] [cloud-relay-host] background poll skipped SyntaxError: Unexpected token '<', "<!DOCTYPE "... is not valid JSON @ http://localhost:3000/static/js/bundle.js:176
[67430900ms] [ERROR] Failed to load resource: the server responded with a status of 404 (Not Found) @ http://localhost:3000/api/cloud-relay-host/tasks/process:0
[67430901ms] [WARNING] [cloud-relay-host] background poll skipped SyntaxError: Unexpected token '<', "<!DOCTYPE "... is not valid JSON @ http://localhost:3000/static/js/bundle.js:176
[67491211ms] [ERROR] Failed to load resource: the server responded with a status of 404 (Not Found) @ http://localhost:3000/api/cloud-relay-host/tasks/process:0
[67491212ms] [WARNING] [cloud-relay-host] background poll skipped SyntaxError: Unexpected token '<', "<!DOCTYPE "... is not valid JSON @ http://localhost:3000/static/js/bundle.js:176
[67550908ms] [ERROR] Failed to load resource: the server responded with a status of 404 (Not Found) @ http://localhost:3000/api/cloud-relay-host/tasks/process:0
[67550908ms] [WARNING] [cloud-relay-host] background poll skipped SyntaxError: Unexpected token '<', "<!DOCTYPE "... is not valid JSON @ http://localhost:3000/static/js/bundle.js:176
[67611217ms] [ERROR] Failed to load resource: the server responded with a status of 404 (Not Found) @ http://localhost:3000/api/cloud-relay-host/tasks/process:0
[67611218ms] [WARNING] [cloud-relay-host] background poll skipped SyntaxError: Unexpected token '<', "<!DOCTYPE "... is not valid JSON @ http://localhost:3000/static/js/bundle.js:176
[67670913ms] [ERROR] Failed to load resource: the server responded with a status of 404 (Not Found) @ http://localhost:3000/api/cloud-relay-host/tasks/process:0
[67670913ms] [WARNING] [cloud-relay-host] background poll skipped SyntaxError: Unexpected token '<', "<!DOCTYPE "... is not valid JSON @ http://localhost:3000/static/js/bundle.js:176
[67731225ms] [ERROR] Failed to load resource: the server responded with a status of 404 (Not Found) @ http://localhost:3000/api/cloud-relay-host/tasks/process:0
[67731225ms] [WARNING] [cloud-relay-host] background poll skipped SyntaxError: Unexpected token '<', "<!DOCTYPE "... is not valid JSON @ http://localhost:3000/static/js/bundle.js:176
[67790905ms] [ERROR] Failed to load resource: the server responded with a status of 404 (Not Found) @ http://localhost:3000/api/cloud-relay-host/tasks/process:0
[67790906ms] [WARNING] [cloud-relay-host] background poll skipped SyntaxError: Unexpected token '<', "<!DOCTYPE "... is not valid JSON @ http://localhost:3000/static/js/bundle.js:176
[67851224ms] [ERROR] Failed to load resource: the server responded with a status of 404 (Not Found) @ http://localhost:3000/api/cloud-relay-host/tasks/process:0
[67851224ms] [WARNING] [cloud-relay-host] background poll skipped SyntaxError: Unexpected token '<', "<!DOCTYPE "... is not valid JSON @ http://localhost:3000/static/js/bundle.js:176
[67910912ms] [ERROR] Failed to load resource: the server responded with a status of 404 (Not Found) @ http://localhost:3000/api/cloud-relay-host/tasks/process:0
[67910913ms] [WARNING] [cloud-relay-host] background poll skipped SyntaxError: Unexpected token '<', "<!DOCTYPE "... is not valid JSON @ http://localhost:3000/static/js/bundle.js:176
[67971214ms] [ERROR] Failed to load resource: the server responded with a status of 404 (Not Found) @ http://localhost:3000/api/cloud-relay-host/tasks/process:0
[67971215ms] [WARNING] [cloud-relay-host] background poll skipped SyntaxError: Unexpected token '<', "<!DOCTYPE "... is not valid JSON @ http://localhost:3000/static/js/bundle.js:176
[68030915ms] [ERROR] Failed to load resource: the server responded with a status of 404 (Not Found) @ http://localhost:3000/api/cloud-relay-host/tasks/process:0
[68030916ms] [WARNING] [cloud-relay-host] background poll skipped SyntaxError: Unexpected token '<', "<!DOCTYPE "... is not valid JSON @ http://localhost:3000/static/js/bundle.js:176
[68091223ms] [ERROR] Failed to load resource: the server responded with a status of 404 (Not Found) @ http://localhost:3000/api/cloud-relay-host/tasks/process:0
[68091223ms] [WARNING] [cloud-relay-host] background poll skipped SyntaxError: Unexpected token '<', "<!DOCTYPE "... is not valid JSON @ http://localhost:3000/static/js/bundle.js:176
[68150922ms] [ERROR] Failed to load resource: the server responded with a status of 404 (Not Found) @ http://localhost:3000/api/cloud-relay-host/tasks/process:0
[68150922ms] [WARNING] [cloud-relay-host] background poll skipped SyntaxError: Unexpected token '<', "<!DOCTYPE "... is not valid JSON @ http://localhost:3000/static/js/bundle.js:176
[68211231ms] [ERROR] Failed to load resource: the server responded with a status of 404 (Not Found) @ http://localhost:3000/api/cloud-relay-host/tasks/process:0
[68211232ms] [WARNING] [cloud-relay-host] background poll skipped SyntaxError: Unexpected token '<', "<!DOCTYPE "... is not valid JSON @ http://localhost:3000/static/js/bundle.js:176
[68270927ms] [ERROR] Failed to load resource: the server responded with a status of 404 (Not Found) @ http://localhost:3000/api/cloud-relay-host/tasks/process:0
[68270927ms] [WARNING] [cloud-relay-host] background poll skipped SyntaxError: Unexpected token '<', "<!DOCTYPE "... is not valid JSON @ http://localhost:3000/static/js/bundle.js:176
[68331232ms] [ERROR] Failed to load resource: the server responded with a status of 404 (Not Found) @ http://localhost:3000/api/cloud-relay-host/tasks/process:0
[68331233ms] [WARNING] [cloud-relay-host] background poll skipped SyntaxError: Unexpected token '<', "<!DOCTYPE "... is not valid JSON @ http://localhost:3000/static/js/bundle.js:176
[68390923ms] [ERROR] Failed to load resource: the server responded with a status of 404 (Not Found) @ http://localhost:3000/api/cloud-relay-host/tasks/process:0
[68390923ms] [WARNING] [cloud-relay-host] background poll skipped SyntaxError: Unexpected token '<', "<!DOCTYPE "... is not valid JSON @ http://localhost:3000/static/js/bundle.js:176
[68451226ms] [ERROR] Failed to load resource: the server responded with a status of 404 (Not Found) @ http://localhost:3000/api/cloud-relay-host/tasks/process:0
[68451227ms] [WARNING] [cloud-relay-host] background poll skipped SyntaxError: Unexpected token '<', "<!DOCTYPE "... is not valid JSON @ http://localhost:3000/static/js/bundle.js:176
[68510925ms] [ERROR] Failed to load resource: the server responded with a status of 404 (Not Found) @ http://localhost:3000/api/cloud-relay-host/tasks/process:0
[68510925ms] [WARNING] [cloud-relay-host] background poll skipped SyntaxError: Unexpected token '<', "<!DOCTYPE "... is not valid JSON @ http://localhost:3000/static/js/bundle.js:176
[68571230ms] [ERROR] Failed to load resource: the server responded with a status of 404 (Not Found) @ http://localhost:3000/api/cloud-relay-host/tasks/process:0
[68571231ms] [WARNING] [cloud-relay-host] background poll skipped SyntaxError: Unexpected token '<', "<!DOCTYPE "... is not valid JSON @ http://localhost:3000/static/js/bundle.js:176
[68630924ms] [ERROR] Failed to load resource: the server responded with a status of 404 (Not Found) @ http://localhost:3000/api/cloud-relay-host/tasks/process:0
[68630925ms] [WARNING] [cloud-relay-host] background poll skipped SyntaxError: Unexpected token '<', "<!DOCTYPE "... is not valid JSON @ http://localhost:3000/static/js/bundle.js:176
[68691240ms] [ERROR] Failed to load resource: the server responded with a status of 404 (Not Found) @ http://localhost:3000/api/cloud-relay-host/tasks/process:0
[68691240ms] [WARNING] [cloud-relay-host] background poll skipped SyntaxError: Unexpected token '<', "<!DOCTYPE "... is not valid JSON @ http://localhost:3000/static/js/bundle.js:176
[68750934ms] [ERROR] Failed to load resource: the server responded with a status of 404 (Not Found) @ http://localhost:3000/api/cloud-relay-host/tasks/process:0
[68750935ms] [WARNING] [cloud-relay-host] background poll skipped SyntaxError: Unexpected token '<', "<!DOCTYPE "... is not valid JSON @ http://localhost:3000/static/js/bundle.js:176
[68811244ms] [ERROR] Failed to load resource: the server responded with a status of 404 (Not Found) @ http://localhost:3000/api/cloud-relay-host/tasks/process:0
[68811245ms] [WARNING] [cloud-relay-host] background poll skipped SyntaxError: Unexpected token '<', "<!DOCTYPE "... is not valid JSON @ http://localhost:3000/static/js/bundle.js:176
[68870938ms] [ERROR] Failed to load resource: the server responded with a status of 404 (Not Found) @ http://localhost:3000/api/cloud-relay-host/tasks/process:0
[68870939ms] [WARNING] [cloud-relay-host] background poll skipped SyntaxError: Unexpected token '<', "<!DOCTYPE "... is not valid JSON @ http://localhost:3000/static/js/bundle.js:176
[68931242ms] [ERROR] Failed to load resource: the server responded with a status of 404 (Not Found) @ http://localhost:3000/api/cloud-relay-host/tasks/process:0
[68931243ms] [WARNING] [cloud-relay-host] background poll skipped SyntaxError: Unexpected token '<', "<!DOCTYPE "... is not valid JSON @ http://localhost:3000/static/js/bundle.js:176
[68990939ms] [ERROR] Failed to load resource: the server responded with a status of 404 (Not Found) @ http://localhost:3000/api/cloud-relay-host/tasks/process:0
[68990939ms] [WARNING] [cloud-relay-host] background poll skipped SyntaxError: Unexpected token '<', "<!DOCTYPE "... is not valid JSON @ http://localhost:3000/static/js/bundle.js:176
[69051236ms] [ERROR] Failed to load resource: the server responded with a status of 404 (Not Found) @ http://localhost:3000/api/cloud-relay-host/tasks/process:0
[69051237ms] [WARNING] [cloud-relay-host] background poll skipped SyntaxError: Unexpected token '<', "<!DOCTYPE "... is not valid JSON @ http://localhost:3000/static/js/bundle.js:176
[69110936ms] [ERROR] Failed to load resource: the server responded with a status of 404 (Not Found) @ http://localhost:3000/api/cloud-relay-host/tasks/process:0
[69110937ms] [WARNING] [cloud-relay-host] background poll skipped SyntaxError: Unexpected token '<', "<!DOCTYPE "... is not valid JSON @ http://localhost:3000/static/js/bundle.js:176
[69171243ms] [ERROR] Failed to load resource: the server responded with a status of 404 (Not Found) @ http://localhost:3000/api/cloud-relay-host/tasks/process:0
[69171244ms] [WARNING] [cloud-relay-host] background poll skipped SyntaxError: Unexpected token '<', "<!DOCTYPE "... is not valid JSON @ http://localhost:3000/static/js/bundle.js:176
[69230940ms] [ERROR] Failed to load resource: the server responded with a status of 404 (Not Found) @ http://localhost:3000/api/cloud-relay-host/tasks/process:0
[69230940ms] [WARNING] [cloud-relay-host] background poll skipped SyntaxError: Unexpected token '<', "<!DOCTYPE "... is not valid JSON @ http://localhost:3000/static/js/bundle.js:176
[69291261ms] [ERROR] Failed to load resource: the server responded with a status of 404 (Not Found) @ http://localhost:3000/api/cloud-relay-host/tasks/process:0
[69291262ms] [WARNING] [cloud-relay-host] background poll skipped SyntaxError: Unexpected token '<', "<!DOCTYPE "... is not valid JSON @ http://localhost:3000/static/js/bundle.js:176
[69350939ms] [ERROR] Failed to load resource: the server responded with a status of 404 (Not Found) @ http://localhost:3000/api/cloud-relay-host/tasks/process:0
[69350939ms] [WARNING] [cloud-relay-host] background poll skipped SyntaxError: Unexpected token '<', "<!DOCTYPE "... is not valid JSON @ http://localhost:3000/static/js/bundle.js:176
[69411254ms] [ERROR] Failed to load resource: the server responded with a status of 404 (Not Found) @ http://localhost:3000/api/cloud-relay-host/tasks/process:0
[69411255ms] [WARNING] [cloud-relay-host] background poll skipped SyntaxError: Unexpected token '<', "<!DOCTYPE "... is not valid JSON @ http://localhost:3000/static/js/bundle.js:176
[69470946ms] [ERROR] Failed to load resource: the server responded with a status of 404 (Not Found) @ http://localhost:3000/api/cloud-relay-host/tasks/process:0
[69470946ms] [WARNING] [cloud-relay-host] background poll skipped SyntaxError: Unexpected token '<', "<!DOCTYPE "... is not valid JSON @ http://localhost:3000/static/js/bundle.js:176
[69531254ms] [ERROR] Failed to load resource: the server responded with a status of 404 (Not Found) @ http://localhost:3000/api/cloud-relay-host/tasks/process:0
[69531255ms] [WARNING] [cloud-relay-host] background poll skipped SyntaxError: Unexpected token '<', "<!DOCTYPE "... is not valid JSON @ http://localhost:3000/static/js/bundle.js:176
[69590942ms] [ERROR] Failed to load resource: the server responded with a status of 404 (Not Found) @ http://localhost:3000/api/cloud-relay-host/tasks/process:0
[69590944ms] [WARNING] [cloud-relay-host] background poll skipped SyntaxError: Unexpected token '<', "<!DOCTYPE "... is not valid JSON @ http://localhost:3000/static/js/bundle.js:176
[69651259ms] [ERROR] Failed to load resource: the server responded with a status of 404 (Not Found) @ http://localhost:3000/api/cloud-relay-host/tasks/process:0
[69651259ms] [WARNING] [cloud-relay-host] background poll skipped SyntaxError: Unexpected token '<', "<!DOCTYPE "... is not valid JSON @ http://localhost:3000/static/js/bundle.js:176
[69710952ms] [ERROR] Failed to load resource: the server responded with a status of 404 (Not Found) @ http://localhost:3000/api/cloud-relay-host/tasks/process:0
[69710953ms] [WARNING] [cloud-relay-host] background poll skipped SyntaxError: Unexpected token '<', "<!DOCTYPE "... is not valid JSON @ http://localhost:3000/static/js/bundle.js:176
[69771246ms] [ERROR] Failed to load resource: the server responded with a status of 404 (Not Found) @ http://localhost:3000/api/cloud-relay-host/tasks/process:0
[69771246ms] [WARNING] [cloud-relay-host] background poll skipped SyntaxError: Unexpected token '<', "<!DOCTYPE "... is not valid JSON @ http://localhost:3000/static/js/bundle.js:176
[69830991ms] [ERROR] Failed to load resource: the server responded with a status of 404 (Not Found) @ http://localhost:3000/api/cloud-relay-host/tasks/process:0
[69830992ms] [WARNING] [cloud-relay-host] background poll skipped SyntaxError: Unexpected token '<', "<!DOCTYPE "... is not valid JSON @ http://localhost:3000/static/js/bundle.js:176
[69891253ms] [ERROR] Failed to load resource: the server responded with a status of 404 (Not Found) @ http://localhost:3000/api/cloud-relay-host/tasks/process:0
[69891254ms] [WARNING] [cloud-relay-host] background poll skipped SyntaxError: Unexpected token '<', "<!DOCTYPE "... is not valid JSON @ http://localhost:3000/static/js/bundle.js:176
[69950986ms] [ERROR] Failed to load resource: the server responded with a status of 404 (Not Found) @ http://localhost:3000/api/cloud-relay-host/tasks/process:0
[69950988ms] [WARNING] [cloud-relay-host] background poll skipped SyntaxError: Unexpected token '<', "<!DOCTYPE "... is not valid JSON @ http://localhost:3000/static/js/bundle.js:176
[70011253ms] [ERROR] Failed to load resource: the server responded with a status of 404 (Not Found) @ http://localhost:3000/api/cloud-relay-host/tasks/process:0
[70011254ms] [WARNING] [cloud-relay-host] background poll skipped SyntaxError: Unexpected token '<', "<!DOCTYPE "... is not valid JSON @ http://localhost:3000/static/js/bundle.js:176
[70070953ms] [ERROR] Failed to load resource: the server responded with a status of 404 (Not Found) @ http://localhost:3000/api/cloud-relay-host/tasks/process:0
[70070953ms] [WARNING] [cloud-relay-host] background poll skipped SyntaxError: Unexpected token '<', "<!DOCTYPE "... is not valid JSON @ http://localhost:3000/static/js/bundle.js:176
[70131257ms] [ERROR] Failed to load resource: the server responded with a status of 404 (Not Found) @ http://localhost:3000/api/cloud-relay-host/tasks/process:0
[70131257ms] [WARNING] [cloud-relay-host] background poll skipped SyntaxError: Unexpected token '<', "<!DOCTYPE "... is not valid JSON @ http://localhost:3000/static/js/bundle.js:176
[70190955ms] [ERROR] Failed to load resource: the server responded with a status of 404 (Not Found) @ http://localhost:3000/api/cloud-relay-host/tasks/process:0
[70190955ms] [WARNING] [cloud-relay-host] background poll skipped SyntaxError: Unexpected token '<', "<!DOCTYPE "... is not valid JSON @ http://localhost:3000/static/js/bundle.js:176
[70251257ms] [ERROR] Failed to load resource: the server responded with a status of 404 (Not Found) @ http://localhost:3000/api/cloud-relay-host/tasks/process:0
[70251258ms] [WARNING] [cloud-relay-host] background poll skipped SyntaxError: Unexpected token '<', "<!DOCTYPE "... is not valid JSON @ http://localhost:3000/static/js/bundle.js:176
[70310956ms] [ERROR] Failed to load resource: the server responded with a status of 404 (Not Found) @ http://localhost:3000/api/cloud-relay-host/tasks/process:0
[70310957ms] [WARNING] [cloud-relay-host] background poll skipped SyntaxError: Unexpected token '<', "<!DOCTYPE "... is not valid JSON @ http://localhost:3000/static/js/bundle.js:176
[70371258ms] [ERROR] Failed to load resource: the server responded with a status of 404 (Not Found) @ http://localhost:3000/api/cloud-relay-host/tasks/process:0
[70371259ms] [WARNING] [cloud-relay-host] background poll skipped SyntaxError: Unexpected token '<', "<!DOCTYPE "... is not valid JSON @ http://localhost:3000/static/js/bundle.js:176
[70430949ms] [ERROR] Failed to load resource: the server responded with a status of 404 (Not Found) @ http://localhost:3000/api/cloud-relay-host/tasks/process:0
[70430950ms] [WARNING] [cloud-relay-host] background poll skipped SyntaxError: Unexpected token '<', "<!DOCTYPE "... is not valid JSON @ http://localhost:3000/static/js/bundle.js:176
[70491269ms] [ERROR] Failed to load resource: the server responded with a status of 404 (Not Found) @ http://localhost:3000/api/cloud-relay-host/tasks/process:0
[70491269ms] [WARNING] [cloud-relay-host] background poll skipped SyntaxError: Unexpected token '<', "<!DOCTYPE "... is not valid JSON @ http://localhost:3000/static/js/bundle.js:176
[70550995ms] [ERROR] Failed to load resource: the server responded with a status of 404 (Not Found) @ http://localhost:3000/api/cloud-relay-host/tasks/process:0
[70550996ms] [WARNING] [cloud-relay-host] background poll skipped SyntaxError: Unexpected token '<', "<!DOCTYPE "... is not valid JSON @ http://localhost:3000/static/js/bundle.js:176
[70611264ms] [ERROR] Failed to load resource: the server responded with a status of 404 (Not Found) @ http://localhost:3000/api/cloud-relay-host/tasks/process:0
[70611264ms] [WARNING] [cloud-relay-host] background poll skipped SyntaxError: Unexpected token '<', "<!DOCTYPE "... is not valid JSON @ http://localhost:3000/static/js/bundle.js:176
[70670966ms] [ERROR] Failed to load resource: the server responded with a status of 404 (Not Found) @ http://localhost:3000/api/cloud-relay-host/tasks/process:0
[70670966ms] [WARNING] [cloud-relay-host] background poll skipped SyntaxError: Unexpected token '<', "<!DOCTYPE "... is not valid JSON @ http://localhost:3000/static/js/bundle.js:176
[70731273ms] [ERROR] Failed to load resource: the server responded with a status of 404 (Not Found) @ http://localhost:3000/api/cloud-relay-host/tasks/process:0
[70731273ms] [WARNING] [cloud-relay-host] background poll skipped SyntaxError: Unexpected token '<', "<!DOCTYPE "... is not valid JSON @ http://localhost:3000/static/js/bundle.js:176
[70790966ms] [ERROR] Failed to load resource: the server responded with a status of 404 (Not Found) @ http://localhost:3000/api/cloud-relay-host/tasks/process:0
[70790966ms] [WARNING] [cloud-relay-host] background poll skipped SyntaxError: Unexpected token '<', "<!DOCTYPE "... is not valid JSON @ http://localhost:3000/static/js/bundle.js:176
[70851281ms] [ERROR] Failed to load resource: the server responded with a status of 404 (Not Found) @ http://localhost:3000/api/cloud-relay-host/tasks/process:0
[70851282ms] [WARNING] [cloud-relay-host] background poll skipped SyntaxError: Unexpected token '<', "<!DOCTYPE "... is not valid JSON @ http://localhost:3000/static/js/bundle.js:176
[70910969ms] [ERROR] Failed to load resource: the server responded with a status of 404 (Not Found) @ http://localhost:3000/api/cloud-relay-host/tasks/process:0
[70910969ms] [WARNING] [cloud-relay-host] background poll skipped SyntaxError: Unexpected token '<', "<!DOCTYPE "... is not valid JSON @ http://localhost:3000/static/js/bundle.js:176
[70971271ms] [ERROR] Failed to load resource: the server responded with a status of 404 (Not Found) @ http://localhost:3000/api/cloud-relay-host/tasks/process:0
[70971272ms] [WARNING] [cloud-relay-host] background poll skipped SyntaxError: Unexpected token '<', "<!DOCTYPE "... is not valid JSON @ http://localhost:3000/static/js/bundle.js:176
[71030959ms] [ERROR] Failed to load resource: the server responded with a status of 404 (Not Found) @ http://localhost:3000/api/cloud-relay-host/tasks/process:0
[71030959ms] [WARNING] [cloud-relay-host] background poll skipped SyntaxError: Unexpected token '<', "<!DOCTYPE "... is not valid JSON @ http://localhost:3000/static/js/bundle.js:176
[71091280ms] [ERROR] Failed to load resource: the server responded with a status of 404 (Not Found) @ http://localhost:3000/api/cloud-relay-host/tasks/process:0
[71091281ms] [WARNING] [cloud-relay-host] background poll skipped SyntaxError: Unexpected token '<', "<!DOCTYPE "... is not valid JSON @ http://localhost:3000/static/js/bundle.js:176
[71150972ms] [ERROR] Failed to load resource: the server responded with a status of 404 (Not Found) @ http://localhost:3000/api/cloud-relay-host/tasks/process:0
[71150973ms] [WARNING] [cloud-relay-host] background poll skipped SyntaxError: Unexpected token '<', "<!DOCTYPE "... is not valid JSON @ http://localhost:3000/static/js/bundle.js:176
[71211282ms] [ERROR] Failed to load resource: the server responded with a status of 404 (Not Found) @ http://localhost:3000/api/cloud-relay-host/tasks/process:0
[71211283ms] [WARNING] [cloud-relay-host] background poll skipped SyntaxError: Unexpected token '<', "<!DOCTYPE "... is not valid JSON @ http://localhost:3000/static/js/bundle.js:176
[71270978ms] [ERROR] Failed to load resource: the server responded with a status of 404 (Not Found) @ http://localhost:3000/api/cloud-relay-host/tasks/process:0
[71270978ms] [WARNING] [cloud-relay-host] background poll skipped SyntaxError: Unexpected token '<', "<!DOCTYPE "... is not valid JSON @ http://localhost:3000/static/js/bundle.js:176
[71331288ms] [ERROR] Failed to load resource: the server responded with a status of 404 (Not Found) @ http://localhost:3000/api/cloud-relay-host/tasks/process:0
[71331288ms] [WARNING] [cloud-relay-host] background poll skipped SyntaxError: Unexpected token '<', "<!DOCTYPE "... is not valid JSON @ http://localhost:3000/static/js/bundle.js:176
[71390982ms] [ERROR] Failed to load resource: the server responded with a status of 404 (Not Found) @ http://localhost:3000/api/cloud-relay-host/tasks/process:0
[71390983ms] [WARNING] [cloud-relay-host] background poll skipped SyntaxError: Unexpected token '<', "<!DOCTYPE "... is not valid JSON @ http://localhost:3000/static/js/bundle.js:176
[71451287ms] [ERROR] Failed to load resource: the server responded with a status of 404 (Not Found) @ http://localhost:3000/api/cloud-relay-host/tasks/process:0
[71451288ms] [WARNING] [cloud-relay-host] background poll skipped SyntaxError: Unexpected token '<', "<!DOCTYPE "... is not valid JSON @ http://localhost:3000/static/js/bundle.js:176
[71511027ms] [ERROR] Failed to load resource: the server responded with a status of 404 (Not Found) @ http://localhost:3000/api/cloud-relay-host/tasks/process:0
[71511030ms] [WARNING] [cloud-relay-host] background poll skipped SyntaxError: Unexpected token '<', "<!DOCTYPE "... is not valid JSON @ http://localhost:3000/static/js/bundle.js:176
[71571289ms] [ERROR] Failed to load resource: the server responded with a status of 404 (Not Found) @ http://localhost:3000/api/cloud-relay-host/tasks/process:0
[71571289ms] [WARNING] [cloud-relay-host] background poll skipped SyntaxError: Unexpected token '<', "<!DOCTYPE "... is not valid JSON @ http://localhost:3000/static/js/bundle.js:176
[71630985ms] [ERROR] Failed to load resource: the server responded with a status of 404 (Not Found) @ http://localhost:3000/api/cloud-relay-host/tasks/process:0
[71630985ms] [WARNING] [cloud-relay-host] background poll skipped SyntaxError: Unexpected token '<', "<!DOCTYPE "... is not valid JSON @ http://localhost:3000/static/js/bundle.js:176
[71691334ms] [ERROR] Failed to load resource: the server responded with a status of 404 (Not Found) @ http://localhost:3000/api/cloud-relay-host/tasks/process:0
[71691335ms] [WARNING] [cloud-relay-host] background poll skipped SyntaxError: Unexpected token '<', "<!DOCTYPE "... is not valid JSON @ http://localhost:3000/static/js/bundle.js:176
[71750985ms] [ERROR] Failed to load resource: the server responded with a status of 404 (Not Found) @ http://localhost:3000/api/cloud-relay-host/tasks/process:0
[71750985ms] [WARNING] [cloud-relay-host] background poll skipped SyntaxError: Unexpected token '<', "<!DOCTYPE "... is not valid JSON @ http://localhost:3000/static/js/bundle.js:176
[71811302ms] [ERROR] Failed to load resource: the server responded with a status of 404 (Not Found) @ http://localhost:3000/api/cloud-relay-host/tasks/process:0
[71811303ms] [WARNING] [cloud-relay-host] background poll skipped SyntaxError: Unexpected token '<', "<!DOCTYPE "... is not valid JSON @ http://localhost:3000/static/js/bundle.js:176
[71870982ms] [ERROR] Failed to load resource: the server responded with a status of 404 (Not Found) @ http://localhost:3000/api/cloud-relay-host/tasks/process:0
[71870983ms] [WARNING] [cloud-relay-host] background poll skipped SyntaxError: Unexpected token '<', "<!DOCTYPE "... is not valid JSON @ http://localhost:3000/static/js/bundle.js:176
[71931339ms] [ERROR] Failed to load resource: the server responded with a status of 404 (Not Found) @ http://localhost:3000/api/cloud-relay-host/tasks/process:0
[71931340ms] [WARNING] [cloud-relay-host] background poll skipped SyntaxError: Unexpected token '<', "<!DOCTYPE "... is not valid JSON @ http://localhost:3000/static/js/bundle.js:176
[71990996ms] [ERROR] Failed to load resource: the server responded with a status of 404 (Not Found) @ http://localhost:3000/api/cloud-relay-host/tasks/process:0
[71990997ms] [WARNING] [cloud-relay-host] background poll skipped SyntaxError: Unexpected token '<', "<!DOCTYPE "... is not valid JSON @ http://localhost:3000/static/js/bundle.js:176
[72051353ms] [ERROR] Failed to load resource: the server responded with a status of 404 (Not Found) @ http://localhost:3000/api/cloud-relay-host/tasks/process:0
[72051356ms] [WARNING] [cloud-relay-host] background poll skipped SyntaxError: Unexpected token '<', "<!DOCTYPE "... is not valid JSON @ http://localhost:3000/static/js/bundle.js:176
[72110999ms] [ERROR] Failed to load resource: the server responded with a status of 404 (Not Found) @ http://localhost:3000/api/cloud-relay-host/tasks/process:0
[72111000ms] [WARNING] [cloud-relay-host] background poll skipped SyntaxError: Unexpected token '<', "<!DOCTYPE "... is not valid JSON @ http://localhost:3000/static/js/bundle.js:176
[72171294ms] [ERROR] Failed to load resource: the server responded with a status of 404 (Not Found) @ http://localhost:3000/api/cloud-relay-host/tasks/process:0
[72171294ms] [WARNING] [cloud-relay-host] background poll skipped SyntaxError: Unexpected token '<', "<!DOCTYPE "... is not valid JSON @ http://localhost:3000/static/js/bundle.js:176
[72230986ms] [ERROR] Failed to load resource: the server responded with a status of 404 (Not Found) @ http://localhost:3000/api/cloud-relay-host/tasks/process:0
[72230986ms] [WARNING] [cloud-relay-host] background poll skipped SyntaxError: Unexpected token '<', "<!DOCTYPE "... is not valid JSON @ http://localhost:3000/static/js/bundle.js:176
[72291306ms] [ERROR] Failed to load resource: the server responded with a status of 404 (Not Found) @ http://localhost:3000/api/cloud-relay-host/tasks/process:0
[72291307ms] [WARNING] [cloud-relay-host] background poll skipped SyntaxError: Unexpected token '<', "<!DOCTYPE "... is not valid JSON @ http://localhost:3000/static/js/bundle.js:176
[72351001ms] [ERROR] Failed to load resource: the server responded with a status of 404 (Not Found) @ http://localhost:3000/api/cloud-relay-host/tasks/process:0
[72351002ms] [WARNING] [cloud-relay-host] background poll skipped SyntaxError: Unexpected token '<', "<!DOCTYPE "... is not valid JSON @ http://localhost:3000/static/js/bundle.js:176
[72411313ms] [ERROR] Failed to load resource: the server responded with a status of 404 (Not Found) @ http://localhost:3000/api/cloud-relay-host/tasks/process:0
[72411314ms] [WARNING] [cloud-relay-host] background poll skipped SyntaxError: Unexpected token '<', "<!DOCTYPE "... is not valid JSON @ http://localhost:3000/static/js/bundle.js:176
[72471002ms] [ERROR] Failed to load resource: the server responded with a status of 404 (Not Found) @ http://localhost:3000/api/cloud-relay-host/tasks/process:0
[72471003ms] [WARNING] [cloud-relay-host] background poll skipped SyntaxError: Unexpected token '<', "<!DOCTYPE "... is not valid JSON @ http://localhost:3000/static/js/bundle.js:176
[72531310ms] [ERROR] Failed to load resource: the server responded with a status of 404 (Not Found) @ http://localhost:3000/api/cloud-relay-host/tasks/process:0
[72531310ms] [WARNING] [cloud-relay-host] background poll skipped SyntaxError: Unexpected token '<', "<!DOCTYPE "... is not valid JSON @ http://localhost:3000/static/js/bundle.js:176
[72591009ms] [ERROR] Failed to load resource: the server responded with a status of 404 (Not Found) @ http://localhost:3000/api/cloud-relay-host/tasks/process:0
[72591009ms] [WARNING] [cloud-relay-host] background poll skipped SyntaxError: Unexpected token '<', "<!DOCTYPE "... is not valid JSON @ http://localhost:3000/static/js/bundle.js:176
[72651358ms] [ERROR] Failed to load resource: the server responded with a status of 404 (Not Found) @ http://localhost:3000/api/cloud-relay-host/tasks/process:0
[72651359ms] [WARNING] [cloud-relay-host] background poll skipped SyntaxError: Unexpected token '<', "<!DOCTYPE "... is not valid JSON @ http://localhost:3000/static/js/bundle.js:176
[72711007ms] [ERROR] Failed to load resource: the server responded with a status of 404 (Not Found) @ http://localhost:3000/api/cloud-relay-host/tasks/process:0
[72711007ms] [WARNING] [cloud-relay-host] background poll skipped SyntaxError: Unexpected token '<', "<!DOCTYPE "... is not valid JSON @ http://localhost:3000/static/js/bundle.js:176
[72771314ms] [ERROR] Failed to load resource: the server responded with a status of 404 (Not Found) @ http://localhost:3000/api/cloud-relay-host/tasks/process:0
[72771314ms] [WARNING] [cloud-relay-host] background poll skipped SyntaxError: Unexpected token '<', "<!DOCTYPE "... is not valid JSON @ http://localhost:3000/static/js/bundle.js:176
[72831013ms] [ERROR] Failed to load resource: the server responded with a status of 404 (Not Found) @ http://localhost:3000/api/cloud-relay-host/tasks/process:0
[72831014ms] [WARNING] [cloud-relay-host] background poll skipped SyntaxError: Unexpected token '<', "<!DOCTYPE "... is not valid JSON @ http://localhost:3000/static/js/bundle.js:176
[72891326ms] [ERROR] Failed to load resource: the server responded with a status of 404 (Not Found) @ http://localhost:3000/api/cloud-relay-host/tasks/process:0
[72891327ms] [WARNING] [cloud-relay-host] background poll skipped SyntaxError: Unexpected token '<', "<!DOCTYPE "... is not valid JSON @ http://localhost:3000/static/js/bundle.js:176
[72951018ms] [ERROR] Failed to load resource: the server responded with a status of 404 (Not Found) @ http://localhost:3000/api/cloud-relay-host/tasks/process:0
[72951019ms] [WARNING] [cloud-relay-host] background poll skipped SyntaxError: Unexpected token '<', "<!DOCTYPE "... is not valid JSON @ http://localhost:3000/static/js/bundle.js:176
[73011322ms] [ERROR] Failed to load resource: the server responded with a status of 404 (Not Found) @ http://localhost:3000/api/cloud-relay-host/tasks/process:0
[73011323ms] [WARNING] [cloud-relay-host] background poll skipped SyntaxError: Unexpected token '<', "<!DOCTYPE "... is not valid JSON @ http://localhost:3000/static/js/bundle.js:176
[73071022ms] [ERROR] Failed to load resource: the server responded with a status of 404 (Not Found) @ http://localhost:3000/api/cloud-relay-host/tasks/process:0
[73071022ms] [WARNING] [cloud-relay-host] background poll skipped SyntaxError: Unexpected token '<', "<!DOCTYPE "... is not valid JSON @ http://localhost:3000/static/js/bundle.js:176
[73131325ms] [ERROR] Failed to load resource: the server responded with a status of 404 (Not Found) @ http://localhost:3000/api/cloud-relay-host/tasks/process:0
[73131325ms] [WARNING] [cloud-relay-host] background poll skipped SyntaxError: Unexpected token '<', "<!DOCTYPE "... is not valid JSON @ http://localhost:3000/static/js/bundle.js:176
[73191016ms] [ERROR] Failed to load resource: the server responded with a status of 404 (Not Found) @ http://localhost:3000/api/cloud-relay-host/tasks/process:0
[73191016ms] [WARNING] [cloud-relay-host] background poll skipped SyntaxError: Unexpected token '<', "<!DOCTYPE "... is not valid JSON @ http://localhost:3000/static/js/bundle.js:176
[73251335ms] [ERROR] Failed to load resource: the server responded with a status of 404 (Not Found) @ http://localhost:3000/api/cloud-relay-host/tasks/process:0
[73251335ms] [WARNING] [cloud-relay-host] background poll skipped SyntaxError: Unexpected token '<', "<!DOCTYPE "... is not valid JSON @ http://localhost:3000/static/js/bundle.js:176
[73311019ms] [ERROR] Failed to load resource: the server responded with a status of 404 (Not Found) @ http://localhost:3000/api/cloud-relay-host/tasks/process:0
[73311020ms] [WARNING] [cloud-relay-host] background poll skipped SyntaxError: Unexpected token '<', "<!DOCTYPE "... is not valid JSON @ http://localhost:3000/static/js/bundle.js:176
[73371331ms] [ERROR] Failed to load resource: the server responded with a status of 404 (Not Found) @ http://localhost:3000/api/cloud-relay-host/tasks/process:0
[73371331ms] [WARNING] [cloud-relay-host] background poll skipped SyntaxError: Unexpected token '<', "<!DOCTYPE "... is not valid JSON @ http://localhost:3000/static/js/bundle.js:176
[73431054ms] [ERROR] Failed to load resource: the server responded with a status of 404 (Not Found) @ http://localhost:3000/api/cloud-relay-host/tasks/process:0
[73431057ms] [WARNING] [cloud-relay-host] background poll skipped SyntaxError: Unexpected token '<', "<!DOCTYPE "... is not valid JSON @ http://localhost:3000/static/js/bundle.js:176
[73491328ms] [ERROR] Failed to load resource: the server responded with a status of 404 (Not Found) @ http://localhost:3000/api/cloud-relay-host/tasks/process:0
[73491329ms] [WARNING] [cloud-relay-host] background poll skipped SyntaxError: Unexpected token '<', "<!DOCTYPE "... is not valid JSON @ http://localhost:3000/static/js/bundle.js:176
[73551091ms] [ERROR] Failed to load resource: the server responded with a status of 404 (Not Found) @ http://localhost:3000/api/cloud-relay-host/tasks/process:0
[73551093ms] [WARNING] [cloud-relay-host] background poll skipped SyntaxError: Unexpected token '<', "<!DOCTYPE "... is not valid JSON @ http://localhost:3000/static/js/bundle.js:176
[73611345ms] [ERROR] Failed to load resource: the server responded with a status of 404 (Not Found) @ http://localhost:3000/api/cloud-relay-host/tasks/process:0
[73611345ms] [WARNING] [cloud-relay-host] background poll skipped SyntaxError: Unexpected token '<', "<!DOCTYPE "... is not valid JSON @ http://localhost:3000/static/js/bundle.js:176
[73671110ms] [ERROR] Failed to load resource: the server responded with a status of 404 (Not Found) @ http://localhost:3000/api/cloud-relay-host/tasks/process:0
[73671130ms] [WARNING] [cloud-relay-host] background poll skipped SyntaxError: Unexpected token '<', "<!DOCTYPE "... is not valid JSON @ http://localhost:3000/static/js/bundle.js:176
[73731340ms] [ERROR] Failed to load resource: the server responded with a status of 404 (Not Found) @ http://localhost:3000/api/cloud-relay-host/tasks/process:0
[73731340ms] [WARNING] [cloud-relay-host] background poll skipped SyntaxError: Unexpected token '<', "<!DOCTYPE "... is not valid JSON @ http://localhost:3000/static/js/bundle.js:176
[73791083ms] [ERROR] Failed to load resource: the server responded with a status of 404 (Not Found) @ http://localhost:3000/api/cloud-relay-host/tasks/process:0
[73791087ms] [WARNING] [cloud-relay-host] background poll skipped SyntaxError: Unexpected token '<', "<!DOCTYPE "... is not valid JSON @ http://localhost:3000/static/js/bundle.js:176
[73851342ms] [ERROR] Failed to load resource: the server responded with a status of 404 (Not Found) @ http://localhost:3000/api/cloud-relay-host/tasks/process:0
[73851343ms] [WARNING] [cloud-relay-host] background poll skipped SyntaxError: Unexpected token '<', "<!DOCTYPE "... is not valid JSON @ http://localhost:3000/static/js/bundle.js:176
[73911042ms] [ERROR] Failed to load resource: the server responded with a status of 404 (Not Found) @ http://localhost:3000/api/cloud-relay-host/tasks/process:0
[73911042ms] [WARNING] [cloud-relay-host] background poll skipped SyntaxError: Unexpected token '<', "<!DOCTYPE "... is not valid JSON @ http://localhost:3000/static/js/bundle.js:176
[73971409ms] [ERROR] Failed to load resource: the server responded with a status of 404 (Not Found) @ http://localhost:3000/api/cloud-relay-host/tasks/process:0
[73971412ms] [WARNING] [cloud-relay-host] background poll skipped SyntaxError: Unexpected token '<', "<!DOCTYPE "... is not valid JSON @ http://localhost:3000/static/js/bundle.js:176
[74031035ms] [ERROR] Failed to load resource: the server responded with a status of 404 (Not Found) @ http://localhost:3000/api/cloud-relay-host/tasks/process:0
[74031036ms] [WARNING] [cloud-relay-host] background poll skipped SyntaxError: Unexpected token '<', "<!DOCTYPE "... is not valid JSON @ http://localhost:3000/static/js/bundle.js:176
[74091378ms] [ERROR] Failed to load resource: the server responded with a status of 404 (Not Found) @ http://localhost:3000/api/cloud-relay-host/tasks/process:0
[74091379ms] [WARNING] [cloud-relay-host] background poll skipped SyntaxError: Unexpected token '<', "<!DOCTYPE "... is not valid JSON @ http://localhost:3000/static/js/bundle.js:176
[74151126ms] [ERROR] Failed to load resource: the server responded with a status of 404 (Not Found) @ http://localhost:3000/api/cloud-relay-host/tasks/process:0
[74151132ms] [WARNING] [cloud-relay-host] background poll skipped SyntaxError: Unexpected token '<', "<!DOCTYPE "... is not valid JSON @ http://localhost:3000/static/js/bundle.js:176
[74211363ms] [ERROR] Failed to load resource: the server responded with a status of 404 (Not Found) @ http://localhost:3000/api/cloud-relay-host/tasks/process:0
[74211364ms] [WARNING] [cloud-relay-host] background poll skipped SyntaxError: Unexpected token '<', "<!DOCTYPE "... is not valid JSON @ http://localhost:3000/static/js/bundle.js:176
[74271043ms] [ERROR] Failed to load resource: the server responded with a status of 404 (Not Found) @ http://localhost:3000/api/cloud-relay-host/tasks/process:0
[74271044ms] [WARNING] [cloud-relay-host] background poll skipped SyntaxError: Unexpected token '<', "<!DOCTYPE "... is not valid JSON @ http://localhost:3000/static/js/bundle.js:176
[74331486ms] [ERROR] Failed to load resource: the server responded with a status of 404 (Not Found) @ http://localhost:3000/api/cloud-relay-host/tasks/process:0
[74331488ms] [WARNING] [cloud-relay-host] background poll skipped SyntaxError: Unexpected token '<', "<!DOCTYPE "... is not valid JSON @ http://localhost:3000/static/js/bundle.js:176
[74391048ms] [ERROR] Failed to load resource: the server responded with a status of 404 (Not Found) @ http://localhost:3000/api/cloud-relay-host/tasks/process:0
[74391049ms] [WARNING] [cloud-relay-host] background poll skipped SyntaxError: Unexpected token '<', "<!DOCTYPE "... is not valid JSON @ http://localhost:3000/static/js/bundle.js:176
[74451352ms] [ERROR] Failed to load resource: the server responded with a status of 404 (Not Found) @ http://localhost:3000/api/cloud-relay-host/tasks/process:0
[74451353ms] [WARNING] [cloud-relay-host] background poll skipped SyntaxError: Unexpected token '<', "<!DOCTYPE "... is not valid JSON @ http://localhost:3000/static/js/bundle.js:176
[74511046ms] [ERROR] Failed to load resource: the server responded with a status of 404 (Not Found) @ http://localhost:3000/api/cloud-relay-host/tasks/process:0
[74511047ms] [WARNING] [cloud-relay-host] background poll skipped SyntaxError: Unexpected token '<', "<!DOCTYPE "... is not valid JSON @ http://localhost:3000/static/js/bundle.js:176
[74571371ms] [ERROR] Failed to load resource: the server responded with a status of 404 (Not Found) @ http://localhost:3000/api/cloud-relay-host/tasks/process:0
[74571372ms] [WARNING] [cloud-relay-host] background poll skipped SyntaxError: Unexpected token '<', "<!DOCTYPE "... is not valid JSON @ http://localhost:3000/static/js/bundle.js:176
[74631052ms] [ERROR] Failed to load resource: the server responded with a status of 404 (Not Found) @ http://localhost:3000/api/cloud-relay-host/tasks/process:0
[74631053ms] [WARNING] [cloud-relay-host] background poll skipped SyntaxError: Unexpected token '<', "<!DOCTYPE "... is not valid JSON @ http://localhost:3000/static/js/bundle.js:176
[74691375ms] [ERROR] Failed to load resource: the server responded with a status of 404 (Not Found) @ http://localhost:3000/api/cloud-relay-host/tasks/process:0
[74691375ms] [WARNING] [cloud-relay-host] background poll skipped SyntaxError: Unexpected token '<', "<!DOCTYPE "... is not valid JSON @ http://localhost:3000/static/js/bundle.js:176
[74751060ms] [ERROR] Failed to load resource: the server responded with a status of 404 (Not Found) @ http://localhost:3000/api/cloud-relay-host/tasks/process:0
[74751061ms] [WARNING] [cloud-relay-host] background poll skipped SyntaxError: Unexpected token '<', "<!DOCTYPE "... is not valid JSON @ http://localhost:3000/static/js/bundle.js:176
[74811364ms] [ERROR] Failed to load resource: the server responded with a status of 404 (Not Found) @ http://localhost:3000/api/cloud-relay-host/tasks/process:0
[74811365ms] [WARNING] [cloud-relay-host] background poll skipped SyntaxError: Unexpected token '<', "<!DOCTYPE "... is not valid JSON @ http://localhost:3000/static/js/bundle.js:176
[74871287ms] [ERROR] Failed to load resource: the server responded with a status of 404 (Not Found) @ http://localhost:3000/api/cloud-relay-host/tasks/process:0
[74871290ms] [WARNING] [cloud-relay-host] background poll skipped SyntaxError: Unexpected token '<', "<!DOCTYPE "... is not valid JSON @ http://localhost:3000/static/js/bundle.js:176
[74931361ms] [ERROR] Failed to load resource: the server responded with a status of 404 (Not Found) @ http://localhost:3000/api/cloud-relay-host/tasks/process:0
[74931361ms] [WARNING] [cloud-relay-host] background poll skipped SyntaxError: Unexpected token '<', "<!DOCTYPE "... is not valid JSON @ http://localhost:3000/static/js/bundle.js:176
[74991060ms] [ERROR] Failed to load resource: the server responded with a status of 404 (Not Found) @ http://localhost:3000/api/cloud-relay-host/tasks/process:0
[74991061ms] [WARNING] [cloud-relay-host] background poll skipped SyntaxError: Unexpected token '<', "<!DOCTYPE "... is not valid JSON @ http://localhost:3000/static/js/bundle.js:176
[75051369ms] [ERROR] Failed to load resource: the server responded with a status of 404 (Not Found) @ http://localhost:3000/api/cloud-relay-host/tasks/process:0
[75051370ms] [WARNING] [cloud-relay-host] background poll skipped SyntaxError: Unexpected token '<', "<!DOCTYPE "... is not valid JSON @ http://localhost:3000/static/js/bundle.js:176
[75111055ms] [ERROR] Failed to load resource: the server responded with a status of 404 (Not Found) @ http://localhost:3000/api/cloud-relay-host/tasks/process:0
[75111056ms] [WARNING] [cloud-relay-host] background poll skipped SyntaxError: Unexpected token '<', "<!DOCTYPE "... is not valid JSON @ http://localhost:3000/static/js/bundle.js:176
[75171383ms] [ERROR] Failed to load resource: the server responded with a status of 404 (Not Found) @ http://localhost:3000/api/cloud-relay-host/tasks/process:0
[75171384ms] [WARNING] [cloud-relay-host] background poll skipped SyntaxError: Unexpected token '<', "<!DOCTYPE "... is not valid JSON @ http://localhost:3000/static/js/bundle.js:176
[75231061ms] [ERROR] Failed to load resource: the server responded with a status of 404 (Not Found) @ http://localhost:3000/api/cloud-relay-host/tasks/process:0
[75231061ms] [WARNING] [cloud-relay-host] background poll skipped SyntaxError: Unexpected token '<', "<!DOCTYPE "... is not valid JSON @ http://localhost:3000/static/js/bundle.js:176
[75291380ms] [ERROR] Failed to load resource: the server responded with a status of 404 (Not Found) @ http://localhost:3000/api/cloud-relay-host/tasks/process:0
[75291380ms] [WARNING] [cloud-relay-host] background poll skipped SyntaxError: Unexpected token '<', "<!DOCTYPE "... is not valid JSON @ http://localhost:3000/static/js/bundle.js:176
[75351057ms] [ERROR] Failed to load resource: the server responded with a status of 404 (Not Found) @ http://localhost:3000/api/cloud-relay-host/tasks/process:0
[75351057ms] [WARNING] [cloud-relay-host] background poll skipped SyntaxError: Unexpected token '<', "<!DOCTYPE "... is not valid JSON @ http://localhost:3000/static/js/bundle.js:176
[75411374ms] [ERROR] Failed to load resource: the server responded with a status of 404 (Not Found) @ http://localhost:3000/api/cloud-relay-host/tasks/process:0
[75411375ms] [WARNING] [cloud-relay-host] background poll skipped SyntaxError: Unexpected token '<', "<!DOCTYPE "... is not valid JSON @ http://localhost:3000/static/js/bundle.js:176
[75471070ms] [ERROR] Failed to load resource: the server responded with a status of 404 (Not Found) @ http://localhost:3000/api/cloud-relay-host/tasks/process:0
[75471071ms] [WARNING] [cloud-relay-host] background poll skipped SyntaxError: Unexpected token '<', "<!DOCTYPE "... is not valid JSON @ http://localhost:3000/static/js/bundle.js:176
[75531378ms] [ERROR] Failed to load resource: the server responded with a status of 404 (Not Found) @ http://localhost:3000/api/cloud-relay-host/tasks/process:0
[75531379ms] [WARNING] [cloud-relay-host] background poll skipped SyntaxError: Unexpected token '<', "<!DOCTYPE "... is not valid JSON @ http://localhost:3000/static/js/bundle.js:176
[75591071ms] [ERROR] Failed to load resource: the server responded with a status of 404 (Not Found) @ http://localhost:3000/api/cloud-relay-host/tasks/process:0
[75591071ms] [WARNING] [cloud-relay-host] background poll skipped SyntaxError: Unexpected token '<', "<!DOCTYPE "... is not valid JSON @ http://localhost:3000/static/js/bundle.js:176
[75651382ms] [ERROR] Failed to load resource: the server responded with a status of 404 (Not Found) @ http://localhost:3000/api/cloud-relay-host/tasks/process:0
[75651382ms] [WARNING] [cloud-relay-host] background poll skipped SyntaxError: Unexpected token '<', "<!DOCTYPE "... is not valid JSON @ http://localhost:3000/static/js/bundle.js:176
[75711069ms] [ERROR] Failed to load resource: the server responded with a status of 404 (Not Found) @ http://localhost:3000/api/cloud-relay-host/tasks/process:0
[75711069ms] [WARNING] [cloud-relay-host] background poll skipped SyntaxError: Unexpected token '<', "<!DOCTYPE "... is not valid JSON @ http://localhost:3000/static/js/bundle.js:176
[75771439ms] [ERROR] Failed to load resource: the server responded with a status of 404 (Not Found) @ http://localhost:3000/api/cloud-relay-host/tasks/process:0
[75771441ms] [WARNING] [cloud-relay-host] background poll skipped SyntaxError: Unexpected token '<', "<!DOCTYPE "... is not valid JSON @ http://localhost:3000/static/js/bundle.js:176
[75831077ms] [ERROR] Failed to load resource: the server responded with a status of 404 (Not Found) @ http://localhost:3000/api/cloud-relay-host/tasks/process:0
[75831078ms] [WARNING] [cloud-relay-host] background poll skipped SyntaxError: Unexpected token '<', "<!DOCTYPE "... is not valid JSON @ http://localhost:3000/static/js/bundle.js:176
[75891450ms] [ERROR] Failed to load resource: the server responded with a status of 404 (Not Found) @ http://localhost:3000/api/cloud-relay-host/tasks/process:0
[75891452ms] [WARNING] [cloud-relay-host] background poll skipped SyntaxError: Unexpected token '<', "<!DOCTYPE "... is not valid JSON @ http://localhost:3000/static/js/bundle.js:176
[75951077ms] [ERROR] Failed to load resource: the server responded with a status of 404 (Not Found) @ http://localhost:3000/api/cloud-relay-host/tasks/process:0
[75951078ms] [WARNING] [cloud-relay-host] background poll skipped SyntaxError: Unexpected token '<', "<!DOCTYPE "... is not valid JSON @ http://localhost:3000/static/js/bundle.js:176
[76011387ms] [ERROR] Failed to load resource: the server responded with a status of 404 (Not Found) @ http://localhost:3000/api/cloud-relay-host/tasks/process:0
[76011388ms] [WARNING] [cloud-relay-host] background poll skipped SyntaxError: Unexpected token '<', "<!DOCTYPE "... is not valid JSON @ http://localhost:3000/static/js/bundle.js:176
[76071082ms] [ERROR] Failed to load resource: the server responded with a status of 404 (Not Found) @ http://localhost:3000/api/cloud-relay-host/tasks/process:0
[76071083ms] [WARNING] [cloud-relay-host] background poll skipped SyntaxError: Unexpected token '<', "<!DOCTYPE "... is not valid JSON @ http://localhost:3000/static/js/bundle.js:176
[76131453ms] [ERROR] Failed to load resource: the server responded with a status of 404 (Not Found) @ http://localhost:3000/api/cloud-relay-host/tasks/process:0
[76131455ms] [WARNING] [cloud-relay-host] background poll skipped SyntaxError: Unexpected token '<', "<!DOCTYPE "... is not valid JSON @ http://localhost:3000/static/js/bundle.js:176
[76191074ms] [ERROR] Failed to load resource: the server responded with a status of 404 (Not Found) @ http://localhost:3000/api/cloud-relay-host/tasks/process:0
[76191075ms] [WARNING] [cloud-relay-host] background poll skipped SyntaxError: Unexpected token '<', "<!DOCTYPE "... is not valid JSON @ http://localhost:3000/static/js/bundle.js:176
[76251393ms] [ERROR] Failed to load resource: the server responded with a status of 404 (Not Found) @ http://localhost:3000/api/cloud-relay-host/tasks/process:0
[76251394ms] [WARNING] [cloud-relay-host] background poll skipped SyntaxError: Unexpected token '<', "<!DOCTYPE "... is not valid JSON @ http://localhost:3000/static/js/bundle.js:176
[76311088ms] [ERROR] Failed to load resource: the server responded with a status of 404 (Not Found) @ http://localhost:3000/api/cloud-relay-host/tasks/process:0
[76311089ms] [WARNING] [cloud-relay-host] background poll skipped SyntaxError: Unexpected token '<', "<!DOCTYPE "... is not valid JSON @ http://localhost:3000/static/js/bundle.js:176
[76371384ms] [ERROR] Failed to load resource: the server responded with a status of 404 (Not Found) @ http://localhost:3000/api/cloud-relay-host/tasks/process:0
[76371384ms] [WARNING] [cloud-relay-host] background poll skipped SyntaxError: Unexpected token '<', "<!DOCTYPE "... is not valid JSON @ http://localhost:3000/static/js/bundle.js:176
[76431085ms] [ERROR] Failed to load resource: the server responded with a status of 404 (Not Found) @ http://localhost:3000/api/cloud-relay-host/tasks/process:0
[76431085ms] [WARNING] [cloud-relay-host] background poll skipped SyntaxError: Unexpected token '<', "<!DOCTYPE "... is not valid JSON @ http://localhost:3000/static/js/bundle.js:176
[76491400ms] [ERROR] Failed to load resource: the server responded with a status of 404 (Not Found) @ http://localhost:3000/api/cloud-relay-host/tasks/process:0
[76491401ms] [WARNING] [cloud-relay-host] background poll skipped SyntaxError: Unexpected token '<', "<!DOCTYPE "... is not valid JSON @ http://localhost:3000/static/js/bundle.js:176
[76551352ms] [ERROR] Failed to load resource: the server responded with a status of 404 (Not Found) @ http://localhost:3000/api/cloud-relay-host/tasks/process:0
[76551354ms] [WARNING] [cloud-relay-host] background poll skipped SyntaxError: Unexpected token '<', "<!DOCTYPE "... is not valid JSON @ http://localhost:3000/static/js/bundle.js:176
[76611392ms] [ERROR] Failed to load resource: the server responded with a status of 404 (Not Found) @ http://localhost:3000/api/cloud-relay-host/tasks/process:0
[76611392ms] [WARNING] [cloud-relay-host] background poll skipped SyntaxError: Unexpected token '<', "<!DOCTYPE "... is not valid JSON @ http://localhost:3000/static/js/bundle.js:176
[76671156ms] [ERROR] Failed to load resource: the server responded with a status of 404 (Not Found) @ http://localhost:3000/api/cloud-relay-host/tasks/process:0
[76671157ms] [WARNING] [cloud-relay-host] background poll skipped SyntaxError: Unexpected token '<', "<!DOCTYPE "... is not valid JSON @ http://localhost:3000/static/js/bundle.js:176
[76731394ms] [ERROR] Failed to load resource: the server responded with a status of 404 (Not Found) @ http://localhost:3000/api/cloud-relay-host/tasks/process:0
[76731395ms] [WARNING] [cloud-relay-host] background poll skipped SyntaxError: Unexpected token '<', "<!DOCTYPE "... is not valid JSON @ http://localhost:3000/static/js/bundle.js:176
[76791094ms] [ERROR] Failed to load resource: the server responded with a status of 404 (Not Found) @ http://localhost:3000/api/cloud-relay-host/tasks/process:0
[76791095ms] [WARNING] [cloud-relay-host] background poll skipped SyntaxError: Unexpected token '<', "<!DOCTYPE "... is not valid JSON @ http://localhost:3000/static/js/bundle.js:176
[76851402ms] [ERROR] Failed to load resource: the server responded with a status of 404 (Not Found) @ http://localhost:3000/api/cloud-relay-host/tasks/process:0
[76851402ms] [WARNING] [cloud-relay-host] background poll skipped SyntaxError: Unexpected token '<', "<!DOCTYPE "... is not valid JSON @ http://localhost:3000/static/js/bundle.js:176
[76911099ms] [ERROR] Failed to load resource: the server responded with a status of 404 (Not Found) @ http://localhost:3000/api/cloud-relay-host/tasks/process:0
[76911100ms] [WARNING] [cloud-relay-host] background poll skipped SyntaxError: Unexpected token '<', "<!DOCTYPE "... is not valid JSON @ http://localhost:3000/static/js/bundle.js:176
[76971399ms] [ERROR] Failed to load resource: the server responded with a status of 404 (Not Found) @ http://localhost:3000/api/cloud-relay-host/tasks/process:0
[76971400ms] [WARNING] [cloud-relay-host] background poll skipped SyntaxError: Unexpected token '<', "<!DOCTYPE "... is not valid JSON @ http://localhost:3000/static/js/bundle.js:176
[77031161ms] [ERROR] Failed to load resource: the server responded with a status of 404 (Not Found) @ http://localhost:3000/api/cloud-relay-host/tasks/process:0
[77031165ms] [WARNING] [cloud-relay-host] background poll skipped SyntaxError: Unexpected token '<', "<!DOCTYPE "... is not valid JSON @ http://localhost:3000/static/js/bundle.js:176
[77091417ms] [ERROR] Failed to load resource: the server responded with a status of 404 (Not Found) @ http://localhost:3000/api/cloud-relay-host/tasks/process:0
[77091418ms] [WARNING] [cloud-relay-host] background poll skipped SyntaxError: Unexpected token '<', "<!DOCTYPE "... is not valid JSON @ http://localhost:3000/static/js/bundle.js:176
[77151097ms] [ERROR] Failed to load resource: the server responded with a status of 404 (Not Found) @ http://localhost:3000/api/cloud-relay-host/tasks/process:0
[77151097ms] [WARNING] [cloud-relay-host] background poll skipped SyntaxError: Unexpected token '<', "<!DOCTYPE "... is not valid JSON @ http://localhost:3000/static/js/bundle.js:176
[77211414ms] [ERROR] Failed to load resource: the server responded with a status of 404 (Not Found) @ http://localhost:3000/api/cloud-relay-host/tasks/process:0
[77211415ms] [WARNING] [cloud-relay-host] background poll skipped SyntaxError: Unexpected token '<', "<!DOCTYPE "... is not valid JSON @ http://localhost:3000/static/js/bundle.js:176
[77271108ms] [ERROR] Failed to load resource: the server responded with a status of 404 (Not Found) @ http://localhost:3000/api/cloud-relay-host/tasks/process:0
[77271108ms] [WARNING] [cloud-relay-host] background poll skipped SyntaxError: Unexpected token '<', "<!DOCTYPE "... is not valid JSON @ http://localhost:3000/static/js/bundle.js:176
[77331419ms] [ERROR] Failed to load resource: the server responded with a status of 404 (Not Found) @ http://localhost:3000/api/cloud-relay-host/tasks/process:0
[77331420ms] [WARNING] [cloud-relay-host] background poll skipped SyntaxError: Unexpected token '<', "<!DOCTYPE "... is not valid JSON @ http://localhost:3000/static/js/bundle.js:176
[77391226ms] [ERROR] Failed to load resource: the server responded with a status of 404 (Not Found) @ http://localhost:3000/api/cloud-relay-host/tasks/process:0
[77391228ms] [WARNING] [cloud-relay-host] background poll skipped SyntaxError: Unexpected token '<', "<!DOCTYPE "... is not valid JSON @ http://localhost:3000/static/js/bundle.js:176
[77451415ms] [ERROR] Failed to load resource: the server responded with a status of 404 (Not Found) @ http://localhost:3000/api/cloud-relay-host/tasks/process:0
[77451415ms] [WARNING] [cloud-relay-host] background poll skipped SyntaxError: Unexpected token '<', "<!DOCTYPE "... is not valid JSON @ http://localhost:3000/static/js/bundle.js:176
[77511195ms] [ERROR] Failed to load resource: the server responded with a status of 404 (Not Found) @ http://localhost:3000/api/cloud-relay-host/tasks/process:0
[77511197ms] [WARNING] [cloud-relay-host] background poll skipped SyntaxError: Unexpected token '<', "<!DOCTYPE "... is not valid JSON @ http://localhost:3000/static/js/bundle.js:176
[77571406ms] [ERROR] Failed to load resource: the server responded with a status of 404 (Not Found) @ http://localhost:3000/api/cloud-relay-host/tasks/process:0
[77571406ms] [WARNING] [cloud-relay-host] background poll skipped SyntaxError: Unexpected token '<', "<!DOCTYPE "... is not valid JSON @ http://localhost:3000/static/js/bundle.js:176
[77631142ms] [ERROR] Failed to load resource: the server responded with a status of 404 (Not Found) @ http://localhost:3000/api/cloud-relay-host/tasks/process:0
[77631143ms] [WARNING] [cloud-relay-host] background poll skipped SyntaxError: Unexpected token '<', "<!DOCTYPE "... is not valid JSON @ http://localhost:3000/static/js/bundle.js:176
[77691410ms] [ERROR] Failed to load resource: the server responded with a status of 404 (Not Found) @ http://localhost:3000/api/cloud-relay-host/tasks/process:0
[77691411ms] [WARNING] [cloud-relay-host] background poll skipped SyntaxError: Unexpected token '<', "<!DOCTYPE "... is not valid JSON @ http://localhost:3000/static/js/bundle.js:176
[77751158ms] [ERROR] Failed to load resource: the server responded with a status of 404 (Not Found) @ http://localhost:3000/api/cloud-relay-host/tasks/process:0
[77751160ms] [WARNING] [cloud-relay-host] background poll skipped SyntaxError: Unexpected token '<', "<!DOCTYPE "... is not valid JSON @ http://localhost:3000/static/js/bundle.js:176
[77811741ms] [ERROR] Failed to load resource: the server responded with a status of 404 (Not Found) @ http://localhost:3000/api/cloud-relay-host/tasks/process:0
[77811743ms] [WARNING] [cloud-relay-host] background poll skipped SyntaxError: Unexpected token '<', "<!DOCTYPE "... is not valid JSON @ http://localhost:3000/static/js/bundle.js:176
[77871111ms] [ERROR] Failed to load resource: the server responded with a status of 404 (Not Found) @ http://localhost:3000/api/cloud-relay-host/tasks/process:0
[77871112ms] [WARNING] [cloud-relay-host] background poll skipped SyntaxError: Unexpected token '<', "<!DOCTYPE "... is not valid JSON @ http://localhost:3000/static/js/bundle.js:176
[77931512ms] [ERROR] Failed to load resource: the server responded with a status of 404 (Not Found) @ http://localhost:3000/api/cloud-relay-host/tasks/process:0
[77931513ms] [WARNING] [cloud-relay-host] background poll skipped SyntaxError: Unexpected token '<', "<!DOCTYPE "... is not valid JSON @ http://localhost:3000/static/js/bundle.js:176
[77991116ms] [ERROR] Failed to load resource: the server responded with a status of 404 (Not Found) @ http://localhost:3000/api/cloud-relay-host/tasks/process:0
[77991117ms] [WARNING] [cloud-relay-host] background poll skipped SyntaxError: Unexpected token '<', "<!DOCTYPE "... is not valid JSON @ http://localhost:3000/static/js/bundle.js:176
[78051431ms] [ERROR] Failed to load resource: the server responded with a status of 404 (Not Found) @ http://localhost:3000/api/cloud-relay-host/tasks/process:0
[78051432ms] [WARNING] [cloud-relay-host] background poll skipped SyntaxError: Unexpected token '<', "<!DOCTYPE "... is not valid JSON @ http://localhost:3000/static/js/bundle.js:176
[78111109ms] [ERROR] Failed to load resource: the server responded with a status of 404 (Not Found) @ http://localhost:3000/api/cloud-relay-host/tasks/process:0
[78111110ms] [WARNING] [cloud-relay-host] background poll skipped SyntaxError: Unexpected token '<', "<!DOCTYPE "... is not valid JSON @ http://localhost:3000/static/js/bundle.js:176
[78171410ms] [ERROR] Failed to load resource: the server responded with a status of 404 (Not Found) @ http://localhost:3000/api/cloud-relay-host/tasks/process:0
[78171411ms] [WARNING] [cloud-relay-host] background poll skipped SyntaxError: Unexpected token '<', "<!DOCTYPE "... is not valid JSON @ http://localhost:3000/static/js/bundle.js:176
[78231115ms] [ERROR] Failed to load resource: the server responded with a status of 404 (Not Found) @ http://localhost:3000/api/cloud-relay-host/tasks/process:0
[78231116ms] [WARNING] [cloud-relay-host] background poll skipped SyntaxError: Unexpected token '<', "<!DOCTYPE "... is not valid JSON @ http://localhost:3000/static/js/bundle.js:176
[78291508ms] [ERROR] Failed to load resource: the server responded with a status of 404 (Not Found) @ http://localhost:3000/api/cloud-relay-host/tasks/process:0
[78291510ms] [WARNING] [cloud-relay-host] background poll skipped SyntaxError: Unexpected token '<', "<!DOCTYPE "... is not valid JSON @ http://localhost:3000/static/js/bundle.js:176
[78351113ms] [ERROR] Failed to load resource: the server responded with a status of 404 (Not Found) @ http://localhost:3000/api/cloud-relay-host/tasks/process:0
[78351113ms] [WARNING] [cloud-relay-host] background poll skipped SyntaxError: Unexpected token '<', "<!DOCTYPE "... is not valid JSON @ http://localhost:3000/static/js/bundle.js:176
[78411430ms] [ERROR] Failed to load resource: the server responded with a status of 404 (Not Found) @ http://localhost:3000/api/cloud-relay-host/tasks/process:0
[78411430ms] [WARNING] [cloud-relay-host] background poll skipped SyntaxError: Unexpected token '<', "<!DOCTYPE "... is not valid JSON @ http://localhost:3000/static/js/bundle.js:176
[78471232ms] [ERROR] Failed to load resource: the server responded with a status of 404 (Not Found) @ http://localhost:3000/api/cloud-relay-host/tasks/process:0
[78471238ms] [WARNING] [cloud-relay-host] background poll skipped SyntaxError: Unexpected token '<', "<!DOCTYPE "... is not valid JSON @ http://localhost:3000/static/js/bundle.js:176
[78531433ms] [ERROR] Failed to load resource: the server responded with a status of 404 (Not Found) @ http://localhost:3000/api/cloud-relay-host/tasks/process:0
[78531434ms] [WARNING] [cloud-relay-host] background poll skipped SyntaxError: Unexpected token '<', "<!DOCTYPE "... is not valid JSON @ http://localhost:3000/static/js/bundle.js:176
[78591197ms] [ERROR] Failed to load resource: the server responded with a status of 404 (Not Found) @ http://localhost:3000/api/cloud-relay-host/tasks/process:0
[78591211ms] [WARNING] [cloud-relay-host] background poll skipped SyntaxError: Unexpected token '<', "<!DOCTYPE "... is not valid JSON @ http://localhost:3000/static/js/bundle.js:176
[78651438ms] [ERROR] Failed to load resource: the server responded with a status of 404 (Not Found) @ http://localhost:3000/api/cloud-relay-host/tasks/process:0
[78651439ms] [WARNING] [cloud-relay-host] background poll skipped SyntaxError: Unexpected token '<', "<!DOCTYPE "... is not valid JSON @ http://localhost:3000/static/js/bundle.js:176
[78711165ms] [ERROR] Failed to load resource: the server responded with a status of 404 (Not Found) @ http://localhost:3000/api/cloud-relay-host/tasks/process:0
[78711174ms] [WARNING] [cloud-relay-host] background poll skipped SyntaxError: Unexpected token '<', "<!DOCTYPE "... is not valid JSON @ http://localhost:3000/static/js/bundle.js:176
[78771558ms] [ERROR] Failed to load resource: the server responded with a status of 404 (Not Found) @ http://localhost:3000/api/cloud-relay-host/tasks/process:0
[78771561ms] [WARNING] [cloud-relay-host] background poll skipped SyntaxError: Unexpected token '<', "<!DOCTYPE "... is not valid JSON @ http://localhost:3000/static/js/bundle.js:176
[78831127ms] [ERROR] Failed to load resource: the server responded with a status of 404 (Not Found) @ http://localhost:3000/api/cloud-relay-host/tasks/process:0
[78831127ms] [WARNING] [cloud-relay-host] background poll skipped SyntaxError: Unexpected token '<', "<!DOCTYPE "... is not valid JSON @ http://localhost:3000/static/js/bundle.js:176
[78891631ms] [ERROR] Failed to load resource: the server responded with a status of 404 (Not Found) @ http://localhost:3000/api/cloud-relay-host/tasks/process:0
[78891635ms] [WARNING] [cloud-relay-host] background poll skipped SyntaxError: Unexpected token '<', "<!DOCTYPE "... is not valid JSON @ http://localhost:3000/static/js/bundle.js:176
[78951130ms] [ERROR] Failed to load resource: the server responded with a status of 404 (Not Found) @ http://localhost:3000/api/cloud-relay-host/tasks/process:0
[78951132ms] [WARNING] [cloud-relay-host] background poll skipped SyntaxError: Unexpected token '<', "<!DOCTYPE "... is not valid JSON @ http://localhost:3000/static/js/bundle.js:176
[79011579ms] [ERROR] Failed to load resource: the server responded with a status of 404 (Not Found) @ http://localhost:3000/api/cloud-relay-host/tasks/process:0
[79011581ms] [WARNING] [cloud-relay-host] background poll skipped SyntaxError: Unexpected token '<', "<!DOCTYPE "... is not valid JSON @ http://localhost:3000/static/js/bundle.js:176
[79071132ms] [ERROR] Failed to load resource: the server responded with a status of 404 (Not Found) @ http://localhost:3000/api/cloud-relay-host/tasks/process:0
[79071133ms] [WARNING] [cloud-relay-host] background poll skipped SyntaxError: Unexpected token '<', "<!DOCTYPE "... is not valid JSON @ http://localhost:3000/static/js/bundle.js:176
[79131438ms] [ERROR] Failed to load resource: the server responded with a status of 404 (Not Found) @ http://localhost:3000/api/cloud-relay-host/tasks/process:0
[79131439ms] [WARNING] [cloud-relay-host] background poll skipped SyntaxError: Unexpected token '<', "<!DOCTYPE "... is not valid JSON @ http://localhost:3000/static/js/bundle.js:176
[79191235ms] [ERROR] Failed to load resource: the server responded with a status of 404 (Not Found) @ http://localhost:3000/api/cloud-relay-host/tasks/process:0
[79191238ms] [WARNING] [cloud-relay-host] background poll skipped SyntaxError: Unexpected token '<', "<!DOCTYPE "... is not valid JSON @ http://localhost:3000/static/js/bundle.js:176
[79251452ms] [ERROR] Failed to load resource: the server responded with a status of 404 (Not Found) @ http://localhost:3000/api/cloud-relay-host/tasks/process:0
[79251453ms] [WARNING] [cloud-relay-host] background poll skipped SyntaxError: Unexpected token '<', "<!DOCTYPE "... is not valid JSON @ http://localhost:3000/static/js/bundle.js:176
[79311144ms] [ERROR] Failed to load resource: the server responded with a status of 404 (Not Found) @ http://localhost:3000/api/cloud-relay-host/tasks/process:0
[79311145ms] [WARNING] [cloud-relay-host] background poll skipped SyntaxError: Unexpected token '<', "<!DOCTYPE "... is not valid JSON @ http://localhost:3000/static/js/bundle.js:176
[79371460ms] [ERROR] Failed to load resource: the server responded with a status of 404 (Not Found) @ http://localhost:3000/api/cloud-relay-host/tasks/process:0
[79371461ms] [WARNING] [cloud-relay-host] background poll skipped SyntaxError: Unexpected token '<', "<!DOCTYPE "... is not valid JSON @ http://localhost:3000/static/js/bundle.js:176
[79431232ms] [ERROR] Failed to load resource: the server responded with a status of 404 (Not Found) @ http://localhost:3000/api/cloud-relay-host/tasks/process:0
[79431234ms] [WARNING] [cloud-relay-host] background poll skipped SyntaxError: Unexpected token '<', "<!DOCTYPE "... is not valid JSON @ http://localhost:3000/static/js/bundle.js:176
[79491443ms] [ERROR] Failed to load resource: the server responded with a status of 404 (Not Found) @ http://localhost:3000/api/cloud-relay-host/tasks/process:0
[79491444ms] [WARNING] [cloud-relay-host] background poll skipped SyntaxError: Unexpected token '<', "<!DOCTYPE "... is not valid JSON @ http://localhost:3000/static/js/bundle.js:176
[79551649ms] [ERROR] Failed to load resource: the server responded with a status of 404 (Not Found) @ http://localhost:3000/api/cloud-relay-host/tasks/process:0
[79551659ms] [WARNING] [cloud-relay-host] background poll skipped SyntaxError: Unexpected token '<', "<!DOCTYPE "... is not valid JSON @ http://localhost:3000/static/js/bundle.js:176
[79611463ms] [ERROR] Failed to load resource: the server responded with a status of 404 (Not Found) @ http://localhost:3000/api/cloud-relay-host/tasks/process:0
[79611463ms] [WARNING] [cloud-relay-host] background poll skipped SyntaxError: Unexpected token '<', "<!DOCTYPE "... is not valid JSON @ http://localhost:3000/static/js/bundle.js:176
[79671176ms] [ERROR] Failed to load resource: the server responded with a status of 404 (Not Found) @ http://localhost:3000/api/cloud-relay-host/tasks/process:0
[79671178ms] [WARNING] [cloud-relay-host] background poll skipped SyntaxError: Unexpected token '<', "<!DOCTYPE "... is not valid JSON @ http://localhost:3000/static/js/bundle.js:176
[79731448ms] [ERROR] Failed to load resource: the server responded with a status of 404 (Not Found) @ http://localhost:3000/api/cloud-relay-host/tasks/process:0
[79731448ms] [WARNING] [cloud-relay-host] background poll skipped SyntaxError: Unexpected token '<', "<!DOCTYPE "... is not valid JSON @ http://localhost:3000/static/js/bundle.js:176
[79791203ms] [ERROR] Failed to load resource: the server responded with a status of 404 (Not Found) @ http://localhost:3000/api/cloud-relay-host/tasks/process:0
[79791209ms] [WARNING] [cloud-relay-host] background poll skipped SyntaxError: Unexpected token '<', "<!DOCTYPE "... is not valid JSON @ http://localhost:3000/static/js/bundle.js:176
[79851445ms] [ERROR] Failed to load resource: the server responded with a status of 404 (Not Found) @ http://localhost:3000/api/cloud-relay-host/tasks/process:0
[79851446ms] [WARNING] [cloud-relay-host] background poll skipped SyntaxError: Unexpected token '<', "<!DOCTYPE "... is not valid JSON @ http://localhost:3000/static/js/bundle.js:176
[79911138ms] [ERROR] Failed to load resource: the server responded with a status of 404 (Not Found) @ http://localhost:3000/api/cloud-relay-host/tasks/process:0
[79911139ms] [WARNING] [cloud-relay-host] background poll skipped SyntaxError: Unexpected token '<', "<!DOCTYPE "... is not valid JSON @ http://localhost:3000/static/js/bundle.js:176
[79971443ms] [ERROR] Failed to load resource: the server responded with a status of 404 (Not Found) @ http://localhost:3000/api/cloud-relay-host/tasks/process:0
[79971443ms] [WARNING] [cloud-relay-host] background poll skipped SyntaxError: Unexpected token '<', "<!DOCTYPE "... is not valid JSON @ http://localhost:3000/static/js/bundle.js:176
[80031149ms] [ERROR] Failed to load resource: the server responded with a status of 404 (Not Found) @ http://localhost:3000/api/cloud-relay-host/tasks/process:0
[80031150ms] [WARNING] [cloud-relay-host] background poll skipped SyntaxError: Unexpected token '<', "<!DOCTYPE "... is not valid JSON @ http://localhost:3000/static/js/bundle.js:176
[80091477ms] [ERROR] Failed to load resource: the server responded with a status of 404 (Not Found) @ http://localhost:3000/api/cloud-relay-host/tasks/process:0
[80091478ms] [WARNING] [cloud-relay-host] background poll skipped SyntaxError: Unexpected token '<', "<!DOCTYPE "... is not valid JSON @ http://localhost:3000/static/js/bundle.js:176
[80151156ms] [ERROR] Failed to load resource: the server responded with a status of 404 (Not Found) @ http://localhost:3000/api/cloud-relay-host/tasks/process:0
[80151157ms] [WARNING] [cloud-relay-host] background poll skipped SyntaxError: Unexpected token '<', "<!DOCTYPE "... is not valid JSON @ http://localhost:3000/static/js/bundle.js:176
[80211456ms] [ERROR] Failed to load resource: the server responded with a status of 404 (Not Found) @ http://localhost:3000/api/cloud-relay-host/tasks/process:0
[80211457ms] [WARNING] [cloud-relay-host] background poll skipped SyntaxError: Unexpected token '<', "<!DOCTYPE "... is not valid JSON @ http://localhost:3000/static/js/bundle.js:176
[80271154ms] [ERROR] Failed to load resource: the server responded with a status of 404 (Not Found) @ http://localhost:3000/api/cloud-relay-host/tasks/process:0
[80271154ms] [WARNING] [cloud-relay-host] background poll skipped SyntaxError: Unexpected token '<', "<!DOCTYPE "... is not valid JSON @ http://localhost:3000/static/js/bundle.js:176
[80331466ms] [ERROR] Failed to load resource: the server responded with a status of 404 (Not Found) @ http://localhost:3000/api/cloud-relay-host/tasks/process:0
[80331467ms] [WARNING] [cloud-relay-host] background poll skipped SyntaxError: Unexpected token '<', "<!DOCTYPE "... is not valid JSON @ http://localhost:3000/static/js/bundle.js:176
[80391159ms] [ERROR] Failed to load resource: the server responded with a status of 404 (Not Found) @ http://localhost:3000/api/cloud-relay-host/tasks/process:0
[80391160ms] [WARNING] [cloud-relay-host] background poll skipped SyntaxError: Unexpected token '<', "<!DOCTYPE "... is not valid JSON @ http://localhost:3000/static/js/bundle.js:176
[80451465ms] [ERROR] Failed to load resource: the server responded with a status of 404 (Not Found) @ http://localhost:3000/api/cloud-relay-host/tasks/process:0
[80451466ms] [WARNING] [cloud-relay-host] background poll skipped SyntaxError: Unexpected token '<', "<!DOCTYPE "... is not valid JSON @ http://localhost:3000/static/js/bundle.js:176
[80511173ms] [ERROR] Failed to load resource: the server responded with a status of 404 (Not Found) @ http://localhost:3000/api/cloud-relay-host/tasks/process:0
[80511175ms] [WARNING] [cloud-relay-host] background poll skipped SyntaxError: Unexpected token '<', "<!DOCTYPE "... is not valid JSON @ http://localhost:3000/static/js/bundle.js:176
[80571484ms] [ERROR] Failed to load resource: the server responded with a status of 404 (Not Found) @ http://localhost:3000/api/cloud-relay-host/tasks/process:0
[80571484ms] [WARNING] [cloud-relay-host] background poll skipped SyntaxError: Unexpected token '<', "<!DOCTYPE "... is not valid JSON @ http://localhost:3000/static/js/bundle.js:176
[80631285ms] [ERROR] Failed to load resource: the server responded with a status of 404 (Not Found) @ http://localhost:3000/api/cloud-relay-host/tasks/process:0
[80631287ms] [WARNING] [cloud-relay-host] background poll skipped SyntaxError: Unexpected token '<', "<!DOCTYPE "... is not valid JSON @ http://localhost:3000/static/js/bundle.js:176
[80691464ms] [ERROR] Failed to load resource: the server responded with a status of 404 (Not Found) @ http://localhost:3000/api/cloud-relay-host/tasks/process:0
[80691465ms] [WARNING] [cloud-relay-host] background poll skipped SyntaxError: Unexpected token '<', "<!DOCTYPE "... is not valid JSON @ http://localhost:3000/static/js/bundle.js:176
[80751212ms] [ERROR] Failed to load resource: the server responded with a status of 404 (Not Found) @ http://localhost:3000/api/cloud-relay-host/tasks/process:0
[80751215ms] [WARNING] [cloud-relay-host] background poll skipped SyntaxError: Unexpected token '<', "<!DOCTYPE "... is not valid JSON @ http://localhost:3000/static/js/bundle.js:176
[80811488ms] [ERROR] Failed to load resource: the server responded with a status of 404 (Not Found) @ http://localhost:3000/api/cloud-relay-host/tasks/process:0
[80811489ms] [WARNING] [cloud-relay-host] background poll skipped SyntaxError: Unexpected token '<', "<!DOCTYPE "... is not valid JSON @ http://localhost:3000/static/js/bundle.js:176
[80871172ms] [ERROR] Failed to load resource: the server responded with a status of 404 (Not Found) @ http://localhost:3000/api/cloud-relay-host/tasks/process:0
[80871173ms] [WARNING] [cloud-relay-host] background poll skipped SyntaxError: Unexpected token '<', "<!DOCTYPE "... is not valid JSON @ http://localhost:3000/static/js/bundle.js:176
[80931690ms] [ERROR] Failed to load resource: the server responded with a status of 404 (Not Found) @ http://localhost:3000/api/cloud-relay-host/tasks/process:0
[80931694ms] [WARNING] [cloud-relay-host] background poll skipped SyntaxError: Unexpected token '<', "<!DOCTYPE "... is not valid JSON @ http://localhost:3000/static/js/bundle.js:176
[80991169ms] [ERROR] Failed to load resource: the server responded with a status of 404 (Not Found) @ http://localhost:3000/api/cloud-relay-host/tasks/process:0
[80991169ms] [WARNING] [cloud-relay-host] background poll skipped SyntaxError: Unexpected token '<', "<!DOCTYPE "... is not valid JSON @ http://localhost:3000/static/js/bundle.js:176
[81051576ms] [ERROR] Failed to load resource: the server responded with a status of 404 (Not Found) @ http://localhost:3000/api/cloud-relay-host/tasks/process:0
[81051581ms] [WARNING] [cloud-relay-host] background poll skipped SyntaxError: Unexpected token '<', "<!DOCTYPE "... is not valid JSON @ http://localhost:3000/static/js/bundle.js:176
[81111163ms] [ERROR] Failed to load resource: the server responded with a status of 404 (Not Found) @ http://localhost:3000/api/cloud-relay-host/tasks/process:0
[81111163ms] [WARNING] [cloud-relay-host] background poll skipped SyntaxError: Unexpected token '<', "<!DOCTYPE "... is not valid JSON @ http://localhost:3000/static/js/bundle.js:176
[81171569ms] [ERROR] Failed to load resource: the server responded with a status of 404 (Not Found) @ http://localhost:3000/api/cloud-relay-host/tasks/process:0
[81171571ms] [WARNING] [cloud-relay-host] background poll skipped SyntaxError: Unexpected token '<', "<!DOCTYPE "... is not valid JSON @ http://localhost:3000/static/js/bundle.js:176
[81231172ms] [ERROR] Failed to load resource: the server responded with a status of 404 (Not Found) @ http://localhost:3000/api/cloud-relay-host/tasks/process:0
[81231172ms] [WARNING] [cloud-relay-host] background poll skipped SyntaxError: Unexpected token '<', "<!DOCTYPE "... is not valid JSON @ http://localhost:3000/static/js/bundle.js:176
[81291553ms] [ERROR] Failed to load resource: the server responded with a status of 404 (Not Found) @ http://localhost:3000/api/cloud-relay-host/tasks/process:0
[81291555ms] [WARNING] [cloud-relay-host] background poll skipped SyntaxError: Unexpected token '<', "<!DOCTYPE "... is not valid JSON @ http://localhost:3000/static/js/bundle.js:176
[81351488ms] [ERROR] Failed to load resource: the server responded with a status of 404 (Not Found) @ http://localhost:3000/api/cloud-relay-host/tasks/process:0
[81351491ms] [WARNING] [cloud-relay-host] background poll skipped SyntaxError: Unexpected token '<', "<!DOCTYPE "... is not valid JSON @ http://localhost:3000/static/js/bundle.js:176
[81411528ms] [ERROR] Failed to load resource: the server responded with a status of 404 (Not Found) @ http://localhost:3000/api/cloud-relay-host/tasks/process:0
[81411530ms] [WARNING] [cloud-relay-host] background poll skipped SyntaxError: Unexpected token '<', "<!DOCTYPE "... is not valid JSON @ http://localhost:3000/static/js/bundle.js:176
[81471182ms] [ERROR] Failed to load resource: the server responded with a status of 404 (Not Found) @ http://localhost:3000/api/cloud-relay-host/tasks/process:0
[81471183ms] [WARNING] [cloud-relay-host] background poll skipped SyntaxError: Unexpected token '<', "<!DOCTYPE "... is not valid JSON @ http://localhost:3000/static/js/bundle.js:176
[81531478ms] [ERROR] Failed to load resource: the server responded with a status of 404 (Not Found) @ http://localhost:3000/api/cloud-relay-host/tasks/process:0
[81531479ms] [WARNING] [cloud-relay-host] background poll skipped SyntaxError: Unexpected token '<', "<!DOCTYPE "... is not valid JSON @ http://localhost:3000/static/js/bundle.js:176
[81591177ms] [ERROR] Failed to load resource: the server responded with a status of 404 (Not Found) @ http://localhost:3000/api/cloud-relay-host/tasks/process:0
[81591177ms] [WARNING] [cloud-relay-host] background poll skipped SyntaxError: Unexpected token '<', "<!DOCTYPE "... is not valid JSON @ http://localhost:3000/static/js/bundle.js:176
[81651477ms] [ERROR] Failed to load resource: the server responded with a status of 404 (Not Found) @ http://localhost:3000/api/cloud-relay-host/tasks/process:0
[81651478ms] [WARNING] [cloud-relay-host] background poll skipped SyntaxError: Unexpected token '<', "<!DOCTYPE "... is not valid JSON @ http://localhost:3000/static/js/bundle.js:176
[81711175ms] [ERROR] Failed to load resource: the server responded with a status of 404 (Not Found) @ http://localhost:3000/api/cloud-relay-host/tasks/process:0
[81711175ms] [WARNING] [cloud-relay-host] background poll skipped SyntaxError: Unexpected token '<', "<!DOCTYPE "... is not valid JSON @ http://localhost:3000/static/js/bundle.js:176
[81771500ms] [ERROR] Failed to load resource: the server responded with a status of 404 (Not Found) @ http://localhost:3000/api/cloud-relay-host/tasks/process:0
[81771501ms] [WARNING] [cloud-relay-host] background poll skipped SyntaxError: Unexpected token '<', "<!DOCTYPE "... is not valid JSON @ http://localhost:3000/static/js/bundle.js:176
[81831342ms] [ERROR] Failed to load resource: the server responded with a status of 404 (Not Found) @ http://localhost:3000/api/cloud-relay-host/tasks/process:0
[81831349ms] [WARNING] [cloud-relay-host] background poll skipped SyntaxError: Unexpected token '<', "<!DOCTYPE "... is not valid JSON @ http://localhost:3000/static/js/bundle.js:176
[81891496ms] [ERROR] Failed to load resource: the server responded with a status of 404 (Not Found) @ http://localhost:3000/api/cloud-relay-host/tasks/process:0
[81891496ms] [WARNING] [cloud-relay-host] background poll skipped SyntaxError: Unexpected token '<', "<!DOCTYPE "... is not valid JSON @ http://localhost:3000/static/js/bundle.js:176
[81951232ms] [ERROR] Failed to load resource: the server responded with a status of 404 (Not Found) @ http://localhost:3000/api/cloud-relay-host/tasks/process:0
[81951236ms] [WARNING] [cloud-relay-host] background poll skipped SyntaxError: Unexpected token '<', "<!DOCTYPE "... is not valid JSON @ http://localhost:3000/static/js/bundle.js:176
[82011502ms] [ERROR] Failed to load resource: the server responded with a status of 404 (Not Found) @ http://localhost:3000/api/cloud-relay-host/tasks/process:0
[82011502ms] [WARNING] [cloud-relay-host] background poll skipped SyntaxError: Unexpected token '<', "<!DOCTYPE "... is not valid JSON @ http://localhost:3000/static/js/bundle.js:176
[82071231ms] [ERROR] Failed to load resource: the server responded with a status of 404 (Not Found) @ http://localhost:3000/api/cloud-relay-host/tasks/process:0
[82071234ms] [WARNING] [cloud-relay-host] background poll skipped SyntaxError: Unexpected token '<', "<!DOCTYPE "... is not valid JSON @ http://localhost:3000/static/js/bundle.js:176
[82131486ms] [ERROR] Failed to load resource: the server responded with a status of 404 (Not Found) @ http://localhost:3000/api/cloud-relay-host/tasks/process:0
[82131487ms] [WARNING] [cloud-relay-host] background poll skipped SyntaxError: Unexpected token '<', "<!DOCTYPE "... is not valid JSON @ http://localhost:3000/static/js/bundle.js:176
[82191226ms] [ERROR] Failed to load resource: the server responded with a status of 404 (Not Found) @ http://localhost:3000/api/cloud-relay-host/tasks/process:0
[82191228ms] [WARNING] [cloud-relay-host] background poll skipped SyntaxError: Unexpected token '<', "<!DOCTYPE "... is not valid JSON @ http://localhost:3000/static/js/bundle.js:176
[82251496ms] [ERROR] Failed to load resource: the server responded with a status of 404 (Not Found) @ http://localhost:3000/api/cloud-relay-host/tasks/process:0
[82251496ms] [WARNING] [cloud-relay-host] background poll skipped SyntaxError: Unexpected token '<', "<!DOCTYPE "... is not valid JSON @ http://localhost:3000/static/js/bundle.js:176
[82311235ms] [ERROR] Failed to load resource: the server responded with a status of 404 (Not Found) @ http://localhost:3000/api/cloud-relay-host/tasks/process:0
[82311236ms] [WARNING] [cloud-relay-host] background poll skipped SyntaxError: Unexpected token '<', "<!DOCTYPE "... is not valid JSON @ http://localhost:3000/static/js/bundle.js:176
[82371493ms] [ERROR] Failed to load resource: the server responded with a status of 404 (Not Found) @ http://localhost:3000/api/cloud-relay-host/tasks/process:0
[82371494ms] [WARNING] [cloud-relay-host] background poll skipped SyntaxError: Unexpected token '<', "<!DOCTYPE "... is not valid JSON @ http://localhost:3000/static/js/bundle.js:176
[82431243ms] [ERROR] Failed to load resource: the server responded with a status of 404 (Not Found) @ http://localhost:3000/api/cloud-relay-host/tasks/process:0
[82431246ms] [WARNING] [cloud-relay-host] background poll skipped SyntaxError: Unexpected token '<', "<!DOCTYPE "... is not valid JSON @ http://localhost:3000/static/js/bundle.js:176
[82491502ms] [ERROR] Failed to load resource: the server responded with a status of 404 (Not Found) @ http://localhost:3000/api/cloud-relay-host/tasks/process:0
[82491503ms] [WARNING] [cloud-relay-host] background poll skipped SyntaxError: Unexpected token '<', "<!DOCTYPE "... is not valid JSON @ http://localhost:3000/static/js/bundle.js:176
[82551237ms] [ERROR] Failed to load resource: the server responded with a status of 404 (Not Found) @ http://localhost:3000/api/cloud-relay-host/tasks/process:0
[82551240ms] [WARNING] [cloud-relay-host] background poll skipped SyntaxError: Unexpected token '<', "<!DOCTYPE "... is not valid JSON @ http://localhost:3000/static/js/bundle.js:176
[82611506ms] [ERROR] Failed to load resource: the server responded with a status of 404 (Not Found) @ http://localhost:3000/api/cloud-relay-host/tasks/process:0
[82611506ms] [WARNING] [cloud-relay-host] background poll skipped SyntaxError: Unexpected token '<', "<!DOCTYPE "... is not valid JSON @ http://localhost:3000/static/js/bundle.js:176
[82671249ms] [ERROR] Failed to load resource: the server responded with a status of 404 (Not Found) @ http://localhost:3000/api/cloud-relay-host/tasks/process:0
[82671254ms] [WARNING] [cloud-relay-host] background poll skipped SyntaxError: Unexpected token '<', "<!DOCTYPE "... is not valid JSON @ http://localhost:3000/static/js/bundle.js:176
[82731557ms] [ERROR] Failed to load resource: the server responded with a status of 404 (Not Found) @ http://localhost:3000/api/cloud-relay-host/tasks/process:0
[82731559ms] [WARNING] [cloud-relay-host] background poll skipped SyntaxError: Unexpected token '<', "<!DOCTYPE "... is not valid JSON @ http://localhost:3000/static/js/bundle.js:176
[82791192ms] [ERROR] Failed to load resource: the server responded with a status of 404 (Not Found) @ http://localhost:3000/api/cloud-relay-host/tasks/process:0
[82791192ms] [WARNING] [cloud-relay-host] background poll skipped SyntaxError: Unexpected token '<', "<!DOCTYPE "... is not valid JSON @ http://localhost:3000/static/js/bundle.js:176
[82851569ms] [ERROR] Failed to load resource: the server responded with a status of 404 (Not Found) @ http://localhost:3000/api/cloud-relay-host/tasks/process:0
[82851571ms] [WARNING] [cloud-relay-host] background poll skipped SyntaxError: Unexpected token '<', "<!DOCTYPE "... is not valid JSON @ http://localhost:3000/static/js/bundle.js:176
[82911204ms] [ERROR] Failed to load resource: the server responded with a status of 404 (Not Found) @ http://localhost:3000/api/cloud-relay-host/tasks/process:0
[82911205ms] [WARNING] [cloud-relay-host] background poll skipped SyntaxError: Unexpected token '<', "<!DOCTYPE "... is not valid JSON @ http://localhost:3000/static/js/bundle.js:176
[82971574ms] [ERROR] Failed to load resource: the server responded with a status of 404 (Not Found) @ http://localhost:3000/api/cloud-relay-host/tasks/process:0
[82971577ms] [WARNING] [cloud-relay-host] background poll skipped SyntaxError: Unexpected token '<', "<!DOCTYPE "... is not valid JSON @ http://localhost:3000/static/js/bundle.js:176
[83031199ms] [ERROR] Failed to load resource: the server responded with a status of 404 (Not Found) @ http://localhost:3000/api/cloud-relay-host/tasks/process:0
[83031200ms] [WARNING] [cloud-relay-host] background poll skipped SyntaxError: Unexpected token '<', "<!DOCTYPE "... is not valid JSON @ http://localhost:3000/static/js/bundle.js:176
[83091641ms] [ERROR] Failed to load resource: the server responded with a status of 404 (Not Found) @ http://localhost:3000/api/cloud-relay-host/tasks/process:0
[83091643ms] [WARNING] [cloud-relay-host] background poll skipped SyntaxError: Unexpected token '<', "<!DOCTYPE "... is not valid JSON @ http://localhost:3000/static/js/bundle.js:176
[83151208ms] [ERROR] Failed to load resource: the server responded with a status of 404 (Not Found) @ http://localhost:3000/api/cloud-relay-host/tasks/process:0
[83151208ms] [WARNING] [cloud-relay-host] background poll skipped SyntaxError: Unexpected token '<', "<!DOCTYPE "... is not valid JSON @ http://localhost:3000/static/js/bundle.js:176
[83211578ms] [ERROR] Failed to load resource: the server responded with a status of 404 (Not Found) @ http://localhost:3000/api/cloud-relay-host/tasks/process:0
[83211579ms] [WARNING] [cloud-relay-host] background poll skipped SyntaxError: Unexpected token '<', "<!DOCTYPE "... is not valid JSON @ http://localhost:3000/static/js/bundle.js:176
[83271289ms] [ERROR] Failed to load resource: the server responded with a status of 404 (Not Found) @ http://localhost:3000/api/cloud-relay-host/tasks/process:0
[83271291ms] [WARNING] [cloud-relay-host] background poll skipped SyntaxError: Unexpected token '<', "<!DOCTYPE "... is not valid JSON @ http://localhost:3000/static/js/bundle.js:176
[83331513ms] [ERROR] Failed to load resource: the server responded with a status of 404 (Not Found) @ http://localhost:3000/api/cloud-relay-host/tasks/process:0
[83331513ms] [WARNING] [cloud-relay-host] background poll skipped SyntaxError: Unexpected token '<', "<!DOCTYPE "... is not valid JSON @ http://localhost:3000/static/js/bundle.js:176
[83391286ms] [ERROR] Failed to load resource: the server responded with a status of 404 (Not Found) @ http://localhost:3000/api/cloud-relay-host/tasks/process:0
[83391296ms] [WARNING] [cloud-relay-host] background poll skipped SyntaxError: Unexpected token '<', "<!DOCTYPE "... is not valid JSON @ http://localhost:3000/static/js/bundle.js:176
[83451522ms] [ERROR] Failed to load resource: the server responded with a status of 404 (Not Found) @ http://localhost:3000/api/cloud-relay-host/tasks/process:0
[83451523ms] [WARNING] [cloud-relay-host] background poll skipped SyntaxError: Unexpected token '<', "<!DOCTYPE "... is not valid JSON @ http://localhost:3000/static/js/bundle.js:176
[83511333ms] [ERROR] Failed to load resource: the server responded with a status of 404 (Not Found) @ http://localhost:3000/api/cloud-relay-host/tasks/process:0
[83511337ms] [WARNING] [cloud-relay-host] background poll skipped SyntaxError: Unexpected token '<', "<!DOCTYPE "... is not valid JSON @ http://localhost:3000/static/js/bundle.js:176
[83571514ms] [ERROR] Failed to load resource: the server responded with a status of 404 (Not Found) @ http://localhost:3000/api/cloud-relay-host/tasks/process:0
[83571515ms] [WARNING] [cloud-relay-host] background poll skipped SyntaxError: Unexpected token '<', "<!DOCTYPE "... is not valid JSON @ http://localhost:3000/static/js/bundle.js:176
[83631260ms] [ERROR] Failed to load resource: the server responded with a status of 404 (Not Found) @ http://localhost:3000/api/cloud-relay-host/tasks/process:0
[83631267ms] [WARNING] [cloud-relay-host] background poll skipped SyntaxError: Unexpected token '<', "<!DOCTYPE "... is not valid JSON @ http://localhost:3000/static/js/bundle.js:176
[83691518ms] [ERROR] Failed to load resource: the server responded with a status of 404 (Not Found) @ http://localhost:3000/api/cloud-relay-host/tasks/process:0
[83691519ms] [WARNING] [cloud-relay-host] background poll skipped SyntaxError: Unexpected token '<', "<!DOCTYPE "... is not valid JSON @ http://localhost:3000/static/js/bundle.js:176
[83751259ms] [ERROR] Failed to load resource: the server responded with a status of 404 (Not Found) @ http://localhost:3000/api/cloud-relay-host/tasks/process:0
[83751260ms] [WARNING] [cloud-relay-host] background poll skipped SyntaxError: Unexpected token '<', "<!DOCTYPE "... is not valid JSON @ http://localhost:3000/static/js/bundle.js:176
[83811526ms] [ERROR] Failed to load resource: the server responded with a status of 404 (Not Found) @ http://localhost:3000/api/cloud-relay-host/tasks/process:0
[83811527ms] [WARNING] [cloud-relay-host] background poll skipped SyntaxError: Unexpected token '<', "<!DOCTYPE "... is not valid JSON @ http://localhost:3000/static/js/bundle.js:176
[83871270ms] [ERROR] Failed to load resource: the server responded with a status of 404 (Not Found) @ http://localhost:3000/api/cloud-relay-host/tasks/process:0
[83871272ms] [WARNING] [cloud-relay-host] background poll skipped SyntaxError: Unexpected token '<', "<!DOCTYPE "... is not valid JSON @ http://localhost:3000/static/js/bundle.js:176
[83931523ms] [ERROR] Failed to load resource: the server responded with a status of 404 (Not Found) @ http://localhost:3000/api/cloud-relay-host/tasks/process:0
[83931523ms] [WARNING] [cloud-relay-host] background poll skipped SyntaxError: Unexpected token '<', "<!DOCTYPE "... is not valid JSON @ http://localhost:3000/static/js/bundle.js:176
[83991286ms] [ERROR] Failed to load resource: the server responded with a status of 404 (Not Found) @ http://localhost:3000/api/cloud-relay-host/tasks/process:0
[83991288ms] [WARNING] [cloud-relay-host] background poll skipped SyntaxError: Unexpected token '<', "<!DOCTYPE "... is not valid JSON @ http://localhost:3000/static/js/bundle.js:176
[84051617ms] [ERROR] Failed to load resource: the server responded with a status of 404 (Not Found) @ http://localhost:3000/api/cloud-relay-host/tasks/process:0
[84051623ms] [WARNING] [cloud-relay-host] background poll skipped SyntaxError: Unexpected token '<', "<!DOCTYPE "... is not valid JSON @ http://localhost:3000/static/js/bundle.js:176
[84111518ms] [ERROR] Failed to load resource: the server responded with a status of 404 (Not Found) @ http://localhost:3000/api/cloud-relay-host/tasks/process:0
[84111518ms] [WARNING] [cloud-relay-host] background poll skipped SyntaxError: Unexpected token '<', "<!DOCTYPE "... is not valid JSON @ http://localhost:3000/static/js/bundle.js:176
[84171217ms] [ERROR] Failed to load resource: the server responded with a status of 404 (Not Found) @ http://localhost:3000/api/cloud-relay-host/tasks/process:0
[84171217ms] [WARNING] [cloud-relay-host] background poll skipped SyntaxError: Unexpected token '<', "<!DOCTYPE "... is not valid JSON @ http://localhost:3000/static/js/bundle.js:176
[84231581ms] [ERROR] Failed to load resource: the server responded with a status of 404 (Not Found) @ http://localhost:3000/api/cloud-relay-host/tasks/process:0
[84231583ms] [WARNING] [cloud-relay-host] background poll skipped SyntaxError: Unexpected token '<', "<!DOCTYPE "... is not valid JSON @ http://localhost:3000/static/js/bundle.js:176
[84291288ms] [ERROR] Failed to load resource: the server responded with a status of 404 (Not Found) @ http://localhost:3000/api/cloud-relay-host/tasks/process:0
[84291295ms] [WARNING] [cloud-relay-host] background poll skipped SyntaxError: Unexpected token '<', "<!DOCTYPE "... is not valid JSON @ http://localhost:3000/static/js/bundle.js:176
[84351531ms] [ERROR] Failed to load resource: the server responded with a status of 404 (Not Found) @ http://localhost:3000/api/cloud-relay-host/tasks/process:0
[84351532ms] [WARNING] [cloud-relay-host] background poll skipped SyntaxError: Unexpected token '<', "<!DOCTYPE "... is not valid JSON @ http://localhost:3000/static/js/bundle.js:176
[84411225ms] [ERROR] Failed to load resource: the server responded with a status of 404 (Not Found) @ http://localhost:3000/api/cloud-relay-host/tasks/process:0
[84411226ms] [WARNING] [cloud-relay-host] background poll skipped SyntaxError: Unexpected token '<', "<!DOCTYPE "... is not valid JSON @ http://localhost:3000/static/js/bundle.js:176
[84471590ms] [ERROR] Failed to load resource: the server responded with a status of 404 (Not Found) @ http://localhost:3000/api/cloud-relay-host/tasks/process:0
[84471591ms] [WARNING] [cloud-relay-host] background poll skipped SyntaxError: Unexpected token '<', "<!DOCTYPE "... is not valid JSON @ http://localhost:3000/static/js/bundle.js:176
[84531221ms] [ERROR] Failed to load resource: the server responded with a status of 404 (Not Found) @ http://localhost:3000/api/cloud-relay-host/tasks/process:0
[84531222ms] [WARNING] [cloud-relay-host] background poll skipped SyntaxError: Unexpected token '<', "<!DOCTYPE "... is not valid JSON @ http://localhost:3000/static/js/bundle.js:176
[84591582ms] [ERROR] Failed to load resource: the server responded with a status of 404 (Not Found) @ http://localhost:3000/api/cloud-relay-host/tasks/process:0
[84591584ms] [WARNING] [cloud-relay-host] background poll skipped SyntaxError: Unexpected token '<', "<!DOCTYPE "... is not valid JSON @ http://localhost:3000/static/js/bundle.js:176
[84651301ms] [ERROR] Failed to load resource: the server responded with a status of 404 (Not Found) @ http://localhost:3000/api/cloud-relay-host/tasks/process:0
[84651312ms] [WARNING] [cloud-relay-host] background poll skipped SyntaxError: Unexpected token '<', "<!DOCTYPE "... is not valid JSON @ http://localhost:3000/static/js/bundle.js:176
[84711556ms] [ERROR] Failed to load resource: the server responded with a status of 404 (Not Found) @ http://localhost:3000/api/cloud-relay-host/tasks/process:0
[84711556ms] [WARNING] [cloud-relay-host] background poll skipped SyntaxError: Unexpected token '<', "<!DOCTYPE "... is not valid JSON @ http://localhost:3000/static/js/bundle.js:176
[84771332ms] [ERROR] Failed to load resource: the server responded with a status of 404 (Not Found) @ http://localhost:3000/api/cloud-relay-host/tasks/process:0
[84771334ms] [WARNING] [cloud-relay-host] background poll skipped SyntaxError: Unexpected token '<', "<!DOCTYPE "... is not valid JSON @ http://localhost:3000/static/js/bundle.js:176
[84831530ms] [ERROR] Failed to load resource: the server responded with a status of 404 (Not Found) @ http://localhost:3000/api/cloud-relay-host/tasks/process:0
[84831530ms] [WARNING] [cloud-relay-host] background poll skipped SyntaxError: Unexpected token '<', "<!DOCTYPE "... is not valid JSON @ http://localhost:3000/static/js/bundle.js:176
[84891341ms] [ERROR] Failed to load resource: the server responded with a status of 404 (Not Found) @ http://localhost:3000/api/cloud-relay-host/tasks/process:0
[84891344ms] [WARNING] [cloud-relay-host] background poll skipped SyntaxError: Unexpected token '<', "<!DOCTYPE "... is not valid JSON @ http://localhost:3000/static/js/bundle.js:176
[84951564ms] [ERROR] Failed to load resource: the server responded with a status of 404 (Not Found) @ http://localhost:3000/api/cloud-relay-host/tasks/process:0
[84951565ms] [WARNING] [cloud-relay-host] background poll skipped SyntaxError: Unexpected token '<', "<!DOCTYPE "... is not valid JSON @ http://localhost:3000/static/js/bundle.js:176
[85011240ms] [ERROR] Failed to load resource: the server responded with a status of 404 (Not Found) @ http://localhost:3000/api/cloud-relay-host/tasks/process:0
[85011240ms] [WARNING] [cloud-relay-host] background poll skipped SyntaxError: Unexpected token '<', "<!DOCTYPE "... is not valid JSON @ http://localhost:3000/static/js/bundle.js:176
[85071307ms] [ERROR] Failed to load resource: the server responded with a status of 404 (Not Found) @ http://localhost:3000/api/cloud-relay-host/tasks/process:0
[85071309ms] [WARNING] [cloud-relay-host] background poll skipped SyntaxError: Unexpected token '<', "<!DOCTYPE "... is not valid JSON @ http://localhost:3000/static/js/bundle.js:176
[85131555ms] [ERROR] Failed to load resource: the server responded with a status of 404 (Not Found) @ http://localhost:3000/api/cloud-relay-host/tasks/process:0
[85131556ms] [WARNING] [cloud-relay-host] background poll skipped SyntaxError: Unexpected token '<', "<!DOCTYPE "... is not valid JSON @ http://localhost:3000/static/js/bundle.js:176
[85191282ms] [ERROR] Failed to load resource: the server responded with a status of 404 (Not Found) @ http://localhost:3000/api/cloud-relay-host/tasks/process:0
[85191290ms] [WARNING] [cloud-relay-host] background poll skipped SyntaxError: Unexpected token '<', "<!DOCTYPE "... is not valid JSON @ http://localhost:3000/static/js/bundle.js:176
[85251547ms] [ERROR] Failed to load resource: the server responded with a status of 404 (Not Found) @ http://localhost:3000/api/cloud-relay-host/tasks/process:0
[85251547ms] [WARNING] [cloud-relay-host] background poll skipped SyntaxError: Unexpected token '<', "<!DOCTYPE "... is not valid JSON @ http://localhost:3000/static/js/bundle.js:176
[85311307ms] [ERROR] Failed to load resource: the server responded with a status of 404 (Not Found) @ http://localhost:3000/api/cloud-relay-host/tasks/process:0
[85311310ms] [WARNING] [cloud-relay-host] background poll skipped SyntaxError: Unexpected token '<', "<!DOCTYPE "... is not valid JSON @ http://localhost:3000/static/js/bundle.js:176
[85371557ms] [ERROR] Failed to load resource: the server responded with a status of 404 (Not Found) @ http://localhost:3000/api/cloud-relay-host/tasks/process:0
[85371558ms] [WARNING] [cloud-relay-host] background poll skipped SyntaxError: Unexpected token '<', "<!DOCTYPE "... is not valid JSON @ http://localhost:3000/static/js/bundle.js:176
[85431245ms] [ERROR] Failed to load resource: the server responded with a status of 404 (Not Found) @ http://localhost:3000/api/cloud-relay-host/tasks/process:0
[85431246ms] [WARNING] [cloud-relay-host] background poll skipped SyntaxError: Unexpected token '<', "<!DOCTYPE "... is not valid JSON @ http://localhost:3000/static/js/bundle.js:176
[85491565ms] [ERROR] Failed to load resource: the server responded with a status of 404 (Not Found) @ http://localhost:3000/api/cloud-relay-host/tasks/process:0
[85491565ms] [WARNING] [cloud-relay-host] background poll skipped SyntaxError: Unexpected token '<', "<!DOCTYPE "... is not valid JSON @ http://localhost:3000/static/js/bundle.js:176
[85551254ms] [ERROR] Failed to load resource: the server responded with a status of 404 (Not Found) @ http://localhost:3000/api/cloud-relay-host/tasks/process:0
[85551255ms] [WARNING] [cloud-relay-host] background poll skipped SyntaxError: Unexpected token '<', "<!DOCTYPE "... is not valid JSON @ http://localhost:3000/static/js/bundle.js:176
[85611574ms] [ERROR] Failed to load resource: the server responded with a status of 404 (Not Found) @ http://localhost:3000/api/cloud-relay-host/tasks/process:0
[85611575ms] [WARNING] [cloud-relay-host] background poll skipped SyntaxError: Unexpected token '<', "<!DOCTYPE "... is not valid JSON @ http://localhost:3000/static/js/bundle.js:176
[85671302ms] [ERROR] Failed to load resource: the server responded with a status of 404 (Not Found) @ http://localhost:3000/api/cloud-relay-host/tasks/process:0
[85671307ms] [WARNING] [cloud-relay-host] background poll skipped SyntaxError: Unexpected token '<', "<!DOCTYPE "... is not valid JSON @ http://localhost:3000/static/js/bundle.js:176
[85731565ms] [ERROR] Failed to load resource: the server responded with a status of 404 (Not Found) @ http://localhost:3000/api/cloud-relay-host/tasks/process:0
[85731565ms] [WARNING] [cloud-relay-host] background poll skipped SyntaxError: Unexpected token '<', "<!DOCTYPE "... is not valid JSON @ http://localhost:3000/static/js/bundle.js:176
[85791249ms] [ERROR] Failed to load resource: the server responded with a status of 404 (Not Found) @ http://localhost:3000/api/cloud-relay-host/tasks/process:0
[85791250ms] [WARNING] [cloud-relay-host] background poll skipped SyntaxError: Unexpected token '<', "<!DOCTYPE "... is not valid JSON @ http://localhost:3000/static/js/bundle.js:176
[85851601ms] [ERROR] Failed to load resource: the server responded with a status of 404 (Not Found) @ http://localhost:3000/api/cloud-relay-host/tasks/process:0
[85851602ms] [WARNING] [cloud-relay-host] background poll skipped SyntaxError: Unexpected token '<', "<!DOCTYPE "... is not valid JSON @ http://localhost:3000/static/js/bundle.js:176
[85911253ms] [ERROR] Failed to load resource: the server responded with a status of 404 (Not Found) @ http://localhost:3000/api/cloud-relay-host/tasks/process:0
[85911253ms] [WARNING] [cloud-relay-host] background poll skipped SyntaxError: Unexpected token '<', "<!DOCTYPE "... is not valid JSON @ http://localhost:3000/static/js/bundle.js:176
[85971605ms] [ERROR] Failed to load resource: the server responded with a status of 404 (Not Found) @ http://localhost:3000/api/cloud-relay-host/tasks/process:0
[85971608ms] [WARNING] [cloud-relay-host] background poll skipped SyntaxError: Unexpected token '<', "<!DOCTYPE "... is not valid JSON @ http://localhost:3000/static/js/bundle.js:176
[86031260ms] [ERROR] Failed to load resource: the server responded with a status of 404 (Not Found) @ http://localhost:3000/api/cloud-relay-host/tasks/process:0
[86031261ms] [WARNING] [cloud-relay-host] background poll skipped SyntaxError: Unexpected token '<', "<!DOCTYPE "... is not valid JSON @ http://localhost:3000/static/js/bundle.js:176
[86091662ms] [ERROR] Failed to load resource: the server responded with a status of 404 (Not Found) @ http://localhost:3000/api/cloud-relay-host/tasks/process:0
[86091664ms] [WARNING] [cloud-relay-host] background poll skipped SyntaxError: Unexpected token '<', "<!DOCTYPE "... is not valid JSON @ http://localhost:3000/static/js/bundle.js:176
[86151312ms] [ERROR] Failed to load resource: the server responded with a status of 404 (Not Found) @ http://localhost:3000/api/cloud-relay-host/tasks/process:0
[86151315ms] [WARNING] [cloud-relay-host] background poll skipped SyntaxError: Unexpected token '<', "<!DOCTYPE "... is not valid JSON @ http://localhost:3000/static/js/bundle.js:176
[86211582ms] [ERROR] Failed to load resource: the server responded with a status of 404 (Not Found) @ http://localhost:3000/api/cloud-relay-host/tasks/process:0
[86211583ms] [WARNING] [cloud-relay-host] background poll skipped SyntaxError: Unexpected token '<', "<!DOCTYPE "... is not valid JSON @ http://localhost:3000/static/js/bundle.js:176
[86271311ms] [ERROR] Failed to load resource: the server responded with a status of 404 (Not Found) @ http://localhost:3000/api/cloud-relay-host/tasks/process:0
[86271314ms] [WARNING] [cloud-relay-host] background poll skipped SyntaxError: Unexpected token '<', "<!DOCTYPE "... is not valid JSON @ http://localhost:3000/static/js/bundle.js:176
[86331566ms] [ERROR] Failed to load resource: the server responded with a status of 404 (Not Found) @ http://localhost:3000/api/cloud-relay-host/tasks/process:0
[86331567ms] [WARNING] [cloud-relay-host] background poll skipped SyntaxError: Unexpected token '<', "<!DOCTYPE "... is not valid JSON @ http://localhost:3000/static/js/bundle.js:176
[86391261ms] [ERROR] Failed to load resource: the server responded with a status of 404 (Not Found) @ http://localhost:3000/api/cloud-relay-host/tasks/process:0
[86391262ms] [WARNING] [cloud-relay-host] background poll skipped SyntaxError: Unexpected token '<', "<!DOCTYPE "... is not valid JSON @ http://localhost:3000/static/js/bundle.js:176
[86451601ms] [ERROR] Failed to load resource: the server responded with a status of 404 (Not Found) @ http://localhost:3000/api/cloud-relay-host/tasks/process:0
[86451602ms] [WARNING] [cloud-relay-host] background poll skipped SyntaxError: Unexpected token '<', "<!DOCTYPE "... is not valid JSON @ http://localhost:3000/static/js/bundle.js:176
[86511265ms] [ERROR] Failed to load resource: the server responded with a status of 404 (Not Found) @ http://localhost:3000/api/cloud-relay-host/tasks/process:0
[86511266ms] [WARNING] [cloud-relay-host] background poll skipped SyntaxError: Unexpected token '<', "<!DOCTYPE "... is not valid JSON @ http://localhost:3000/static/js/bundle.js:176
[86571570ms] [ERROR] Failed to load resource: the server responded with a status of 404 (Not Found) @ http://localhost:3000/api/cloud-relay-host/tasks/process:0
[86571570ms] [WARNING] [cloud-relay-host] background poll skipped SyntaxError: Unexpected token '<', "<!DOCTYPE "... is not valid JSON @ http://localhost:3000/static/js/bundle.js:176
[86631268ms] [ERROR] Failed to load resource: the server responded with a status of 404 (Not Found) @ http://localhost:3000/api/cloud-relay-host/tasks/process:0
[86631269ms] [WARNING] [cloud-relay-host] background poll skipped SyntaxError: Unexpected token '<', "<!DOCTYPE "... is not valid JSON @ http://localhost:3000/static/js/bundle.js:176
[86691664ms] [ERROR] Failed to load resource: the server responded with a status of 404 (Not Found) @ http://localhost:3000/api/cloud-relay-host/tasks/process:0
[86691667ms] [WARNING] [cloud-relay-host] background poll skipped SyntaxError: Unexpected token '<', "<!DOCTYPE "... is not valid JSON @ http://localhost:3000/static/js/bundle.js:176
[86751268ms] [ERROR] Failed to load resource: the server responded with a status of 404 (Not Found) @ http://localhost:3000/api/cloud-relay-host/tasks/process:0
[86751268ms] [WARNING] [cloud-relay-host] background poll skipped SyntaxError: Unexpected token '<', "<!DOCTYPE "... is not valid JSON @ http://localhost:3000/static/js/bundle.js:176
[86811626ms] [ERROR] Failed to load resource: the server responded with a status of 404 (Not Found) @ http://localhost:3000/api/cloud-relay-host/tasks/process:0
[86811629ms] [WARNING] [cloud-relay-host] background poll skipped SyntaxError: Unexpected token '<', "<!DOCTYPE "... is not valid JSON @ http://localhost:3000/static/js/bundle.js:176
[86871266ms] [ERROR] Failed to load resource: the server responded with a status of 404 (Not Found) @ http://localhost:3000/api/cloud-relay-host/tasks/process:0
[86871266ms] [WARNING] [cloud-relay-host] background poll skipped SyntaxError: Unexpected token '<', "<!DOCTYPE "... is not valid JSON @ http://localhost:3000/static/js/bundle.js:176
[86931659ms] [ERROR] Failed to load resource: the server responded with a status of 404 (Not Found) @ http://localhost:3000/api/cloud-relay-host/tasks/process:0
[86931661ms] [WARNING] [cloud-relay-host] background poll skipped SyntaxError: Unexpected token '<', "<!DOCTYPE "... is not valid JSON @ http://localhost:3000/static/js/bundle.js:176
[86991271ms] [ERROR] Failed to load resource: the server responded with a status of 404 (Not Found) @ http://localhost:3000/api/cloud-relay-host/tasks/process:0
[86991272ms] [WARNING] [cloud-relay-host] background poll skipped SyntaxError: Unexpected token '<', "<!DOCTYPE "... is not valid JSON @ http://localhost:3000/static/js/bundle.js:176
[87051639ms] [ERROR] Failed to load resource: the server responded with a status of 404 (Not Found) @ http://localhost:3000/api/cloud-relay-host/tasks/process:0
[87051641ms] [WARNING] [cloud-relay-host] background poll skipped SyntaxError: Unexpected token '<', "<!DOCTYPE "... is not valid JSON @ http://localhost:3000/static/js/bundle.js:176
[87111279ms] [ERROR] Failed to load resource: the server responded with a status of 404 (Not Found) @ http://localhost:3000/api/cloud-relay-host/tasks/process:0
[87111279ms] [WARNING] [cloud-relay-host] background poll skipped SyntaxError: Unexpected token '<', "<!DOCTYPE "... is not valid JSON @ http://localhost:3000/static/js/bundle.js:176
[87171620ms] [ERROR] Failed to load resource: the server responded with a status of 404 (Not Found) @ http://localhost:3000/api/cloud-relay-host/tasks/process:0
[87171622ms] [WARNING] [cloud-relay-host] background poll skipped SyntaxError: Unexpected token '<', "<!DOCTYPE "... is not valid JSON @ http://localhost:3000/static/js/bundle.js:176
[87231274ms] [ERROR] Failed to load resource: the server responded with a status of 404 (Not Found) @ http://localhost:3000/api/cloud-relay-host/tasks/process:0
[87231274ms] [WARNING] [cloud-relay-host] background poll skipped SyntaxError: Unexpected token '<', "<!DOCTYPE "... is not valid JSON @ http://localhost:3000/static/js/bundle.js:176
[87291655ms] [ERROR] Failed to load resource: the server responded with a status of 404 (Not Found) @ http://localhost:3000/api/cloud-relay-host/tasks/process:0
[87291659ms] [WARNING] [cloud-relay-host] background poll skipped SyntaxError: Unexpected token '<', "<!DOCTYPE "... is not valid JSON @ http://localhost:3000/static/js/bundle.js:176
[87351272ms] [ERROR] Failed to load resource: the server responded with a status of 404 (Not Found) @ http://localhost:3000/api/cloud-relay-host/tasks/process:0
[87351273ms] [WARNING] [cloud-relay-host] background poll skipped SyntaxError: Unexpected token '<', "<!DOCTYPE "... is not valid JSON @ http://localhost:3000/static/js/bundle.js:176
[87411642ms] [ERROR] Failed to load resource: the server responded with a status of 404 (Not Found) @ http://localhost:3000/api/cloud-relay-host/tasks/process:0
[87411645ms] [WARNING] [cloud-relay-host] background poll skipped SyntaxError: Unexpected token '<', "<!DOCTYPE "... is not valid JSON @ http://localhost:3000/static/js/bundle.js:176
[87471281ms] [ERROR] Failed to load resource: the server responded with a status of 404 (Not Found) @ http://localhost:3000/api/cloud-relay-host/tasks/process:0
[87471281ms] [WARNING] [cloud-relay-host] background poll skipped SyntaxError: Unexpected token '<', "<!DOCTYPE "... is not valid JSON @ http://localhost:3000/static/js/bundle.js:176
[87531595ms] [ERROR] Failed to load resource: the server responded with a status of 404 (Not Found) @ http://localhost:3000/api/cloud-relay-host/tasks/process:0
[87531595ms] [WARNING] [cloud-relay-host] background poll skipped SyntaxError: Unexpected token '<', "<!DOCTYPE "... is not valid JSON @ http://localhost:3000/static/js/bundle.js:176
[87591340ms] [ERROR] Failed to load resource: the server responded with a status of 404 (Not Found) @ http://localhost:3000/api/cloud-relay-host/tasks/process:0
[87591350ms] [WARNING] [cloud-relay-host] background poll skipped SyntaxError: Unexpected token '<', "<!DOCTYPE "... is not valid JSON @ http://localhost:3000/static/js/bundle.js:176
[87651598ms] [ERROR] Failed to load resource: the server responded with a status of 404 (Not Found) @ http://localhost:3000/api/cloud-relay-host/tasks/process:0
[87651599ms] [WARNING] [cloud-relay-host] background poll skipped SyntaxError: Unexpected token '<', "<!DOCTYPE "... is not valid JSON @ http://localhost:3000/static/js/bundle.js:176
[87711342ms] [ERROR] Failed to load resource: the server responded with a status of 404 (Not Found) @ http://localhost:3000/api/cloud-relay-host/tasks/process:0
[87711344ms] [WARNING] [cloud-relay-host] background poll skipped SyntaxError: Unexpected token '<', "<!DOCTYPE "... is not valid JSON @ http://localhost:3000/static/js/bundle.js:176
[87771698ms] [ERROR] Failed to load resource: the server responded with a status of 404 (Not Found) @ http://localhost:3000/api/cloud-relay-host/tasks/process:0
[87771699ms] [WARNING] [cloud-relay-host] background poll skipped SyntaxError: Unexpected token '<', "<!DOCTYPE "... is not valid JSON @ http://localhost:3000/static/js/bundle.js:176
[87831295ms] [ERROR] Failed to load resource: the server responded with a status of 404 (Not Found) @ http://localhost:3000/api/cloud-relay-host/tasks/process:0
[87831296ms] [WARNING] [cloud-relay-host] background poll skipped SyntaxError: Unexpected token '<', "<!DOCTYPE "... is not valid JSON @ http://localhost:3000/static/js/bundle.js:176
[87891607ms] [ERROR] Failed to load resource: the server responded with a status of 404 (Not Found) @ http://localhost:3000/api/cloud-relay-host/tasks/process:0
[87891607ms] [WARNING] [cloud-relay-host] background poll skipped SyntaxError: Unexpected token '<', "<!DOCTYPE "... is not valid JSON @ http://localhost:3000/static/js/bundle.js:176
[87951289ms] [ERROR] Failed to load resource: the server responded with a status of 404 (Not Found) @ http://localhost:3000/api/cloud-relay-host/tasks/process:0
[87951290ms] [WARNING] [cloud-relay-host] background poll skipped SyntaxError: Unexpected token '<', "<!DOCTYPE "... is not valid JSON @ http://localhost:3000/static/js/bundle.js:176
[88011612ms] [ERROR] Failed to load resource: the server responded with a status of 404 (Not Found) @ http://localhost:3000/api/cloud-relay-host/tasks/process:0
[88011613ms] [WARNING] [cloud-relay-host] background poll skipped SyntaxError: Unexpected token '<', "<!DOCTYPE "... is not valid JSON @ http://localhost:3000/static/js/bundle.js:176
[88071290ms] [ERROR] Failed to load resource: the server responded with a status of 404 (Not Found) @ http://localhost:3000/api/cloud-relay-host/tasks/process:0
[88071291ms] [WARNING] [cloud-relay-host] background poll skipped SyntaxError: Unexpected token '<', "<!DOCTYPE "... is not valid JSON @ http://localhost:3000/static/js/bundle.js:176
[88131657ms] [ERROR] Failed to load resource: the server responded with a status of 404 (Not Found) @ http://localhost:3000/api/cloud-relay-host/tasks/process:0
[88131659ms] [WARNING] [cloud-relay-host] background poll skipped SyntaxError: Unexpected token '<', "<!DOCTYPE "... is not valid JSON @ http://localhost:3000/static/js/bundle.js:176
[88191289ms] [ERROR] Failed to load resource: the server responded with a status of 404 (Not Found) @ http://localhost:3000/api/cloud-relay-host/tasks/process:0
[88191289ms] [WARNING] [cloud-relay-host] background poll skipped SyntaxError: Unexpected token '<', "<!DOCTYPE "... is not valid JSON @ http://localhost:3000/static/js/bundle.js:176
[88251616ms] [ERROR] Failed to load resource: the server responded with a status of 404 (Not Found) @ http://localhost:3000/api/cloud-relay-host/tasks/process:0
[88251617ms] [WARNING] [cloud-relay-host] background poll skipped SyntaxError: Unexpected token '<', "<!DOCTYPE "... is not valid JSON @ http://localhost:3000/static/js/bundle.js:176
[88311384ms] [ERROR] Failed to load resource: the server responded with a status of 404 (Not Found) @ http://localhost:3000/api/cloud-relay-host/tasks/process:0
[88311386ms] [WARNING] [cloud-relay-host] background poll skipped SyntaxError: Unexpected token '<', "<!DOCTYPE "... is not valid JSON @ http://localhost:3000/static/js/bundle.js:176
[88371613ms] [ERROR] Failed to load resource: the server responded with a status of 404 (Not Found) @ http://localhost:3000/api/cloud-relay-host/tasks/process:0
[88371613ms] [WARNING] [cloud-relay-host] background poll skipped SyntaxError: Unexpected token '<', "<!DOCTYPE "... is not valid JSON @ http://localhost:3000/static/js/bundle.js:176
[88431328ms] [ERROR] Failed to load resource: the server responded with a status of 404 (Not Found) @ http://localhost:3000/api/cloud-relay-host/tasks/process:0
[88431336ms] [WARNING] [cloud-relay-host] background poll skipped SyntaxError: Unexpected token '<', "<!DOCTYPE "... is not valid JSON @ http://localhost:3000/static/js/bundle.js:176
[88491746ms] [ERROR] Failed to load resource: the server responded with a status of 404 (Not Found) @ http://localhost:3000/api/cloud-relay-host/tasks/process:0
[88491749ms] [WARNING] [cloud-relay-host] background poll skipped SyntaxError: Unexpected token '<', "<!DOCTYPE "... is not valid JSON @ http://localhost:3000/static/js/bundle.js:176
[88551300ms] [ERROR] Failed to load resource: the server responded with a status of 404 (Not Found) @ http://localhost:3000/api/cloud-relay-host/tasks/process:0
[88551300ms] [WARNING] [cloud-relay-host] background poll skipped SyntaxError: Unexpected token '<', "<!DOCTYPE "... is not valid JSON @ http://localhost:3000/static/js/bundle.js:176
[88611607ms] [ERROR] Failed to load resource: the server responded with a status of 404 (Not Found) @ http://localhost:3000/api/cloud-relay-host/tasks/process:0
[88611607ms] [WARNING] [cloud-relay-host] background poll skipped SyntaxError: Unexpected token '<', "<!DOCTYPE "... is not valid JSON @ http://localhost:3000/static/js/bundle.js:176
[88671350ms] [ERROR] Failed to load resource: the server responded with a status of 404 (Not Found) @ http://localhost:3000/api/cloud-relay-host/tasks/process:0
[88671352ms] [WARNING] [cloud-relay-host] background poll skipped SyntaxError: Unexpected token '<', "<!DOCTYPE "... is not valid JSON @ http://localhost:3000/static/js/bundle.js:176
[88731601ms] [ERROR] Failed to load resource: the server responded with a status of 404 (Not Found) @ http://localhost:3000/api/cloud-relay-host/tasks/process:0
[88731602ms] [WARNING] [cloud-relay-host] background poll skipped SyntaxError: Unexpected token '<', "<!DOCTYPE "... is not valid JSON @ http://localhost:3000/static/js/bundle.js:176
[88791345ms] [ERROR] Failed to load resource: the server responded with a status of 404 (Not Found) @ http://localhost:3000/api/cloud-relay-host/tasks/process:0
[88791351ms] [WARNING] [cloud-relay-host] background poll skipped SyntaxError: Unexpected token '<', "<!DOCTYPE "... is not valid JSON @ http://localhost:3000/static/js/bundle.js:176
[88851606ms] [ERROR] Failed to load resource: the server responded with a status of 404 (Not Found) @ http://localhost:3000/api/cloud-relay-host/tasks/process:0
[88851607ms] [WARNING] [cloud-relay-host] background poll skipped SyntaxError: Unexpected token '<', "<!DOCTYPE "... is not valid JSON @ http://localhost:3000/static/js/bundle.js:176
[88911372ms] [ERROR] Failed to load resource: the server responded with a status of 404 (Not Found) @ http://localhost:3000/api/cloud-relay-host/tasks/process:0
[88911374ms] [WARNING] [cloud-relay-host] background poll skipped SyntaxError: Unexpected token '<', "<!DOCTYPE "... is not valid JSON @ http://localhost:3000/static/js/bundle.js:176
[88971683ms] [ERROR] Failed to load resource: the server responded with a status of 404 (Not Found) @ http://localhost:3000/api/cloud-relay-host/tasks/process:0
[88971683ms] [WARNING] [cloud-relay-host] background poll skipped SyntaxError: Unexpected token '<', "<!DOCTYPE "... is not valid JSON @ http://localhost:3000/static/js/bundle.js:176
[89031314ms] [ERROR] Failed to load resource: the server responded with a status of 404 (Not Found) @ http://localhost:3000/api/cloud-relay-host/tasks/process:0
[89031315ms] [WARNING] [cloud-relay-host] background poll skipped SyntaxError: Unexpected token '<', "<!DOCTYPE "... is not valid JSON @ http://localhost:3000/static/js/bundle.js:176
[89091678ms] [ERROR] Failed to load resource: the server responded with a status of 404 (Not Found) @ http://localhost:3000/api/cloud-relay-host/tasks/process:0
[89091685ms] [WARNING] [cloud-relay-host] background poll skipped SyntaxError: Unexpected token '<', "<!DOCTYPE "... is not valid JSON @ http://localhost:3000/static/js/bundle.js:176
[89151317ms] [ERROR] Failed to load resource: the server responded with a status of 404 (Not Found) @ http://localhost:3000/api/cloud-relay-host/tasks/process:0
[89151318ms] [WARNING] [cloud-relay-host] background poll skipped SyntaxError: Unexpected token '<', "<!DOCTYPE "... is not valid JSON @ http://localhost:3000/static/js/bundle.js:176
[89211619ms] [ERROR] Failed to load resource: the server responded with a status of 404 (Not Found) @ http://localhost:3000/api/cloud-relay-host/tasks/process:0
[89211620ms] [WARNING] [cloud-relay-host] background poll skipped SyntaxError: Unexpected token '<', "<!DOCTYPE "... is not valid JSON @ http://localhost:3000/static/js/bundle.js:176
[89271352ms] [ERROR] Failed to load resource: the server responded with a status of 404 (Not Found) @ http://localhost:3000/api/cloud-relay-host/tasks/process:0
[89271356ms] [WARNING] [cloud-relay-host] background poll skipped SyntaxError: Unexpected token '<', "<!DOCTYPE "... is not valid JSON @ http://localhost:3000/static/js/bundle.js:176
[89331632ms] [ERROR] Failed to load resource: the server responded with a status of 404 (Not Found) @ http://localhost:3000/api/cloud-relay-host/tasks/process:0
[89331633ms] [WARNING] [cloud-relay-host] background poll skipped SyntaxError: Unexpected token '<', "<!DOCTYPE "... is not valid JSON @ http://localhost:3000/static/js/bundle.js:176
[89391374ms] [ERROR] Failed to load resource: the server responded with a status of 404 (Not Found) @ http://localhost:3000/api/cloud-relay-host/tasks/process:0
[89391376ms] [WARNING] [cloud-relay-host] background poll skipped SyntaxError: Unexpected token '<', "<!DOCTYPE "... is not valid JSON @ http://localhost:3000/static/js/bundle.js:176
[89451618ms] [ERROR] Failed to load resource: the server responded with a status of 404 (Not Found) @ http://localhost:3000/api/cloud-relay-host/tasks/process:0
[89451619ms] [WARNING] [cloud-relay-host] background poll skipped SyntaxError: Unexpected token '<', "<!DOCTYPE "... is not valid JSON @ http://localhost:3000/static/js/bundle.js:176
[89511407ms] [ERROR] Failed to load resource: the server responded with a status of 404 (Not Found) @ http://localhost:3000/api/cloud-relay-host/tasks/process:0
[89511410ms] [WARNING] [cloud-relay-host] background poll skipped SyntaxError: Unexpected token '<', "<!DOCTYPE "... is not valid JSON @ http://localhost:3000/static/js/bundle.js:176
[89571622ms] [ERROR] Failed to load resource: the server responded with a status of 404 (Not Found) @ http://localhost:3000/api/cloud-relay-host/tasks/process:0
[89571623ms] [WARNING] [cloud-relay-host] background poll skipped SyntaxError: Unexpected token '<', "<!DOCTYPE "... is not valid JSON @ http://localhost:3000/static/js/bundle.js:176
[89631342ms] [ERROR] Failed to load resource: the server responded with a status of 404 (Not Found) @ http://localhost:3000/api/cloud-relay-host/tasks/process:0
[89631344ms] [WARNING] [cloud-relay-host] background poll skipped SyntaxError: Unexpected token '<', "<!DOCTYPE "... is not valid JSON @ http://localhost:3000/static/js/bundle.js:176
[89691693ms] [ERROR] Failed to load resource: the server responded with a status of 404 (Not Found) @ http://localhost:3000/api/cloud-relay-host/tasks/process:0
[89691695ms] [WARNING] [cloud-relay-host] background poll skipped SyntaxError: Unexpected token '<', "<!DOCTYPE "... is not valid JSON @ http://localhost:3000/static/js/bundle.js:176
[89751323ms] [ERROR] Failed to load resource: the server responded with a status of 404 (Not Found) @ http://localhost:3000/api/cloud-relay-host/tasks/process:0
[89751323ms] [WARNING] [cloud-relay-host] background poll skipped SyntaxError: Unexpected token '<', "<!DOCTYPE "... is not valid JSON @ http://localhost:3000/static/js/bundle.js:176
[89811640ms] [ERROR] Failed to load resource: the server responded with a status of 404 (Not Found) @ http://localhost:3000/api/cloud-relay-host/tasks/process:0
[89811641ms] [WARNING] [cloud-relay-host] background poll skipped SyntaxError: Unexpected token '<', "<!DOCTYPE "... is not valid JSON @ http://localhost:3000/static/js/bundle.js:176
[89871322ms] [ERROR] Failed to load resource: the server responded with a status of 404 (Not Found) @ http://localhost:3000/api/cloud-relay-host/tasks/process:0
[89871322ms] [WARNING] [cloud-relay-host] background poll skipped SyntaxError: Unexpected token '<', "<!DOCTYPE "... is not valid JSON @ http://localhost:3000/static/js/bundle.js:176
[89931723ms] [ERROR] Failed to load resource: the server responded with a status of 404 (Not Found) @ http://localhost:3000/api/cloud-relay-host/tasks/process:0
[89931725ms] [WARNING] [cloud-relay-host] background poll skipped SyntaxError: Unexpected token '<', "<!DOCTYPE "... is not valid JSON @ http://localhost:3000/static/js/bundle.js:176
[89991405ms] [ERROR] Failed to load resource: the server responded with a status of 404 (Not Found) @ http://localhost:3000/api/cloud-relay-host/tasks/process:0
[89991407ms] [WARNING] [cloud-relay-host] background poll skipped SyntaxError: Unexpected token '<', "<!DOCTYPE "... is not valid JSON @ http://localhost:3000/static/js/bundle.js:176
[90051655ms] [ERROR] Failed to load resource: the server responded with a status of 404 (Not Found) @ http://localhost:3000/api/cloud-relay-host/tasks/process:0
[90051656ms] [WARNING] [cloud-relay-host] background poll skipped SyntaxError: Unexpected token '<', "<!DOCTYPE "... is not valid JSON @ http://localhost:3000/static/js/bundle.js:176
[90111332ms] [ERROR] Failed to load resource: the server responded with a status of 404 (Not Found) @ http://localhost:3000/api/cloud-relay-host/tasks/process:0
[90111332ms] [WARNING] [cloud-relay-host] background poll skipped SyntaxError: Unexpected token '<', "<!DOCTYPE "... is not valid JSON @ http://localhost:3000/static/js/bundle.js:176
[90171637ms] [ERROR] Failed to load resource: the server responded with a status of 404 (Not Found) @ http://localhost:3000/api/cloud-relay-host/tasks/process:0
[90171638ms] [WARNING] [cloud-relay-host] background poll skipped SyntaxError: Unexpected token '<', "<!DOCTYPE "... is not valid JSON @ http://localhost:3000/static/js/bundle.js:176
[90231329ms] [ERROR] Failed to load resource: the server responded with a status of 404 (Not Found) @ http://localhost:3000/api/cloud-relay-host/tasks/process:0
[90231329ms] [WARNING] [cloud-relay-host] background poll skipped SyntaxError: Unexpected token '<', "<!DOCTYPE "... is not valid JSON @ http://localhost:3000/static/js/bundle.js:176
[90291644ms] [ERROR] Failed to load resource: the server responded with a status of 404 (Not Found) @ http://localhost:3000/api/cloud-relay-host/tasks/process:0
[90291645ms] [WARNING] [cloud-relay-host] background poll skipped SyntaxError: Unexpected token '<', "<!DOCTYPE "... is not valid JSON @ http://localhost:3000/static/js/bundle.js:176
[90351474ms] [ERROR] Failed to load resource: the server responded with a status of 404 (Not Found) @ http://localhost:3000/api/cloud-relay-host/tasks/process:0
[90351476ms] [WARNING] [cloud-relay-host] background poll skipped SyntaxError: Unexpected token '<', "<!DOCTYPE "... is not valid JSON @ http://localhost:3000/static/js/bundle.js:176
[90411639ms] [ERROR] Failed to load resource: the server responded with a status of 404 (Not Found) @ http://localhost:3000/api/cloud-relay-host/tasks/process:0
[90411639ms] [WARNING] [cloud-relay-host] background poll skipped SyntaxError: Unexpected token '<', "<!DOCTYPE "... is not valid JSON @ http://localhost:3000/static/js/bundle.js:176
[90471423ms] [ERROR] Failed to load resource: the server responded with a status of 404 (Not Found) @ http://localhost:3000/api/cloud-relay-host/tasks/process:0
[90471429ms] [WARNING] [cloud-relay-host] background poll skipped SyntaxError: Unexpected token '<', "<!DOCTYPE "... is not valid JSON @ http://localhost:3000/static/js/bundle.js:176
[90531650ms] [ERROR] Failed to load resource: the server responded with a status of 404 (Not Found) @ http://localhost:3000/api/cloud-relay-host/tasks/process:0
[90531651ms] [WARNING] [cloud-relay-host] background poll skipped SyntaxError: Unexpected token '<', "<!DOCTYPE "... is not valid JSON @ http://localhost:3000/static/js/bundle.js:176
[90591341ms] [ERROR] Failed to load resource: the server responded with a status of 404 (Not Found) @ http://localhost:3000/api/cloud-relay-host/tasks/process:0
[90591341ms] [WARNING] [cloud-relay-host] background poll skipped SyntaxError: Unexpected token '<', "<!DOCTYPE "... is not valid JSON @ http://localhost:3000/static/js/bundle.js:176
[90651661ms] [ERROR] Failed to load resource: the server responded with a status of 404 (Not Found) @ http://localhost:3000/api/cloud-relay-host/tasks/process:0
[90651662ms] [WARNING] [cloud-relay-host] background poll skipped SyntaxError: Unexpected token '<', "<!DOCTYPE "... is not valid JSON @ http://localhost:3000/static/js/bundle.js:176
[90711338ms] [ERROR] Failed to load resource: the server responded with a status of 404 (Not Found) @ http://localhost:3000/api/cloud-relay-host/tasks/process:0
[90711338ms] [WARNING] [cloud-relay-host] background poll skipped SyntaxError: Unexpected token '<', "<!DOCTYPE "... is not valid JSON @ http://localhost:3000/static/js/bundle.js:176
[90771663ms] [ERROR] Failed to load resource: the server responded with a status of 404 (Not Found) @ http://localhost:3000/api/cloud-relay-host/tasks/process:0
[90771664ms] [WARNING] [cloud-relay-host] background poll skipped SyntaxError: Unexpected token '<', "<!DOCTYPE "... is not valid JSON @ http://localhost:3000/static/js/bundle.js:176
[90831409ms] [ERROR] Failed to load resource: the server responded with a status of 404 (Not Found) @ http://localhost:3000/api/cloud-relay-host/tasks/process:0
[90831412ms] [WARNING] [cloud-relay-host] background poll skipped SyntaxError: Unexpected token '<', "<!DOCTYPE "... is not valid JSON @ http://localhost:3000/static/js/bundle.js:176
[90891641ms] [ERROR] Failed to load resource: the server responded with a status of 404 (Not Found) @ http://localhost:3000/api/cloud-relay-host/tasks/process:0
[90891641ms] [WARNING] [cloud-relay-host] background poll skipped SyntaxError: Unexpected token '<', "<!DOCTYPE "... is not valid JSON @ http://localhost:3000/static/js/bundle.js:176
[90951384ms] [ERROR] Failed to load resource: the server responded with a status of 404 (Not Found) @ http://localhost:3000/api/cloud-relay-host/tasks/process:0
[90951389ms] [WARNING] [cloud-relay-host] background poll skipped SyntaxError: Unexpected token '<', "<!DOCTYPE "... is not valid JSON @ http://localhost:3000/static/js/bundle.js:176
[91011643ms] [ERROR] Failed to load resource: the server responded with a status of 404 (Not Found) @ http://localhost:3000/api/cloud-relay-host/tasks/process:0
[91011644ms] [WARNING] [cloud-relay-host] background poll skipped SyntaxError: Unexpected token '<', "<!DOCTYPE "... is not valid JSON @ http://localhost:3000/static/js/bundle.js:176
[91071624ms] [ERROR] Failed to load resource: the server responded with a status of 404 (Not Found) @ http://localhost:3000/api/cloud-relay-host/tasks/process:0
[91071627ms] [WARNING] [cloud-relay-host] background poll skipped SyntaxError: Unexpected token '<', "<!DOCTYPE "... is not valid JSON @ http://localhost:3000/static/js/bundle.js:176
[91131648ms] [ERROR] Failed to load resource: the server responded with a status of 404 (Not Found) @ http://localhost:3000/api/cloud-relay-host/tasks/process:0
[91131649ms] [WARNING] [cloud-relay-host] background poll skipped SyntaxError: Unexpected token '<', "<!DOCTYPE "... is not valid JSON @ http://localhost:3000/static/js/bundle.js:176
[91191379ms] [ERROR] Failed to load resource: the server responded with a status of 404 (Not Found) @ http://localhost:3000/api/cloud-relay-host/tasks/process:0
[91191390ms] [WARNING] [cloud-relay-host] background poll skipped SyntaxError: Unexpected token '<', "<!DOCTYPE "... is not valid JSON @ http://localhost:3000/static/js/bundle.js:176
[91251642ms] [ERROR] Failed to load resource: the server responded with a status of 404 (Not Found) @ http://localhost:3000/api/cloud-relay-host/tasks/process:0
[91251643ms] [WARNING] [cloud-relay-host] background poll skipped SyntaxError: Unexpected token '<', "<!DOCTYPE "... is not valid JSON @ http://localhost:3000/static/js/bundle.js:176
[91311405ms] [ERROR] Failed to load resource: the server responded with a status of 404 (Not Found) @ http://localhost:3000/api/cloud-relay-host/tasks/process:0
[91311407ms] [WARNING] [cloud-relay-host] background poll skipped SyntaxError: Unexpected token '<', "<!DOCTYPE "... is not valid JSON @ http://localhost:3000/static/js/bundle.js:176
[91371656ms] [ERROR] Failed to load resource: the server responded with a status of 404 (Not Found) @ http://localhost:3000/api/cloud-relay-host/tasks/process:0
[91371656ms] [WARNING] [cloud-relay-host] background poll skipped SyntaxError: Unexpected token '<', "<!DOCTYPE "... is not valid JSON @ http://localhost:3000/static/js/bundle.js:176
[91431412ms] [ERROR] Failed to load resource: the server responded with a status of 404 (Not Found) @ http://localhost:3000/api/cloud-relay-host/tasks/process:0
[91431415ms] [WARNING] [cloud-relay-host] background poll skipped SyntaxError: Unexpected token '<', "<!DOCTYPE "... is not valid JSON @ http://localhost:3000/static/js/bundle.js:176
[91491653ms] [ERROR] Failed to load resource: the server responded with a status of 404 (Not Found) @ http://localhost:3000/api/cloud-relay-host/tasks/process:0
[91491653ms] [WARNING] [cloud-relay-host] background poll skipped SyntaxError: Unexpected token '<', "<!DOCTYPE "... is not valid JSON @ http://localhost:3000/static/js/bundle.js:176
[91551359ms] [ERROR] Failed to load resource: the server responded with a status of 404 (Not Found) @ http://localhost:3000/api/cloud-relay-host/tasks/process:0
[91551360ms] [WARNING] [cloud-relay-host] background poll skipped SyntaxError: Unexpected token '<', "<!DOCTYPE "... is not valid JSON @ http://localhost:3000/static/js/bundle.js:176
[91611722ms] [ERROR] Failed to load resource: the server responded with a status of 404 (Not Found) @ http://localhost:3000/api/cloud-relay-host/tasks/process:0
[91611724ms] [WARNING] [cloud-relay-host] background poll skipped SyntaxError: Unexpected token '<', "<!DOCTYPE "... is not valid JSON @ http://localhost:3000/static/js/bundle.js:176
[91671352ms] [ERROR] Failed to load resource: the server responded with a status of 404 (Not Found) @ http://localhost:3000/api/cloud-relay-host/tasks/process:0
[91671352ms] [WARNING] [cloud-relay-host] background poll skipped SyntaxError: Unexpected token '<', "<!DOCTYPE "... is not valid JSON @ http://localhost:3000/static/js/bundle.js:176
[91731732ms] [ERROR] Failed to load resource: the server responded with a status of 404 (Not Found) @ http://localhost:3000/api/cloud-relay-host/tasks/process:0
[91731734ms] [WARNING] [cloud-relay-host] background poll skipped SyntaxError: Unexpected token '<', "<!DOCTYPE "... is not valid JSON @ http://localhost:3000/static/js/bundle.js:176
[91791353ms] [ERROR] Failed to load resource: the server responded with a status of 404 (Not Found) @ http://localhost:3000/api/cloud-relay-host/tasks/process:0
[91791354ms] [WARNING] [cloud-relay-host] background poll skipped SyntaxError: Unexpected token '<', "<!DOCTYPE "... is not valid JSON @ http://localhost:3000/static/js/bundle.js:176
[91851744ms] [ERROR] Failed to load resource: the server responded with a status of 404 (Not Found) @ http://localhost:3000/api/cloud-relay-host/tasks/process:0
[91851746ms] [WARNING] [cloud-relay-host] background poll skipped SyntaxError: Unexpected token '<', "<!DOCTYPE "... is not valid JSON @ http://localhost:3000/static/js/bundle.js:176
[91911367ms] [ERROR] Failed to load resource: the server responded with a status of 404 (Not Found) @ http://localhost:3000/api/cloud-relay-host/tasks/process:0
[91911368ms] [WARNING] [cloud-relay-host] background poll skipped SyntaxError: Unexpected token '<', "<!DOCTYPE "... is not valid JSON @ http://localhost:3000/static/js/bundle.js:176
[91971796ms] [ERROR] Failed to load resource: the server responded with a status of 404 (Not Found) @ http://localhost:3000/api/cloud-relay-host/tasks/process:0
[91971798ms] [WARNING] [cloud-relay-host] background poll skipped SyntaxError: Unexpected token '<', "<!DOCTYPE "... is not valid JSON @ http://localhost:3000/static/js/bundle.js:176
[92031369ms] [ERROR] Failed to load resource: the server responded with a status of 404 (Not Found) @ http://localhost:3000/api/cloud-relay-host/tasks/process:0
[92031370ms] [WARNING] [cloud-relay-host] background poll skipped SyntaxError: Unexpected token '<', "<!DOCTYPE "... is not valid JSON @ http://localhost:3000/static/js/bundle.js:176
[92091763ms] [ERROR] Failed to load resource: the server responded with a status of 404 (Not Found) @ http://localhost:3000/api/cloud-relay-host/tasks/process:0
[92091765ms] [WARNING] [cloud-relay-host] background poll skipped SyntaxError: Unexpected token '<', "<!DOCTYPE "... is not valid JSON @ http://localhost:3000/static/js/bundle.js:176
[92151358ms] [ERROR] Failed to load resource: the server responded with a status of 404 (Not Found) @ http://localhost:3000/api/cloud-relay-host/tasks/process:0
[92151358ms] [WARNING] [cloud-relay-host] background poll skipped SyntaxError: Unexpected token '<', "<!DOCTYPE "... is not valid JSON @ http://localhost:3000/static/js/bundle.js:176
[92211761ms] [ERROR] Failed to load resource: the server responded with a status of 404 (Not Found) @ http://localhost:3000/api/cloud-relay-host/tasks/process:0
[92211764ms] [WARNING] [cloud-relay-host] background poll skipped SyntaxError: Unexpected token '<', "<!DOCTYPE "... is not valid JSON @ http://localhost:3000/static/js/bundle.js:176
[92271360ms] [ERROR] Failed to load resource: the server responded with a status of 404 (Not Found) @ http://localhost:3000/api/cloud-relay-host/tasks/process:0
[92271360ms] [WARNING] [cloud-relay-host] background poll skipped SyntaxError: Unexpected token '<', "<!DOCTYPE "... is not valid JSON @ http://localhost:3000/static/js/bundle.js:176
[92331686ms] [ERROR] Failed to load resource: the server responded with a status of 404 (Not Found) @ http://localhost:3000/api/cloud-relay-host/tasks/process:0
[92331686ms] [WARNING] [cloud-relay-host] background poll skipped SyntaxError: Unexpected token '<', "<!DOCTYPE "... is not valid JSON @ http://localhost:3000/static/js/bundle.js:176
[92391376ms] [ERROR] Failed to load resource: the server responded with a status of 404 (Not Found) @ http://localhost:3000/api/cloud-relay-host/tasks/process:0
[92391377ms] [WARNING] [cloud-relay-host] background poll skipped SyntaxError: Unexpected token '<', "<!DOCTYPE "... is not valid JSON @ http://localhost:3000/static/js/bundle.js:176
[92451685ms] [ERROR] Failed to load resource: the server responded with a status of 404 (Not Found) @ http://localhost:3000/api/cloud-relay-host/tasks/process:0
[92451686ms] [WARNING] [cloud-relay-host] background poll skipped SyntaxError: Unexpected token '<', "<!DOCTYPE "... is not valid JSON @ http://localhost:3000/static/js/bundle.js:176
[92511438ms] [ERROR] Failed to load resource: the server responded with a status of 404 (Not Found) @ http://localhost:3000/api/cloud-relay-host/tasks/process:0
[92511440ms] [WARNING] [cloud-relay-host] background poll skipped SyntaxError: Unexpected token '<', "<!DOCTYPE "... is not valid JSON @ http://localhost:3000/static/js/bundle.js:176
[92571686ms] [ERROR] Failed to load resource: the server responded with a status of 404 (Not Found) @ http://localhost:3000/api/cloud-relay-host/tasks/process:0
[92571687ms] [WARNING] [cloud-relay-host] background poll skipped SyntaxError: Unexpected token '<', "<!DOCTYPE "... is not valid JSON @ http://localhost:3000/static/js/bundle.js:176
[92631375ms] [ERROR] Failed to load resource: the server responded with a status of 404 (Not Found) @ http://localhost:3000/api/cloud-relay-host/tasks/process:0
[92631375ms] [WARNING] [cloud-relay-host] background poll skipped SyntaxError: Unexpected token '<', "<!DOCTYPE "... is not valid JSON @ http://localhost:3000/static/js/bundle.js:176
[92691726ms] [ERROR] Failed to load resource: the server responded with a status of 404 (Not Found) @ http://localhost:3000/api/cloud-relay-host/tasks/process:0
[92691728ms] [WARNING] [cloud-relay-host] background poll skipped SyntaxError: Unexpected token '<', "<!DOCTYPE "... is not valid JSON @ http://localhost:3000/static/js/bundle.js:176
[92751380ms] [ERROR] Failed to load resource: the server responded with a status of 404 (Not Found) @ http://localhost:3000/api/cloud-relay-host/tasks/process:0
[92751380ms] [WARNING] [cloud-relay-host] background poll skipped SyntaxError: Unexpected token '<', "<!DOCTYPE "... is not valid JSON @ http://localhost:3000/static/js/bundle.js:176
[92811766ms] [ERROR] Failed to load resource: the server responded with a status of 404 (Not Found) @ http://localhost:3000/api/cloud-relay-host/tasks/process:0
[92811767ms] [WARNING] [cloud-relay-host] background poll skipped SyntaxError: Unexpected token '<', "<!DOCTYPE "... is not valid JSON @ http://localhost:3000/static/js/bundle.js:176
[92871375ms] [ERROR] Failed to load resource: the server responded with a status of 404 (Not Found) @ http://localhost:3000/api/cloud-relay-host/tasks/process:0
[92871376ms] [WARNING] [cloud-relay-host] background poll skipped SyntaxError: Unexpected token '<', "<!DOCTYPE "... is not valid JSON @ http://localhost:3000/static/js/bundle.js:176
[92931739ms] [ERROR] Failed to load resource: the server responded with a status of 404 (Not Found) @ http://localhost:3000/api/cloud-relay-host/tasks/process:0
[92931742ms] [WARNING] [cloud-relay-host] background poll skipped SyntaxError: Unexpected token '<', "<!DOCTYPE "... is not valid JSON @ http://localhost:3000/static/js/bundle.js:176
[92991446ms] [ERROR] Failed to load resource: the server responded with a status of 404 (Not Found) @ http://localhost:3000/api/cloud-relay-host/tasks/process:0
[92991446ms] [WARNING] [cloud-relay-host] background poll skipped SyntaxError: Unexpected token '<', "<!DOCTYPE "... is not valid JSON @ http://localhost:3000/static/js/bundle.js:176
[93051690ms] [ERROR] Failed to load resource: the server responded with a status of 404 (Not Found) @ http://localhost:3000/api/cloud-relay-host/tasks/process:0
[93051691ms] [WARNING] [cloud-relay-host] background poll skipped SyntaxError: Unexpected token '<', "<!DOCTYPE "... is not valid JSON @ http://localhost:3000/static/js/bundle.js:176
[93111467ms] [ERROR] Failed to load resource: the server responded with a status of 404 (Not Found) @ http://localhost:3000/api/cloud-relay-host/tasks/process:0
[93111484ms] [WARNING] [cloud-relay-host] background poll skipped SyntaxError: Unexpected token '<', "<!DOCTYPE "... is not valid JSON @ http://localhost:3000/static/js/bundle.js:176
[93171693ms] [ERROR] Failed to load resource: the server responded with a status of 404 (Not Found) @ http://localhost:3000/api/cloud-relay-host/tasks/process:0
[93171694ms] [WARNING] [cloud-relay-host] background poll skipped SyntaxError: Unexpected token '<', "<!DOCTYPE "... is not valid JSON @ http://localhost:3000/static/js/bundle.js:176
[93231396ms] [ERROR] Failed to load resource: the server responded with a status of 404 (Not Found) @ http://localhost:3000/api/cloud-relay-host/tasks/process:0
[93231399ms] [WARNING] [cloud-relay-host] background poll skipped SyntaxError: Unexpected token '<', "<!DOCTYPE "... is not valid JSON @ http://localhost:3000/static/js/bundle.js:176
[93291699ms] [ERROR] Failed to load resource: the server responded with a status of 404 (Not Found) @ http://localhost:3000/api/cloud-relay-host/tasks/process:0
[93291700ms] [WARNING] [cloud-relay-host] background poll skipped SyntaxError: Unexpected token '<', "<!DOCTYPE "... is not valid JSON @ http://localhost:3000/static/js/bundle.js:176
[93351419ms] [ERROR] Failed to load resource: the server responded with a status of 404 (Not Found) @ http://localhost:3000/api/cloud-relay-host/tasks/process:0
[93351424ms] [WARNING] [cloud-relay-host] background poll skipped SyntaxError: Unexpected token '<', "<!DOCTYPE "... is not valid JSON @ http://localhost:3000/static/js/bundle.js:176
[93411697ms] [ERROR] Failed to load resource: the server responded with a status of 404 (Not Found) @ http://localhost:3000/api/cloud-relay-host/tasks/process:0
[93411697ms] [WARNING] [cloud-relay-host] background poll skipped SyntaxError: Unexpected token '<', "<!DOCTYPE "... is not valid JSON @ http://localhost:3000/static/js/bundle.js:176
[93471432ms] [ERROR] Failed to load resource: the server responded with a status of 404 (Not Found) @ http://localhost:3000/api/cloud-relay-host/tasks/process:0
[93471434ms] [WARNING] [cloud-relay-host] background poll skipped SyntaxError: Unexpected token '<', "<!DOCTYPE "... is not valid JSON @ http://localhost:3000/static/js/bundle.js:176
[93531704ms] [ERROR] Failed to load resource: the server responded with a status of 404 (Not Found) @ http://localhost:3000/api/cloud-relay-host/tasks/process:0
[93531705ms] [WARNING] [cloud-relay-host] background poll skipped SyntaxError: Unexpected token '<', "<!DOCTYPE "... is not valid JSON @ http://localhost:3000/static/js/bundle.js:176
[93591474ms] [ERROR] Failed to load resource: the server responded with a status of 404 (Not Found) @ http://localhost:3000/api/cloud-relay-host/tasks/process:0
[93591476ms] [WARNING] [cloud-relay-host] background poll skipped SyntaxError: Unexpected token '<', "<!DOCTYPE "... is not valid JSON @ http://localhost:3000/static/js/bundle.js:176
[93651783ms] [ERROR] Failed to load resource: the server responded with a status of 404 (Not Found) @ http://localhost:3000/api/cloud-relay-host/tasks/process:0
[93651785ms] [WARNING] [cloud-relay-host] background poll skipped SyntaxError: Unexpected token '<', "<!DOCTYPE "... is not valid JSON @ http://localhost:3000/static/js/bundle.js:176
[93711386ms] [ERROR] Failed to load resource: the server responded with a status of 404 (Not Found) @ http://localhost:3000/api/cloud-relay-host/tasks/process:0
[93711387ms] [WARNING] [cloud-relay-host] background poll skipped SyntaxError: Unexpected token '<', "<!DOCTYPE "... is not valid JSON @ http://localhost:3000/static/js/bundle.js:176
[93771803ms] [ERROR] Failed to load resource: the server responded with a status of 404 (Not Found) @ http://localhost:3000/api/cloud-relay-host/tasks/process:0
[93771805ms] [WARNING] [cloud-relay-host] background poll skipped SyntaxError: Unexpected token '<', "<!DOCTYPE "... is not valid JSON @ http://localhost:3000/static/js/bundle.js:176
[93831409ms] [ERROR] Failed to load resource: the server responded with a status of 404 (Not Found) @ http://localhost:3000/api/cloud-relay-host/tasks/process:0
[93831411ms] [WARNING] [cloud-relay-host] background poll skipped SyntaxError: Unexpected token '<', "<!DOCTYPE "... is not valid JSON @ http://localhost:3000/static/js/bundle.js:176
[93891789ms] [ERROR] Failed to load resource: the server responded with a status of 404 (Not Found) @ http://localhost:3000/api/cloud-relay-host/tasks/process:0
[93891797ms] [WARNING] [cloud-relay-host] background poll skipped SyntaxError: Unexpected token '<', "<!DOCTYPE "... is not valid JSON @ http://localhost:3000/static/js/bundle.js:176
[93951398ms] [ERROR] Failed to load resource: the server responded with a status of 404 (Not Found) @ http://localhost:3000/api/cloud-relay-host/tasks/process:0
[93951399ms] [WARNING] [cloud-relay-host] background poll skipped SyntaxError: Unexpected token '<', "<!DOCTYPE "... is not valid JSON @ http://localhost:3000/static/js/bundle.js:176
[94011780ms] [ERROR] Failed to load resource: the server responded with a status of 404 (Not Found) @ http://localhost:3000/api/cloud-relay-host/tasks/process:0
[94011782ms] [WARNING] [cloud-relay-host] background poll skipped SyntaxError: Unexpected token '<', "<!DOCTYPE "... is not valid JSON @ http://localhost:3000/static/js/bundle.js:176
[94071400ms] [ERROR] Failed to load resource: the server responded with a status of 404 (Not Found) @ http://localhost:3000/api/cloud-relay-host/tasks/process:0
[94071400ms] [WARNING] [cloud-relay-host] background poll skipped SyntaxError: Unexpected token '<', "<!DOCTYPE "... is not valid JSON @ http://localhost:3000/static/js/bundle.js:176
[94131742ms] [ERROR] Failed to load resource: the server responded with a status of 404 (Not Found) @ http://localhost:3000/api/cloud-relay-host/tasks/process:0
[94131746ms] [WARNING] [cloud-relay-host] background poll skipped SyntaxError: Unexpected token '<', "<!DOCTYPE "... is not valid JSON @ http://localhost:3000/static/js/bundle.js:176
[94191407ms] [ERROR] Failed to load resource: the server responded with a status of 404 (Not Found) @ http://localhost:3000/api/cloud-relay-host/tasks/process:0
[94191408ms] [WARNING] [cloud-relay-host] background poll skipped SyntaxError: Unexpected token '<', "<!DOCTYPE "... is not valid JSON @ http://localhost:3000/static/js/bundle.js:176
[94251752ms] [ERROR] Failed to load resource: the server responded with a status of 404 (Not Found) @ http://localhost:3000/api/cloud-relay-host/tasks/process:0
[94251754ms] [WARNING] [cloud-relay-host] background poll skipped SyntaxError: Unexpected token '<', "<!DOCTYPE "... is not valid JSON @ http://localhost:3000/static/js/bundle.js:176
[94311558ms] [ERROR] Failed to load resource: the server responded with a status of 404 (Not Found) @ http://localhost:3000/api/cloud-relay-host/tasks/process:0
[94311560ms] [WARNING] [cloud-relay-host] background poll skipped SyntaxError: Unexpected token '<', "<!DOCTYPE "... is not valid JSON @ http://localhost:3000/static/js/bundle.js:176
[94371715ms] [ERROR] Failed to load resource: the server responded with a status of 404 (Not Found) @ http://localhost:3000/api/cloud-relay-host/tasks/process:0
[94371715ms] [WARNING] [cloud-relay-host] background poll skipped SyntaxError: Unexpected token '<', "<!DOCTYPE "... is not valid JSON @ http://localhost:3000/static/js/bundle.js:176
[94431464ms] [ERROR] Failed to load resource: the server responded with a status of 404 (Not Found) @ http://localhost:3000/api/cloud-relay-host/tasks/process:0
[94431467ms] [WARNING] [cloud-relay-host] background poll skipped SyntaxError: Unexpected token '<', "<!DOCTYPE "... is not valid JSON @ http://localhost:3000/static/js/bundle.js:176
[94491721ms] [ERROR] Failed to load resource: the server responded with a status of 404 (Not Found) @ http://localhost:3000/api/cloud-relay-host/tasks/process:0
[94491721ms] [WARNING] [cloud-relay-host] background poll skipped SyntaxError: Unexpected token '<', "<!DOCTYPE "... is not valid JSON @ http://localhost:3000/static/js/bundle.js:176
[94551456ms] [ERROR] Failed to load resource: the server responded with a status of 404 (Not Found) @ http://localhost:3000/api/cloud-relay-host/tasks/process:0
[94551458ms] [WARNING] [cloud-relay-host] background poll skipped SyntaxError: Unexpected token '<', "<!DOCTYPE "... is not valid JSON @ http://localhost:3000/static/js/bundle.js:176
[94611714ms] [ERROR] Failed to load resource: the server responded with a status of 404 (Not Found) @ http://localhost:3000/api/cloud-relay-host/tasks/process:0
[94611714ms] [WARNING] [cloud-relay-host] background poll skipped SyntaxError: Unexpected token '<', "<!DOCTYPE "... is not valid JSON @ http://localhost:3000/static/js/bundle.js:176
[94671448ms] [ERROR] Failed to load resource: the server responded with a status of 404 (Not Found) @ http://localhost:3000/api/cloud-relay-host/tasks/process:0
[94671450ms] [WARNING] [cloud-relay-host] background poll skipped SyntaxError: Unexpected token '<', "<!DOCTYPE "... is not valid JSON @ http://localhost:3000/static/js/bundle.js:176
[94731719ms] [ERROR] Failed to load resource: the server responded with a status of 404 (Not Found) @ http://localhost:3000/api/cloud-relay-host/tasks/process:0
[94731719ms] [WARNING] [cloud-relay-host] background poll skipped SyntaxError: Unexpected token '<', "<!DOCTYPE "... is not valid JSON @ http://localhost:3000/static/js/bundle.js:176
[94791438ms] [ERROR] Failed to load resource: the server responded with a status of 404 (Not Found) @ http://localhost:3000/api/cloud-relay-host/tasks/process:0
[94791441ms] [WARNING] [cloud-relay-host] background poll skipped SyntaxError: Unexpected token '<', "<!DOCTYPE "... is not valid JSON @ http://localhost:3000/static/js/bundle.js:176
[94851907ms] [ERROR] Failed to load resource: the server responded with a status of 404 (Not Found) @ http://localhost:3000/api/cloud-relay-host/tasks/process:0
[94851909ms] [WARNING] [cloud-relay-host] background poll skipped SyntaxError: Unexpected token '<', "<!DOCTYPE "... is not valid JSON @ http://localhost:3000/static/js/bundle.js:176
[94911435ms] [ERROR] Failed to load resource: the server responded with a status of 404 (Not Found) @ http://localhost:3000/api/cloud-relay-host/tasks/process:0
[94911436ms] [WARNING] [cloud-relay-host] background poll skipped SyntaxError: Unexpected token '<', "<!DOCTYPE "... is not valid JSON @ http://localhost:3000/static/js/bundle.js:176
[94971761ms] [ERROR] Failed to load resource: the server responded with a status of 404 (Not Found) @ http://localhost:3000/api/cloud-relay-host/tasks/process:0
[94971765ms] [WARNING] [cloud-relay-host] background poll skipped SyntaxError: Unexpected token '<', "<!DOCTYPE "... is not valid JSON @ http://localhost:3000/static/js/bundle.js:176
[95031419ms] [ERROR] Failed to load resource: the server responded with a status of 404 (Not Found) @ http://localhost:3000/api/cloud-relay-host/tasks/process:0
[95031420ms] [WARNING] [cloud-relay-host] background poll skipped SyntaxError: Unexpected token '<', "<!DOCTYPE "... is not valid JSON @ http://localhost:3000/static/js/bundle.js:176
[95091743ms] [ERROR] Failed to load resource: the server responded with a status of 404 (Not Found) @ http://localhost:3000/api/cloud-relay-host/tasks/process:0
[95091744ms] [WARNING] [cloud-relay-host] background poll skipped SyntaxError: Unexpected token '<', "<!DOCTYPE "... is not valid JSON @ http://localhost:3000/static/js/bundle.js:176
[95151422ms] [ERROR] Failed to load resource: the server responded with a status of 404 (Not Found) @ http://localhost:3000/api/cloud-relay-host/tasks/process:0
[95151422ms] [WARNING] [cloud-relay-host] background poll skipped SyntaxError: Unexpected token '<', "<!DOCTYPE "... is not valid JSON @ http://localhost:3000/static/js/bundle.js:176
[95211722ms] [ERROR] Failed to load resource: the server responded with a status of 404 (Not Found) @ http://localhost:3000/api/cloud-relay-host/tasks/process:0
[95211722ms] [WARNING] [cloud-relay-host] background poll skipped SyntaxError: Unexpected token '<', "<!DOCTYPE "... is not valid JSON @ http://localhost:3000/static/js/bundle.js:176
[95271415ms] [ERROR] Failed to load resource: the server responded with a status of 404 (Not Found) @ http://localhost:3000/api/cloud-relay-host/tasks/process:0
[95271415ms] [WARNING] [cloud-relay-host] background poll skipped SyntaxError: Unexpected token '<', "<!DOCTYPE "... is not valid JSON @ http://localhost:3000/static/js/bundle.js:176
[95331735ms] [ERROR] Failed to load resource: the server responded with a status of 404 (Not Found) @ http://localhost:3000/api/cloud-relay-host/tasks/process:0
[95331735ms] [WARNING] [cloud-relay-host] background poll skipped SyntaxError: Unexpected token '<', "<!DOCTYPE "... is not valid JSON @ http://localhost:3000/static/js/bundle.js:176
[95391434ms] [ERROR] Failed to load resource: the server responded with a status of 404 (Not Found) @ http://localhost:3000/api/cloud-relay-host/tasks/process:0
[95391435ms] [WARNING] [cloud-relay-host] background poll skipped SyntaxError: Unexpected token '<', "<!DOCTYPE "... is not valid JSON @ http://localhost:3000/static/js/bundle.js:176
[95451739ms] [ERROR] Failed to load resource: the server responded with a status of 404 (Not Found) @ http://localhost:3000/api/cloud-relay-host/tasks/process:0
[95451739ms] [WARNING] [cloud-relay-host] background poll skipped SyntaxError: Unexpected token '<', "<!DOCTYPE "... is not valid JSON @ http://localhost:3000/static/js/bundle.js:176
[95511422ms] [ERROR] Failed to load resource: the server responded with a status of 404 (Not Found) @ http://localhost:3000/api/cloud-relay-host/tasks/process:0
[95511423ms] [WARNING] [cloud-relay-host] background poll skipped SyntaxError: Unexpected token '<', "<!DOCTYPE "... is not valid JSON @ http://localhost:3000/static/js/bundle.js:176
[95571802ms] [ERROR] Failed to load resource: the server responded with a status of 404 (Not Found) @ http://localhost:3000/api/cloud-relay-host/tasks/process:0
[95571803ms] [WARNING] [cloud-relay-host] background poll skipped SyntaxError: Unexpected token '<', "<!DOCTYPE "... is not valid JSON @ http://localhost:3000/static/js/bundle.js:176
[95631427ms] [ERROR] Failed to load resource: the server responded with a status of 404 (Not Found) @ http://localhost:3000/api/cloud-relay-host/tasks/process:0
[95631428ms] [WARNING] [cloud-relay-host] background poll skipped SyntaxError: Unexpected token '<', "<!DOCTYPE "... is not valid JSON @ http://localhost:3000/static/js/bundle.js:176
[95691772ms] [ERROR] Failed to load resource: the server responded with a status of 404 (Not Found) @ http://localhost:3000/api/cloud-relay-host/tasks/process:0
[95691774ms] [WARNING] [cloud-relay-host] background poll skipped SyntaxError: Unexpected token '<', "<!DOCTYPE "... is not valid JSON @ http://localhost:3000/static/js/bundle.js:176
[95751423ms] [ERROR] Failed to load resource: the server responded with a status of 404 (Not Found) @ http://localhost:3000/api/cloud-relay-host/tasks/process:0
[95751423ms] [WARNING] [cloud-relay-host] background poll skipped SyntaxError: Unexpected token '<', "<!DOCTYPE "... is not valid JSON @ http://localhost:3000/static/js/bundle.js:176
[95811879ms] [ERROR] Failed to load resource: the server responded with a status of 404 (Not Found) @ http://localhost:3000/api/cloud-relay-host/tasks/process:0
[95811883ms] [WARNING] [cloud-relay-host] background poll skipped SyntaxError: Unexpected token '<', "<!DOCTYPE "... is not valid JSON @ http://localhost:3000/static/js/bundle.js:176
[95871505ms] [ERROR] Failed to load resource: the server responded with a status of 404 (Not Found) @ http://localhost:3000/api/cloud-relay-host/tasks/process:0
[95871507ms] [WARNING] [cloud-relay-host] background poll skipped SyntaxError: Unexpected token '<', "<!DOCTYPE "... is not valid JSON @ http://localhost:3000/static/js/bundle.js:176
[95931744ms] [ERROR] Failed to load resource: the server responded with a status of 404 (Not Found) @ http://localhost:3000/api/cloud-relay-host/tasks/process:0
[95931745ms] [WARNING] [cloud-relay-host] background poll skipped SyntaxError: Unexpected token '<', "<!DOCTYPE "... is not valid JSON @ http://localhost:3000/static/js/bundle.js:176
[95991481ms] [ERROR] Failed to load resource: the server responded with a status of 404 (Not Found) @ http://localhost:3000/api/cloud-relay-host/tasks/process:0
[95991487ms] [WARNING] [cloud-relay-host] background poll skipped SyntaxError: Unexpected token '<', "<!DOCTYPE "... is not valid JSON @ http://localhost:3000/static/js/bundle.js:176
[96051737ms] [ERROR] Failed to load resource: the server responded with a status of 404 (Not Found) @ http://localhost:3000/api/cloud-relay-host/tasks/process:0
[96051737ms] [WARNING] [cloud-relay-host] background poll skipped SyntaxError: Unexpected token '<', "<!DOCTYPE "... is not valid JSON @ http://localhost:3000/static/js/bundle.js:176
[96111505ms] [ERROR] Failed to load resource: the server responded with a status of 404 (Not Found) @ http://localhost:3000/api/cloud-relay-host/tasks/process:0
[96111507ms] [WARNING] [cloud-relay-host] background poll skipped SyntaxError: Unexpected token '<', "<!DOCTYPE "... is not valid JSON @ http://localhost:3000/static/js/bundle.js:176
[96171743ms] [ERROR] Failed to load resource: the server responded with a status of 404 (Not Found) @ http://localhost:3000/api/cloud-relay-host/tasks/process:0
[96171743ms] [WARNING] [cloud-relay-host] background poll skipped SyntaxError: Unexpected token '<', "<!DOCTYPE "... is not valid JSON @ http://localhost:3000/static/js/bundle.js:176
[96231475ms] [ERROR] Failed to load resource: the server responded with a status of 404 (Not Found) @ http://localhost:3000/api/cloud-relay-host/tasks/process:0
[96231477ms] [WARNING] [cloud-relay-host] background poll skipped SyntaxError: Unexpected token '<', "<!DOCTYPE "... is not valid JSON @ http://localhost:3000/static/js/bundle.js:176
[96291754ms] [ERROR] Failed to load resource: the server responded with a status of 404 (Not Found) @ http://localhost:3000/api/cloud-relay-host/tasks/process:0
[96291754ms] [WARNING] [cloud-relay-host] background poll skipped SyntaxError: Unexpected token '<', "<!DOCTYPE "... is not valid JSON @ http://localhost:3000/static/js/bundle.js:176
[96351469ms] [ERROR] Failed to load resource: the server responded with a status of 404 (Not Found) @ http://localhost:3000/api/cloud-relay-host/tasks/process:0
[96351472ms] [WARNING] [cloud-relay-host] background poll skipped SyntaxError: Unexpected token '<', "<!DOCTYPE "... is not valid JSON @ http://localhost:3000/static/js/bundle.js:176
[96411735ms] [ERROR] Failed to load resource: the server responded with a status of 404 (Not Found) @ http://localhost:3000/api/cloud-relay-host/tasks/process:0
[96411736ms] [WARNING] [cloud-relay-host] background poll skipped SyntaxError: Unexpected token '<', "<!DOCTYPE "... is not valid JSON @ http://localhost:3000/static/js/bundle.js:176
[96471447ms] [ERROR] Failed to load resource: the server responded with a status of 404 (Not Found) @ http://localhost:3000/api/cloud-relay-host/tasks/process:0
[96471447ms] [WARNING] [cloud-relay-host] background poll skipped SyntaxError: Unexpected token '<', "<!DOCTYPE "... is not valid JSON @ http://localhost:3000/static/js/bundle.js:176
[96531759ms] [ERROR] Failed to load resource: the server responded with a status of 404 (Not Found) @ http://localhost:3000/api/cloud-relay-host/tasks/process:0
[96531759ms] [WARNING] [cloud-relay-host] background poll skipped SyntaxError: Unexpected token '<', "<!DOCTYPE "... is not valid JSON @ http://localhost:3000/static/js/bundle.js:176
[96591444ms] [ERROR] Failed to load resource: the server responded with a status of 404 (Not Found) @ http://localhost:3000/api/cloud-relay-host/tasks/process:0
[96591444ms] [WARNING] [cloud-relay-host] background poll skipped SyntaxError: Unexpected token '<', "<!DOCTYPE "... is not valid JSON @ http://localhost:3000/static/js/bundle.js:176
[96651743ms] [ERROR] Failed to load resource: the server responded with a status of 404 (Not Found) @ http://localhost:3000/api/cloud-relay-host/tasks/process:0
[96651744ms] [WARNING] [cloud-relay-host] background poll skipped SyntaxError: Unexpected token '<', "<!DOCTYPE "... is not valid JSON @ http://localhost:3000/static/js/bundle.js:176
[96711506ms] [ERROR] Failed to load resource: the server responded with a status of 404 (Not Found) @ http://localhost:3000/api/cloud-relay-host/tasks/process:0
[96711514ms] [WARNING] [cloud-relay-host] background poll skipped SyntaxError: Unexpected token '<', "<!DOCTYPE "... is not valid JSON @ http://localhost:3000/static/js/bundle.js:176
[96771757ms] [ERROR] Failed to load resource: the server responded with a status of 404 (Not Found) @ http://localhost:3000/api/cloud-relay-host/tasks/process:0
[96771758ms] [WARNING] [cloud-relay-host] background poll skipped SyntaxError: Unexpected token '<', "<!DOCTYPE "... is not valid JSON @ http://localhost:3000/static/js/bundle.js:176
[96831556ms] [ERROR] Failed to load resource: the server responded with a status of 404 (Not Found) @ http://localhost:3000/api/cloud-relay-host/tasks/process:0
[96831581ms] [WARNING] [cloud-relay-host] background poll skipped SyntaxError: Unexpected token '<', "<!DOCTYPE "... is not valid JSON @ http://localhost:3000/static/js/bundle.js:176
[96891752ms] [ERROR] Failed to load resource: the server responded with a status of 404 (Not Found) @ http://localhost:3000/api/cloud-relay-host/tasks/process:0
[96891752ms] [WARNING] [cloud-relay-host] background poll skipped SyntaxError: Unexpected token '<', "<!DOCTYPE "... is not valid JSON @ http://localhost:3000/static/js/bundle.js:176
[96951506ms] [ERROR] Failed to load resource: the server responded with a status of 404 (Not Found) @ http://localhost:3000/api/cloud-relay-host/tasks/process:0
[96951510ms] [WARNING] [cloud-relay-host] background poll skipped SyntaxError: Unexpected token '<', "<!DOCTYPE "... is not valid JSON @ http://localhost:3000/static/js/bundle.js:176
[97011768ms] [ERROR] Failed to load resource: the server responded with a status of 404 (Not Found) @ http://localhost:3000/api/cloud-relay-host/tasks/process:0
[97011768ms] [WARNING] [cloud-relay-host] background poll skipped SyntaxError: Unexpected token '<', "<!DOCTYPE "... is not valid JSON @ http://localhost:3000/static/js/bundle.js:176
[97071471ms] [ERROR] Failed to load resource: the server responded with a status of 404 (Not Found) @ http://localhost:3000/api/cloud-relay-host/tasks/process:0
[97071472ms] [WARNING] [cloud-relay-host] background poll skipped SyntaxError: Unexpected token '<', "<!DOCTYPE "... is not valid JSON @ http://localhost:3000/static/js/bundle.js:176
[97131764ms] [ERROR] Failed to load resource: the server responded with a status of 404 (Not Found) @ http://localhost:3000/api/cloud-relay-host/tasks/process:0
[97131764ms] [WARNING] [cloud-relay-host] background poll skipped SyntaxError: Unexpected token '<', "<!DOCTYPE "... is not valid JSON @ http://localhost:3000/static/js/bundle.js:176
[97191468ms] [ERROR] Failed to load resource: the server responded with a status of 404 (Not Found) @ http://localhost:3000/api/cloud-relay-host/tasks/process:0
[97191469ms] [WARNING] [cloud-relay-host] background poll skipped SyntaxError: Unexpected token '<', "<!DOCTYPE "... is not valid JSON @ http://localhost:3000/static/js/bundle.js:176
[97251760ms] [ERROR] Failed to load resource: the server responded with a status of 404 (Not Found) @ http://localhost:3000/api/cloud-relay-host/tasks/process:0
[97251760ms] [WARNING] [cloud-relay-host] background poll skipped SyntaxError: Unexpected token '<', "<!DOCTYPE "... is not valid JSON @ http://localhost:3000/static/js/bundle.js:176
[97311455ms] [ERROR] Failed to load resource: the server responded with a status of 404 (Not Found) @ http://localhost:3000/api/cloud-relay-host/tasks/process:0
[97311455ms] [WARNING] [cloud-relay-host] background poll skipped SyntaxError: Unexpected token '<', "<!DOCTYPE "... is not valid JSON @ http://localhost:3000/static/js/bundle.js:176
[97371815ms] [ERROR] Failed to load resource: the server responded with a status of 404 (Not Found) @ http://localhost:3000/api/cloud-relay-host/tasks/process:0
[97371817ms] [WARNING] [cloud-relay-host] background poll skipped SyntaxError: Unexpected token '<', "<!DOCTYPE "... is not valid JSON @ http://localhost:3000/static/js/bundle.js:176
[97431449ms] [ERROR] Failed to load resource: the server responded with a status of 404 (Not Found) @ http://localhost:3000/api/cloud-relay-host/tasks/process:0
[97431449ms] [WARNING] [cloud-relay-host] background poll skipped SyntaxError: Unexpected token '<', "<!DOCTYPE "... is not valid JSON @ http://localhost:3000/static/js/bundle.js:176
[97491951ms] [ERROR] Failed to load resource: the server responded with a status of 404 (Not Found) @ http://localhost:3000/api/cloud-relay-host/tasks/process:0
[97491956ms] [WARNING] [cloud-relay-host] background poll skipped SyntaxError: Unexpected token '<', "<!DOCTYPE "... is not valid JSON @ http://localhost:3000/static/js/bundle.js:176
[97551453ms] [ERROR] Failed to load resource: the server responded with a status of 404 (Not Found) @ http://localhost:3000/api/cloud-relay-host/tasks/process:0
[97551453ms] [WARNING] [cloud-relay-host] background poll skipped SyntaxError: Unexpected token '<', "<!DOCTYPE "... is not valid JSON @ http://localhost:3000/static/js/bundle.js:176
[97611833ms] [ERROR] Failed to load resource: the server responded with a status of 404 (Not Found) @ http://localhost:3000/api/cloud-relay-host/tasks/process:0
[97611835ms] [WARNING] [cloud-relay-host] background poll skipped SyntaxError: Unexpected token '<', "<!DOCTYPE "... is not valid JSON @ http://localhost:3000/static/js/bundle.js:176
[97671456ms] [ERROR] Failed to load resource: the server responded with a status of 404 (Not Found) @ http://localhost:3000/api/cloud-relay-host/tasks/process:0
[97671456ms] [WARNING] [cloud-relay-host] background poll skipped SyntaxError: Unexpected token '<', "<!DOCTYPE "... is not valid JSON @ http://localhost:3000/static/js/bundle.js:176
[97731816ms] [ERROR] Failed to load resource: the server responded with a status of 404 (Not Found) @ http://localhost:3000/api/cloud-relay-host/tasks/process:0
[97731818ms] [WARNING] [cloud-relay-host] background poll skipped SyntaxError: Unexpected token '<', "<!DOCTYPE "... is not valid JSON @ http://localhost:3000/static/js/bundle.js:176
[97791459ms] [ERROR] Failed to load resource: the server responded with a status of 404 (Not Found) @ http://localhost:3000/api/cloud-relay-host/tasks/process:0
[97791460ms] [WARNING] [cloud-relay-host] background poll skipped SyntaxError: Unexpected token '<', "<!DOCTYPE "... is not valid JSON @ http://localhost:3000/static/js/bundle.js:176
[97851800ms] [ERROR] Failed to load resource: the server responded with a status of 404 (Not Found) @ http://localhost:3000/api/cloud-relay-host/tasks/process:0
[97851806ms] [WARNING] [cloud-relay-host] background poll skipped SyntaxError: Unexpected token '<', "<!DOCTYPE "... is not valid JSON @ http://localhost:3000/static/js/bundle.js:176
[97911463ms] [ERROR] Failed to load resource: the server responded with a status of 404 (Not Found) @ http://localhost:3000/api/cloud-relay-host/tasks/process:0
[97911463ms] [WARNING] [cloud-relay-host] background poll skipped SyntaxError: Unexpected token '<', "<!DOCTYPE "... is not valid JSON @ http://localhost:3000/static/js/bundle.js:176
[97971824ms] [ERROR] Failed to load resource: the server responded with a status of 404 (Not Found) @ http://localhost:3000/api/cloud-relay-host/tasks/process:0
[97971826ms] [WARNING] [cloud-relay-host] background poll skipped SyntaxError: Unexpected token '<', "<!DOCTYPE "... is not valid JSON @ http://localhost:3000/static/js/bundle.js:176
[98031545ms] [ERROR] Failed to load resource: the server responded with a status of 404 (Not Found) @ http://localhost:3000/api/cloud-relay-host/tasks/process:0
[98031550ms] [WARNING] [cloud-relay-host] background poll skipped SyntaxError: Unexpected token '<', "<!DOCTYPE "... is not valid JSON @ http://localhost:3000/static/js/bundle.js:176
[98091793ms] [ERROR] Failed to load resource: the server responded with a status of 404 (Not Found) @ http://localhost:3000/api/cloud-relay-host/tasks/process:0
[98091793ms] [WARNING] [cloud-relay-host] background poll skipped SyntaxError: Unexpected token '<', "<!DOCTYPE "... is not valid JSON @ http://localhost:3000/static/js/bundle.js:176
[98151473ms] [ERROR] Failed to load resource: the server responded with a status of 404 (Not Found) @ http://localhost:3000/api/cloud-relay-host/tasks/process:0
[98151473ms] [WARNING] [cloud-relay-host] background poll skipped SyntaxError: Unexpected token '<', "<!DOCTYPE "... is not valid JSON @ http://localhost:3000/static/js/bundle.js:176
[98211940ms] [ERROR] Failed to load resource: the server responded with a status of 404 (Not Found) @ http://localhost:3000/api/cloud-relay-host/tasks/process:0
[98211942ms] [WARNING] [cloud-relay-host] background poll skipped SyntaxError: Unexpected token '<', "<!DOCTYPE "... is not valid JSON @ http://localhost:3000/static/js/bundle.js:176
[98271547ms] [ERROR] Failed to load resource: the server responded with a status of 404 (Not Found) @ http://localhost:3000/api/cloud-relay-host/tasks/process:0
[98271551ms] [WARNING] [cloud-relay-host] background poll skipped SyntaxError: Unexpected token '<', "<!DOCTYPE "... is not valid JSON @ http://localhost:3000/static/js/bundle.js:176
[98331807ms] [ERROR] Failed to load resource: the server responded with a status of 404 (Not Found) @ http://localhost:3000/api/cloud-relay-host/tasks/process:0
[98331808ms] [WARNING] [cloud-relay-host] background poll skipped SyntaxError: Unexpected token '<', "<!DOCTYPE "... is not valid JSON @ http://localhost:3000/static/js/bundle.js:176
[98391595ms] [ERROR] Failed to load resource: the server responded with a status of 404 (Not Found) @ http://localhost:3000/api/cloud-relay-host/tasks/process:0
[98391598ms] [WARNING] [cloud-relay-host] background poll skipped SyntaxError: Unexpected token '<', "<!DOCTYPE "... is not valid JSON @ http://localhost:3000/static/js/bundle.js:176
[98451789ms] [ERROR] Failed to load resource: the server responded with a status of 404 (Not Found) @ http://localhost:3000/api/cloud-relay-host/tasks/process:0
[98451790ms] [WARNING] [cloud-relay-host] background poll skipped SyntaxError: Unexpected token '<', "<!DOCTYPE "... is not valid JSON @ http://localhost:3000/static/js/bundle.js:176
[98511513ms] [ERROR] Failed to load resource: the server responded with a status of 404 (Not Found) @ http://localhost:3000/api/cloud-relay-host/tasks/process:0
[98511516ms] [WARNING] [cloud-relay-host] background poll skipped SyntaxError: Unexpected token '<', "<!DOCTYPE "... is not valid JSON @ http://localhost:3000/static/js/bundle.js:176
[98571778ms] [ERROR] Failed to load resource: the server responded with a status of 404 (Not Found) @ http://localhost:3000/api/cloud-relay-host/tasks/process:0
[98571778ms] [WARNING] [cloud-relay-host] background poll skipped SyntaxError: Unexpected token '<', "<!DOCTYPE "... is not valid JSON @ http://localhost:3000/static/js/bundle.js:176
[98631488ms] [ERROR] Failed to load resource: the server responded with a status of 404 (Not Found) @ http://localhost:3000/api/cloud-relay-host/tasks/process:0
[98631488ms] [WARNING] [cloud-relay-host] background poll skipped SyntaxError: Unexpected token '<', "<!DOCTYPE "... is not valid JSON @ http://localhost:3000/static/js/bundle.js:176
[98691784ms] [ERROR] Failed to load resource: the server responded with a status of 404 (Not Found) @ http://localhost:3000/api/cloud-relay-host/tasks/process:0
[98691785ms] [WARNING] [cloud-relay-host] background poll skipped SyntaxError: Unexpected token '<', "<!DOCTYPE "... is not valid JSON @ http://localhost:3000/static/js/bundle.js:176
[98751474ms] [ERROR] Failed to load resource: the server responded with a status of 404 (Not Found) @ http://localhost:3000/api/cloud-relay-host/tasks/process:0
[98751474ms] [WARNING] [cloud-relay-host] background poll skipped SyntaxError: Unexpected token '<', "<!DOCTYPE "... is not valid JSON @ http://localhost:3000/static/js/bundle.js:176
[98811885ms] [ERROR] Failed to load resource: the server responded with a status of 404 (Not Found) @ http://localhost:3000/api/cloud-relay-host/tasks/process:0
[98811887ms] [WARNING] [cloud-relay-host] background poll skipped SyntaxError: Unexpected token '<', "<!DOCTYPE "... is not valid JSON @ http://localhost:3000/static/js/bundle.js:176
[98871563ms] [ERROR] Failed to load resource: the server responded with a status of 404 (Not Found) @ http://localhost:3000/api/cloud-relay-host/tasks/process:0
[98871565ms] [WARNING] [cloud-relay-host] background poll skipped SyntaxError: Unexpected token '<', "<!DOCTYPE "... is not valid JSON @ http://localhost:3000/static/js/bundle.js:176
[98931783ms] [ERROR] Failed to load resource: the server responded with a status of 404 (Not Found) @ http://localhost:3000/api/cloud-relay-host/tasks/process:0
[98931783ms] [WARNING] [cloud-relay-host] background poll skipped SyntaxError: Unexpected token '<', "<!DOCTYPE "... is not valid JSON @ http://localhost:3000/static/js/bundle.js:176
[98991527ms] [ERROR] Failed to load resource: the server responded with a status of 404 (Not Found) @ http://localhost:3000/api/cloud-relay-host/tasks/process:0
[98991530ms] [WARNING] [cloud-relay-host] background poll skipped SyntaxError: Unexpected token '<', "<!DOCTYPE "... is not valid JSON @ http://localhost:3000/static/js/bundle.js:176
[99051811ms] [ERROR] Failed to load resource: the server responded with a status of 404 (Not Found) @ http://localhost:3000/api/cloud-relay-host/tasks/process:0
[99051812ms] [WARNING] [cloud-relay-host] background poll skipped SyntaxError: Unexpected token '<', "<!DOCTYPE "... is not valid JSON @ http://localhost:3000/static/js/bundle.js:176
[99111487ms] [ERROR] Failed to load resource: the server responded with a status of 404 (Not Found) @ http://localhost:3000/api/cloud-relay-host/tasks/process:0
[99111488ms] [WARNING] [cloud-relay-host] background poll skipped SyntaxError: Unexpected token '<', "<!DOCTYPE "... is not valid JSON @ http://localhost:3000/static/js/bundle.js:176
[99171809ms] [ERROR] Failed to load resource: the server responded with a status of 404 (Not Found) @ http://localhost:3000/api/cloud-relay-host/tasks/process:0
[99171809ms] [WARNING] [cloud-relay-host] background poll skipped SyntaxError: Unexpected token '<', "<!DOCTYPE "... is not valid JSON @ http://localhost:3000/static/js/bundle.js:176
[99231481ms] [ERROR] Failed to load resource: the server responded with a status of 404 (Not Found) @ http://localhost:3000/api/cloud-relay-host/tasks/process:0
[99231481ms] [WARNING] [cloud-relay-host] background poll skipped SyntaxError: Unexpected token '<', "<!DOCTYPE "... is not valid JSON @ http://localhost:3000/static/js/bundle.js:176
[99291866ms] [ERROR] Failed to load resource: the server responded with a status of 404 (Not Found) @ http://localhost:3000/api/cloud-relay-host/tasks/process:0
[99291867ms] [WARNING] [cloud-relay-host] background poll skipped SyntaxError: Unexpected token '<', "<!DOCTYPE "... is not valid JSON @ http://localhost:3000/static/js/bundle.js:176
[99351486ms] [ERROR] Failed to load resource: the server responded with a status of 404 (Not Found) @ http://localhost:3000/api/cloud-relay-host/tasks/process:0
[99351487ms] [WARNING] [cloud-relay-host] background poll skipped SyntaxError: Unexpected token '<', "<!DOCTYPE "... is not valid JSON @ http://localhost:3000/static/js/bundle.js:176
[99411841ms] [ERROR] Failed to load resource: the server responded with a status of 404 (Not Found) @ http://localhost:3000/api/cloud-relay-host/tasks/process:0
[99411842ms] [WARNING] [cloud-relay-host] background poll skipped SyntaxError: Unexpected token '<', "<!DOCTYPE "... is not valid JSON @ http://localhost:3000/static/js/bundle.js:176
[99471484ms] [ERROR] Failed to load resource: the server responded with a status of 404 (Not Found) @ http://localhost:3000/api/cloud-relay-host/tasks/process:0
[99471485ms] [WARNING] [cloud-relay-host] background poll skipped SyntaxError: Unexpected token '<', "<!DOCTYPE "... is not valid JSON @ http://localhost:3000/static/js/bundle.js:176
[99531829ms] [ERROR] Failed to load resource: the server responded with a status of 404 (Not Found) @ http://localhost:3000/api/cloud-relay-host/tasks/process:0
[99531830ms] [WARNING] [cloud-relay-host] background poll skipped SyntaxError: Unexpected token '<', "<!DOCTYPE "... is not valid JSON @ http://localhost:3000/static/js/bundle.js:176
[99591557ms] [ERROR] Failed to load resource: the server responded with a status of 404 (Not Found) @ http://localhost:3000/api/cloud-relay-host/tasks/process:0
[99591569ms] [WARNING] [cloud-relay-host] background poll skipped SyntaxError: Unexpected token '<', "<!DOCTYPE "... is not valid JSON @ http://localhost:3000/static/js/bundle.js:176
[99651815ms] [ERROR] Failed to load resource: the server responded with a status of 404 (Not Found) @ http://localhost:3000/api/cloud-relay-host/tasks/process:0
[99651815ms] [WARNING] [cloud-relay-host] background poll skipped SyntaxError: Unexpected token '<', "<!DOCTYPE "... is not valid JSON @ http://localhost:3000/static/js/bundle.js:176
[99711551ms] [ERROR] Failed to load resource: the server responded with a status of 404 (Not Found) @ http://localhost:3000/api/cloud-relay-host/tasks/process:0
[99711556ms] [WARNING] [cloud-relay-host] background poll skipped SyntaxError: Unexpected token '<', "<!DOCTYPE "... is not valid JSON @ http://localhost:3000/static/js/bundle.js:176
[99771812ms] [ERROR] Failed to load resource: the server responded with a status of 404 (Not Found) @ http://localhost:3000/api/cloud-relay-host/tasks/process:0
[99771813ms] [WARNING] [cloud-relay-host] background poll skipped SyntaxError: Unexpected token '<', "<!DOCTYPE "... is not valid JSON @ http://localhost:3000/static/js/bundle.js:176
[99831568ms] [ERROR] Failed to load resource: the server responded with a status of 404 (Not Found) @ http://localhost:3000/api/cloud-relay-host/tasks/process:0
[99831570ms] [WARNING] [cloud-relay-host] background poll skipped SyntaxError: Unexpected token '<', "<!DOCTYPE "... is not valid JSON @ http://localhost:3000/static/js/bundle.js:176
[99891807ms] [ERROR] Failed to load resource: the server responded with a status of 404 (Not Found) @ http://localhost:3000/api/cloud-relay-host/tasks/process:0
[99891807ms] [WARNING] [cloud-relay-host] background poll skipped SyntaxError: Unexpected token '<', "<!DOCTYPE "... is not valid JSON @ http://localhost:3000/static/js/bundle.js:176
[99951546ms] [ERROR] Failed to load resource: the server responded with a status of 404 (Not Found) @ http://localhost:3000/api/cloud-relay-host/tasks/process:0
[99951550ms] [WARNING] [cloud-relay-host] background poll skipped SyntaxError: Unexpected token '<', "<!DOCTYPE "... is not valid JSON @ http://localhost:3000/static/js/bundle.js:176
[100011996ms] [ERROR] Failed to load resource: the server responded with a status of 404 (Not Found) @ http://localhost:3000/api/cloud-relay-host/tasks/process:0
[100011997ms] [WARNING] [cloud-relay-host] background poll skipped SyntaxError: Unexpected token '<', "<!DOCTYPE "... is not valid JSON @ http://localhost:3000/static/js/bundle.js:176
[100071536ms] [ERROR] Failed to load resource: the server responded with a status of 404 (Not Found) @ http://localhost:3000/api/cloud-relay-host/tasks/process:0
[100071539ms] [WARNING] [cloud-relay-host] background poll skipped SyntaxError: Unexpected token '<', "<!DOCTYPE "... is not valid JSON @ http://localhost:3000/static/js/bundle.js:176
[100131814ms] [ERROR] Failed to load resource: the server responded with a status of 404 (Not Found) @ http://localhost:3000/api/cloud-relay-host/tasks/process:0
[100131815ms] [WARNING] [cloud-relay-host] background poll skipped SyntaxError: Unexpected token '<', "<!DOCTYPE "... is not valid JSON @ http://localhost:3000/static/js/bundle.js:176
[100191500ms] [ERROR] Failed to load resource: the server responded with a status of 404 (Not Found) @ http://localhost:3000/api/cloud-relay-host/tasks/process:0
[100191500ms] [WARNING] [cloud-relay-host] background poll skipped SyntaxError: Unexpected token '<', "<!DOCTYPE "... is not valid JSON @ http://localhost:3000/static/js/bundle.js:176
[100251814ms] [ERROR] Failed to load resource: the server responded with a status of 404 (Not Found) @ http://localhost:3000/api/cloud-relay-host/tasks/process:0
[100251815ms] [WARNING] [cloud-relay-host] background poll skipped SyntaxError: Unexpected token '<', "<!DOCTYPE "... is not valid JSON @ http://localhost:3000/static/js/bundle.js:176
[100311571ms] [ERROR] Failed to load resource: the server responded with a status of 404 (Not Found) @ http://localhost:3000/api/cloud-relay-host/tasks/process:0
[100311579ms] [WARNING] [cloud-relay-host] background poll skipped SyntaxError: Unexpected token '<', "<!DOCTYPE "... is not valid JSON @ http://localhost:3000/static/js/bundle.js:176
[100371812ms] [ERROR] Failed to load resource: the server responded with a status of 404 (Not Found) @ http://localhost:3000/api/cloud-relay-host/tasks/process:0
[100371813ms] [WARNING] [cloud-relay-host] background poll skipped SyntaxError: Unexpected token '<', "<!DOCTYPE "... is not valid JSON @ http://localhost:3000/static/js/bundle.js:176
[100431547ms] [ERROR] Failed to load resource: the server responded with a status of 404 (Not Found) @ http://localhost:3000/api/cloud-relay-host/tasks/process:0
[100431549ms] [WARNING] [cloud-relay-host] background poll skipped SyntaxError: Unexpected token '<', "<!DOCTYPE "... is not valid JSON @ http://localhost:3000/static/js/bundle.js:176
[100491813ms] [ERROR] Failed to load resource: the server responded with a status of 404 (Not Found) @ http://localhost:3000/api/cloud-relay-host/tasks/process:0
[100491814ms] [WARNING] [cloud-relay-host] background poll skipped SyntaxError: Unexpected token '<', "<!DOCTYPE "... is not valid JSON @ http://localhost:3000/static/js/bundle.js:176
[100551563ms] [ERROR] Failed to load resource: the server responded with a status of 404 (Not Found) @ http://localhost:3000/api/cloud-relay-host/tasks/process:0
[100551565ms] [WARNING] [cloud-relay-host] background poll skipped SyntaxError: Unexpected token '<', "<!DOCTYPE "... is not valid JSON @ http://localhost:3000/static/js/bundle.js:176
[100611815ms] [ERROR] Failed to load resource: the server responded with a status of 404 (Not Found) @ http://localhost:3000/api/cloud-relay-host/tasks/process:0
[100611816ms] [WARNING] [cloud-relay-host] background poll skipped SyntaxError: Unexpected token '<', "<!DOCTYPE "... is not valid JSON @ http://localhost:3000/static/js/bundle.js:176
[100671553ms] [ERROR] Failed to load resource: the server responded with a status of 404 (Not Found) @ http://localhost:3000/api/cloud-relay-host/tasks/process:0
[100671564ms] [WARNING] [cloud-relay-host] background poll skipped SyntaxError: Unexpected token '<', "<!DOCTYPE "... is not valid JSON @ http://localhost:3000/static/js/bundle.js:176
[100731839ms] [ERROR] Failed to load resource: the server responded with a status of 404 (Not Found) @ http://localhost:3000/api/cloud-relay-host/tasks/process:0
[100731839ms] [WARNING] [cloud-relay-host] background poll skipped SyntaxError: Unexpected token '<', "<!DOCTYPE "... is not valid JSON @ http://localhost:3000/static/js/bundle.js:176
[100791546ms] [ERROR] Failed to load resource: the server responded with a status of 404 (Not Found) @ http://localhost:3000/api/cloud-relay-host/tasks/process:0
[100791548ms] [WARNING] [cloud-relay-host] background poll skipped SyntaxError: Unexpected token '<', "<!DOCTYPE "... is not valid JSON @ http://localhost:3000/static/js/bundle.js:176
[100851818ms] [ERROR] Failed to load resource: the server responded with a status of 404 (Not Found) @ http://localhost:3000/api/cloud-relay-host/tasks/process:0
[100851818ms] [WARNING] [cloud-relay-host] background poll skipped SyntaxError: Unexpected token '<', "<!DOCTYPE "... is not valid JSON @ http://localhost:3000/static/js/bundle.js:176
[100911572ms] [ERROR] Failed to load resource: the server responded with a status of 404 (Not Found) @ http://localhost:3000/api/cloud-relay-host/tasks/process:0
[100911574ms] [WARNING] [cloud-relay-host] background poll skipped SyntaxError: Unexpected token '<', "<!DOCTYPE "... is not valid JSON @ http://localhost:3000/static/js/bundle.js:176
[100971832ms] [ERROR] Failed to load resource: the server responded with a status of 404 (Not Found) @ http://localhost:3000/api/cloud-relay-host/tasks/process:0
[100971833ms] [WARNING] [cloud-relay-host] background poll skipped SyntaxError: Unexpected token '<', "<!DOCTYPE "... is not valid JSON @ http://localhost:3000/static/js/bundle.js:176
[101031563ms] [ERROR] Failed to load resource: the server responded with a status of 404 (Not Found) @ http://localhost:3000/api/cloud-relay-host/tasks/process:0
[101031567ms] [WARNING] [cloud-relay-host] background poll skipped SyntaxError: Unexpected token '<', "<!DOCTYPE "... is not valid JSON @ http://localhost:3000/static/js/bundle.js:176
[101091823ms] [ERROR] Failed to load resource: the server responded with a status of 404 (Not Found) @ http://localhost:3000/api/cloud-relay-host/tasks/process:0
[101091823ms] [WARNING] [cloud-relay-host] background poll skipped SyntaxError: Unexpected token '<', "<!DOCTYPE "... is not valid JSON @ http://localhost:3000/static/js/bundle.js:176
[101151569ms] [ERROR] Failed to load resource: the server responded with a status of 404 (Not Found) @ http://localhost:3000/api/cloud-relay-host/tasks/process:0
[101151571ms] [WARNING] [cloud-relay-host] background poll skipped SyntaxError: Unexpected token '<', "<!DOCTYPE "... is not valid JSON @ http://localhost:3000/static/js/bundle.js:176
[101211832ms] [ERROR] Failed to load resource: the server responded with a status of 404 (Not Found) @ http://localhost:3000/api/cloud-relay-host/tasks/process:0
[101211833ms] [WARNING] [cloud-relay-host] background poll skipped SyntaxError: Unexpected token '<', "<!DOCTYPE "... is not valid JSON @ http://localhost:3000/static/js/bundle.js:176
[101271569ms] [ERROR] Failed to load resource: the server responded with a status of 404 (Not Found) @ http://localhost:3000/api/cloud-relay-host/tasks/process:0
[101271571ms] [WARNING] [cloud-relay-host] background poll skipped SyntaxError: Unexpected token '<', "<!DOCTYPE "... is not valid JSON @ http://localhost:3000/static/js/bundle.js:176
[101331908ms] [ERROR] Failed to load resource: the server responded with a status of 404 (Not Found) @ http://localhost:3000/api/cloud-relay-host/tasks/process:0
[101331909ms] [WARNING] [cloud-relay-host] background poll skipped SyntaxError: Unexpected token '<', "<!DOCTYPE "... is not valid JSON @ http://localhost:3000/static/js/bundle.js:176
[101391525ms] [ERROR] Failed to load resource: the server responded with a status of 404 (Not Found) @ http://localhost:3000/api/cloud-relay-host/tasks/process:0
[101391525ms] [WARNING] [cloud-relay-host] background poll skipped SyntaxError: Unexpected token '<', "<!DOCTYPE "... is not valid JSON @ http://localhost:3000/static/js/bundle.js:176
[101451989ms] [ERROR] Failed to load resource: the server responded with a status of 404 (Not Found) @ http://localhost:3000/api/cloud-relay-host/tasks/process:0
[101451991ms] [WARNING] [cloud-relay-host] background poll skipped SyntaxError: Unexpected token '<', "<!DOCTYPE "... is not valid JSON @ http://localhost:3000/static/js/bundle.js:176
[101511606ms] [ERROR] Failed to load resource: the server responded with a status of 404 (Not Found) @ http://localhost:3000/api/cloud-relay-host/tasks/process:0
[101511606ms] [WARNING] [cloud-relay-host] background poll skipped SyntaxError: Unexpected token '<', "<!DOCTYPE "... is not valid JSON @ http://localhost:3000/static/js/bundle.js:176
[101571905ms] [ERROR] Failed to load resource: the server responded with a status of 404 (Not Found) @ http://localhost:3000/api/cloud-relay-host/tasks/process:0
[101571907ms] [WARNING] [cloud-relay-host] background poll skipped SyntaxError: Unexpected token '<', "<!DOCTYPE "... is not valid JSON @ http://localhost:3000/static/js/bundle.js:176
[101631528ms] [ERROR] Failed to load resource: the server responded with a status of 404 (Not Found) @ http://localhost:3000/api/cloud-relay-host/tasks/process:0
[101631528ms] [WARNING] [cloud-relay-host] background poll skipped SyntaxError: Unexpected token '<', "<!DOCTYPE "... is not valid JSON @ http://localhost:3000/static/js/bundle.js:176
[101691923ms] [ERROR] Failed to load resource: the server responded with a status of 404 (Not Found) @ http://localhost:3000/api/cloud-relay-host/tasks/process:0
[101691925ms] [WARNING] [cloud-relay-host] background poll skipped SyntaxError: Unexpected token '<', "<!DOCTYPE "... is not valid JSON @ http://localhost:3000/static/js/bundle.js:176
[101751531ms] [ERROR] Failed to load resource: the server responded with a status of 404 (Not Found) @ http://localhost:3000/api/cloud-relay-host/tasks/process:0
[101751531ms] [WARNING] [cloud-relay-host] background poll skipped SyntaxError: Unexpected token '<', "<!DOCTYPE "... is not valid JSON @ http://localhost:3000/static/js/bundle.js:176
[101811918ms] [ERROR] Failed to load resource: the server responded with a status of 404 (Not Found) @ http://localhost:3000/api/cloud-relay-host/tasks/process:0
[101811920ms] [WARNING] [cloud-relay-host] background poll skipped SyntaxError: Unexpected token '<', "<!DOCTYPE "... is not valid JSON @ http://localhost:3000/static/js/bundle.js:176
[101871538ms] [ERROR] Failed to load resource: the server responded with a status of 404 (Not Found) @ http://localhost:3000/api/cloud-relay-host/tasks/process:0
[101871539ms] [WARNING] [cloud-relay-host] background poll skipped SyntaxError: Unexpected token '<', "<!DOCTYPE "... is not valid JSON @ http://localhost:3000/static/js/bundle.js:176
[101931880ms] [ERROR] Failed to load resource: the server responded with a status of 404 (Not Found) @ http://localhost:3000/api/cloud-relay-host/tasks/process:0
[101931883ms] [WARNING] [cloud-relay-host] background poll skipped SyntaxError: Unexpected token '<', "<!DOCTYPE "... is not valid JSON @ http://localhost:3000/static/js/bundle.js:176
[101991613ms] [ERROR] Failed to load resource: the server responded with a status of 404 (Not Found) @ http://localhost:3000/api/cloud-relay-host/tasks/process:0
[101991618ms] [WARNING] [cloud-relay-host] background poll skipped SyntaxError: Unexpected token '<', "<!DOCTYPE "... is not valid JSON @ http://localhost:3000/static/js/bundle.js:176
[102051839ms] [ERROR] Failed to load resource: the server responded with a status of 404 (Not Found) @ http://localhost:3000/api/cloud-relay-host/tasks/process:0
[102051840ms] [WARNING] [cloud-relay-host] background poll skipped SyntaxError: Unexpected token '<', "<!DOCTYPE "... is not valid JSON @ http://localhost:3000/static/js/bundle.js:176
[102111583ms] [ERROR] Failed to load resource: the server responded with a status of 404 (Not Found) @ http://localhost:3000/api/cloud-relay-host/tasks/process:0
[102111585ms] [WARNING] [cloud-relay-host] background poll skipped SyntaxError: Unexpected token '<', "<!DOCTYPE "... is not valid JSON @ http://localhost:3000/static/js/bundle.js:176
[102171859ms] [ERROR] Failed to load resource: the server responded with a status of 404 (Not Found) @ http://localhost:3000/api/cloud-relay-host/tasks/process:0
[102171860ms] [WARNING] [cloud-relay-host] background poll skipped SyntaxError: Unexpected token '<', "<!DOCTYPE "... is not valid JSON @ http://localhost:3000/static/js/bundle.js:176
[102231603ms] [ERROR] Failed to load resource: the server responded with a status of 404 (Not Found) @ http://localhost:3000/api/cloud-relay-host/tasks/process:0
[102231607ms] [WARNING] [cloud-relay-host] background poll skipped SyntaxError: Unexpected token '<', "<!DOCTYPE "... is not valid JSON @ http://localhost:3000/static/js/bundle.js:176
[102291837ms] [ERROR] Failed to load resource: the server responded with a status of 404 (Not Found) @ http://localhost:3000/api/cloud-relay-host/tasks/process:0
[102291837ms] [WARNING] [cloud-relay-host] background poll skipped SyntaxError: Unexpected token '<', "<!DOCTYPE "... is not valid JSON @ http://localhost:3000/static/js/bundle.js:176
[102351609ms] [ERROR] Failed to load resource: the server responded with a status of 404 (Not Found) @ http://localhost:3000/api/cloud-relay-host/tasks/process:0
[102351610ms] [WARNING] [cloud-relay-host] background poll skipped SyntaxError: Unexpected token '<', "<!DOCTYPE "... is not valid JSON @ http://localhost:3000/static/js/bundle.js:176
[102411844ms] [ERROR] Failed to load resource: the server responded with a status of 404 (Not Found) @ http://localhost:3000/api/cloud-relay-host/tasks/process:0
[102411844ms] [WARNING] [cloud-relay-host] background poll skipped SyntaxError: Unexpected token '<', "<!DOCTYPE "... is not valid JSON @ http://localhost:3000/static/js/bundle.js:176
[102471602ms] [ERROR] Failed to load resource: the server responded with a status of 404 (Not Found) @ http://localhost:3000/api/cloud-relay-host/tasks/process:0
[102471604ms] [WARNING] [cloud-relay-host] background poll skipped SyntaxError: Unexpected token '<', "<!DOCTYPE "... is not valid JSON @ http://localhost:3000/static/js/bundle.js:176
[102531852ms] [ERROR] Failed to load resource: the server responded with a status of 404 (Not Found) @ http://localhost:3000/api/cloud-relay-host/tasks/process:0
[102531852ms] [WARNING] [cloud-relay-host] background poll skipped SyntaxError: Unexpected token '<', "<!DOCTYPE "... is not valid JSON @ http://localhost:3000/static/js/bundle.js:176
[102591599ms] [ERROR] Failed to load resource: the server responded with a status of 404 (Not Found) @ http://localhost:3000/api/cloud-relay-host/tasks/process:0
[102591603ms] [WARNING] [cloud-relay-host] background poll skipped SyntaxError: Unexpected token '<', "<!DOCTYPE "... is not valid JSON @ http://localhost:3000/static/js/bundle.js:176
[102651857ms] [ERROR] Failed to load resource: the server responded with a status of 404 (Not Found) @ http://localhost:3000/api/cloud-relay-host/tasks/process:0
[102651858ms] [WARNING] [cloud-relay-host] background poll skipped SyntaxError: Unexpected token '<', "<!DOCTYPE "... is not valid JSON @ http://localhost:3000/static/js/bundle.js:176
[102711588ms] [ERROR] Failed to load resource: the server responded with a status of 404 (Not Found) @ http://localhost:3000/api/cloud-relay-host/tasks/process:0
[102711591ms] [WARNING] [cloud-relay-host] background poll skipped SyntaxError: Unexpected token '<', "<!DOCTYPE "... is not valid JSON @ http://localhost:3000/static/js/bundle.js:176
[102771915ms] [ERROR] Failed to load resource: the server responded with a status of 404 (Not Found) @ http://localhost:3000/api/cloud-relay-host/tasks/process:0
[102771918ms] [WARNING] [cloud-relay-host] background poll skipped SyntaxError: Unexpected token '<', "<!DOCTYPE "... is not valid JSON @ http://localhost:3000/static/js/bundle.js:176
[102831545ms] [ERROR] Failed to load resource: the server responded with a status of 404 (Not Found) @ http://localhost:3000/api/cloud-relay-host/tasks/process:0
[102831546ms] [WARNING] [cloud-relay-host] background poll skipped SyntaxError: Unexpected token '<', "<!DOCTYPE "... is not valid JSON @ http://localhost:3000/static/js/bundle.js:176
[102891924ms] [ERROR] Failed to load resource: the server responded with a status of 404 (Not Found) @ http://localhost:3000/api/cloud-relay-host/tasks/process:0
[102891926ms] [WARNING] [cloud-relay-host] background poll skipped SyntaxError: Unexpected token '<', "<!DOCTYPE "... is not valid JSON @ http://localhost:3000/static/js/bundle.js:176
[102951557ms] [ERROR] Failed to load resource: the server responded with a status of 404 (Not Found) @ http://localhost:3000/api/cloud-relay-host/tasks/process:0
[102951557ms] [WARNING] [cloud-relay-host] background poll skipped SyntaxError: Unexpected token '<', "<!DOCTYPE "... is not valid JSON @ http://localhost:3000/static/js/bundle.js:176
[103011915ms] [ERROR] Failed to load resource: the server responded with a status of 404 (Not Found) @ http://localhost:3000/api/cloud-relay-host/tasks/process:0
[103011920ms] [WARNING] [cloud-relay-host] background poll skipped SyntaxError: Unexpected token '<', "<!DOCTYPE "... is not valid JSON @ http://localhost:3000/static/js/bundle.js:176
[103071557ms] [ERROR] Failed to load resource: the server responded with a status of 404 (Not Found) @ http://localhost:3000/api/cloud-relay-host/tasks/process:0
[103071558ms] [WARNING] [cloud-relay-host] background poll skipped SyntaxError: Unexpected token '<', "<!DOCTYPE "... is not valid JSON @ http://localhost:3000/static/js/bundle.js:176
[103131897ms] [ERROR] Failed to load resource: the server responded with a status of 404 (Not Found) @ http://localhost:3000/api/cloud-relay-host/tasks/process:0
[103131899ms] [WARNING] [cloud-relay-host] background poll skipped SyntaxError: Unexpected token '<', "<!DOCTYPE "... is not valid JSON @ http://localhost:3000/static/js/bundle.js:176
[103191553ms] [ERROR] Failed to load resource: the server responded with a status of 404 (Not Found) @ http://localhost:3000/api/cloud-relay-host/tasks/process:0
[103191556ms] [WARNING] [cloud-relay-host] background poll skipped SyntaxError: Unexpected token '<', "<!DOCTYPE "... is not valid JSON @ http://localhost:3000/static/js/bundle.js:176
[103251906ms] [ERROR] Failed to load resource: the server responded with a status of 404 (Not Found) @ http://localhost:3000/api/cloud-relay-host/tasks/process:0
[103251909ms] [WARNING] [cloud-relay-host] background poll skipped SyntaxError: Unexpected token '<', "<!DOCTYPE "... is not valid JSON @ http://localhost:3000/static/js/bundle.js:176
[103311612ms] [ERROR] Failed to load resource: the server responded with a status of 404 (Not Found) @ http://localhost:3000/api/cloud-relay-host/tasks/process:0
[103311615ms] [WARNING] [cloud-relay-host] background poll skipped SyntaxError: Unexpected token '<', "<!DOCTYPE "... is not valid JSON @ http://localhost:3000/static/js/bundle.js:176
[103371870ms] [ERROR] Failed to load resource: the server responded with a status of 404 (Not Found) @ http://localhost:3000/api/cloud-relay-host/tasks/process:0
[103371871ms] [WARNING] [cloud-relay-host] background poll skipped SyntaxError: Unexpected token '<', "<!DOCTYPE "... is not valid JSON @ http://localhost:3000/static/js/bundle.js:176
[103431614ms] [ERROR] Failed to load resource: the server responded with a status of 404 (Not Found) @ http://localhost:3000/api/cloud-relay-host/tasks/process:0
[103431617ms] [WARNING] [cloud-relay-host] background poll skipped SyntaxError: Unexpected token '<', "<!DOCTYPE "... is not valid JSON @ http://localhost:3000/static/js/bundle.js:176
[103491888ms] [ERROR] Failed to load resource: the server responded with a status of 404 (Not Found) @ http://localhost:3000/api/cloud-relay-host/tasks/process:0
[103491888ms] [WARNING] [cloud-relay-host] background poll skipped SyntaxError: Unexpected token '<', "<!DOCTYPE "... is not valid JSON @ http://localhost:3000/static/js/bundle.js:176
[103551683ms] [ERROR] Failed to load resource: the server responded with a status of 404 (Not Found) @ http://localhost:3000/api/cloud-relay-host/tasks/process:0
[103551686ms] [WARNING] [cloud-relay-host] background poll skipped SyntaxError: Unexpected token '<', "<!DOCTYPE "... is not valid JSON @ http://localhost:3000/static/js/bundle.js:176
[103611885ms] [ERROR] Failed to load resource: the server responded with a status of 404 (Not Found) @ http://localhost:3000/api/cloud-relay-host/tasks/process:0
[103611885ms] [WARNING] [cloud-relay-host] background poll skipped SyntaxError: Unexpected token '<', "<!DOCTYPE "... is not valid JSON @ http://localhost:3000/static/js/bundle.js:176
[103671740ms] [ERROR] Failed to load resource: the server responded with a status of 404 (Not Found) @ http://localhost:3000/api/cloud-relay-host/tasks/process:0
[103671742ms] [WARNING] [cloud-relay-host] background poll skipped SyntaxError: Unexpected token '<', "<!DOCTYPE "... is not valid JSON @ http://localhost:3000/static/js/bundle.js:176
[103731870ms] [ERROR] Failed to load resource: the server responded with a status of 404 (Not Found) @ http://localhost:3000/api/cloud-relay-host/tasks/process:0
[103731870ms] [WARNING] [cloud-relay-host] background poll skipped SyntaxError: Unexpected token '<', "<!DOCTYPE "... is not valid JSON @ http://localhost:3000/static/js/bundle.js:176
[103791578ms] [ERROR] Failed to load resource: the server responded with a status of 404 (Not Found) @ http://localhost:3000/api/cloud-relay-host/tasks/process:0
[103791579ms] [WARNING] [cloud-relay-host] background poll skipped SyntaxError: Unexpected token '<', "<!DOCTYPE "... is not valid JSON @ http://localhost:3000/static/js/bundle.js:176
[103851991ms] [ERROR] Failed to load resource: the server responded with a status of 404 (Not Found) @ http://localhost:3000/api/cloud-relay-host/tasks/process:0
[103851994ms] [WARNING] [cloud-relay-host] background poll skipped SyntaxError: Unexpected token '<', "<!DOCTYPE "... is not valid JSON @ http://localhost:3000/static/js/bundle.js:176
[103911576ms] [ERROR] Failed to load resource: the server responded with a status of 404 (Not Found) @ http://localhost:3000/api/cloud-relay-host/tasks/process:0
[103911577ms] [WARNING] [cloud-relay-host] background poll skipped SyntaxError: Unexpected token '<', "<!DOCTYPE "... is not valid JSON @ http://localhost:3000/static/js/bundle.js:176
[103971963ms] [ERROR] Failed to load resource: the server responded with a status of 404 (Not Found) @ http://localhost:3000/api/cloud-relay-host/tasks/process:0
[103971965ms] [WARNING] [cloud-relay-host] background poll skipped SyntaxError: Unexpected token '<', "<!DOCTYPE "... is not valid JSON @ http://localhost:3000/static/js/bundle.js:176
[104031571ms] [ERROR] Failed to load resource: the server responded with a status of 404 (Not Found) @ http://localhost:3000/api/cloud-relay-host/tasks/process:0
[104031571ms] [WARNING] [cloud-relay-host] background poll skipped SyntaxError: Unexpected token '<', "<!DOCTYPE "... is not valid JSON @ http://localhost:3000/static/js/bundle.js:176
[104092009ms] [ERROR] Failed to load resource: the server responded with a status of 404 (Not Found) @ http://localhost:3000/api/cloud-relay-host/tasks/process:0
[104092011ms] [WARNING] [cloud-relay-host] background poll skipped SyntaxError: Unexpected token '<', "<!DOCTYPE "... is not valid JSON @ http://localhost:3000/static/js/bundle.js:176
[104151705ms] [ERROR] Failed to load resource: the server responded with a status of 404 (Not Found) @ http://localhost:3000/api/cloud-relay-host/tasks/process:0
[104151707ms] [WARNING] [cloud-relay-host] background poll skipped SyntaxError: Unexpected token '<', "<!DOCTYPE "... is not valid JSON @ http://localhost:3000/static/js/bundle.js:176
[104211894ms] [ERROR] Failed to load resource: the server responded with a status of 404 (Not Found) @ http://localhost:3000/api/cloud-relay-host/tasks/process:0
[104211894ms] [WARNING] [cloud-relay-host] background poll skipped SyntaxError: Unexpected token '<', "<!DOCTYPE "... is not valid JSON @ http://localhost:3000/static/js/bundle.js:176
[104271630ms] [ERROR] Failed to load resource: the server responded with a status of 404 (Not Found) @ http://localhost:3000/api/cloud-relay-host/tasks/process:0
[104271637ms] [WARNING] [cloud-relay-host] background poll skipped SyntaxError: Unexpected token '<', "<!DOCTYPE "... is not valid JSON @ http://localhost:3000/static/js/bundle.js:176
[104331898ms] [ERROR] Failed to load resource: the server responded with a status of 404 (Not Found) @ http://localhost:3000/api/cloud-relay-host/tasks/process:0
[104331899ms] [WARNING] [cloud-relay-host] background poll skipped SyntaxError: Unexpected token '<', "<!DOCTYPE "... is not valid JSON @ http://localhost:3000/static/js/bundle.js:176
[104391619ms] [ERROR] Failed to load resource: the server responded with a status of 404 (Not Found) @ http://localhost:3000/api/cloud-relay-host/tasks/process:0
[104391623ms] [WARNING] [cloud-relay-host] background poll skipped SyntaxError: Unexpected token '<', "<!DOCTYPE "... is not valid JSON @ http://localhost:3000/static/js/bundle.js:176
[104451889ms] [ERROR] Failed to load resource: the server responded with a status of 404 (Not Found) @ http://localhost:3000/api/cloud-relay-host/tasks/process:0
[104451889ms] [WARNING] [cloud-relay-host] background poll skipped SyntaxError: Unexpected token '<', "<!DOCTYPE "... is not valid JSON @ http://localhost:3000/static/js/bundle.js:176
[104511614ms] [ERROR] Failed to load resource: the server responded with a status of 404 (Not Found) @ http://localhost:3000/api/cloud-relay-host/tasks/process:0
[104511617ms] [WARNING] [cloud-relay-host] background poll skipped SyntaxError: Unexpected token '<', "<!DOCTYPE "... is not valid JSON @ http://localhost:3000/static/js/bundle.js:176
[104571901ms] [ERROR] Failed to load resource: the server responded with a status of 404 (Not Found) @ http://localhost:3000/api/cloud-relay-host/tasks/process:0
[104571902ms] [WARNING] [cloud-relay-host] background poll skipped SyntaxError: Unexpected token '<', "<!DOCTYPE "... is not valid JSON @ http://localhost:3000/static/js/bundle.js:176
[104631591ms] [ERROR] Failed to load resource: the server responded with a status of 404 (Not Found) @ http://localhost:3000/api/cloud-relay-host/tasks/process:0
[104631592ms] [WARNING] [cloud-relay-host] background poll skipped SyntaxError: Unexpected token '<', "<!DOCTYPE "... is not valid JSON @ http://localhost:3000/static/js/bundle.js:176
[104691899ms] [ERROR] Failed to load resource: the server responded with a status of 404 (Not Found) @ http://localhost:3000/api/cloud-relay-host/tasks/process:0
[104691900ms] [WARNING] [cloud-relay-host] background poll skipped SyntaxError: Unexpected token '<', "<!DOCTYPE "... is not valid JSON @ http://localhost:3000/static/js/bundle.js:176
[104751588ms] [ERROR] Failed to load resource: the server responded with a status of 404 (Not Found) @ http://localhost:3000/api/cloud-relay-host/tasks/process:0
[104751589ms] [WARNING] [cloud-relay-host] background poll skipped SyntaxError: Unexpected token '<', "<!DOCTYPE "... is not valid JSON @ http://localhost:3000/static/js/bundle.js:176
[104811978ms] [ERROR] Failed to load resource: the server responded with a status of 404 (Not Found) @ http://localhost:3000/api/cloud-relay-host/tasks/process:0
[104811980ms] [WARNING] [cloud-relay-host] background poll skipped SyntaxError: Unexpected token '<', "<!DOCTYPE "... is not valid JSON @ http://localhost:3000/static/js/bundle.js:176
[104871590ms] [ERROR] Failed to load resource: the server responded with a status of 404 (Not Found) @ http://localhost:3000/api/cloud-relay-host/tasks/process:0
[104871590ms] [WARNING] [cloud-relay-host] background poll skipped SyntaxError: Unexpected token '<', "<!DOCTYPE "... is not valid JSON @ http://localhost:3000/static/js/bundle.js:176
[104931899ms] [ERROR] Failed to load resource: the server responded with a status of 404 (Not Found) @ http://localhost:3000/api/cloud-relay-host/tasks/process:0
[104931899ms] [WARNING] [cloud-relay-host] background poll skipped SyntaxError: Unexpected token '<', "<!DOCTYPE "... is not valid JSON @ http://localhost:3000/static/js/bundle.js:176
[104991598ms] [ERROR] Failed to load resource: the server responded with a status of 404 (Not Found) @ http://localhost:3000/api/cloud-relay-host/tasks/process:0
[104991599ms] [WARNING] [cloud-relay-host] background poll skipped SyntaxError: Unexpected token '<', "<!DOCTYPE "... is not valid JSON @ http://localhost:3000/static/js/bundle.js:176
[105051909ms] [ERROR] Failed to load resource: the server responded with a status of 404 (Not Found) @ http://localhost:3000/api/cloud-relay-host/tasks/process:0
[105051909ms] [WARNING] [cloud-relay-host] background poll skipped SyntaxError: Unexpected token '<', "<!DOCTYPE "... is not valid JSON @ http://localhost:3000/static/js/bundle.js:176
[105111618ms] [ERROR] Failed to load resource: the server responded with a status of 404 (Not Found) @ http://localhost:3000/api/cloud-relay-host/tasks/process:0
[105111621ms] [WARNING] [cloud-relay-host] background poll skipped SyntaxError: Unexpected token '<', "<!DOCTYPE "... is not valid JSON @ http://localhost:3000/static/js/bundle.js:176
[105171893ms] [ERROR] Failed to load resource: the server responded with a status of 404 (Not Found) @ http://localhost:3000/api/cloud-relay-host/tasks/process:0
[105171894ms] [WARNING] [cloud-relay-host] background poll skipped SyntaxError: Unexpected token '<', "<!DOCTYPE "... is not valid JSON @ http://localhost:3000/static/js/bundle.js:176
[105231653ms] [ERROR] Failed to load resource: the server responded with a status of 404 (Not Found) @ http://localhost:3000/api/cloud-relay-host/tasks/process:0
[105231659ms] [WARNING] [cloud-relay-host] background poll skipped SyntaxError: Unexpected token '<', "<!DOCTYPE "... is not valid JSON @ http://localhost:3000/static/js/bundle.js:176
[105291910ms] [ERROR] Failed to load resource: the server responded with a status of 404 (Not Found) @ http://localhost:3000/api/cloud-relay-host/tasks/process:0
[105291911ms] [WARNING] [cloud-relay-host] background poll skipped SyntaxError: Unexpected token '<', "<!DOCTYPE "... is not valid JSON @ http://localhost:3000/static/js/bundle.js:176
[105351592ms] [ERROR] Failed to load resource: the server responded with a status of 404 (Not Found) @ http://localhost:3000/api/cloud-relay-host/tasks/process:0
[105351593ms] [WARNING] [cloud-relay-host] background poll skipped SyntaxError: Unexpected token '<', "<!DOCTYPE "... is not valid JSON @ http://localhost:3000/static/js/bundle.js:176
[105411929ms] [ERROR] Failed to load resource: the server responded with a status of 404 (Not Found) @ http://localhost:3000/api/cloud-relay-host/tasks/process:0
[105411929ms] [WARNING] [cloud-relay-host] background poll skipped SyntaxError: Unexpected token '<', "<!DOCTYPE "... is not valid JSON @ http://localhost:3000/static/js/bundle.js:176
[105471600ms] [ERROR] Failed to load resource: the server responded with a status of 404 (Not Found) @ http://localhost:3000/api/cloud-relay-host/tasks/process:0
[105471600ms] [WARNING] [cloud-relay-host] background poll skipped SyntaxError: Unexpected token '<', "<!DOCTYPE "... is not valid JSON @ http://localhost:3000/static/js/bundle.js:176
[105531920ms] [ERROR] Failed to load resource: the server responded with a status of 404 (Not Found) @ http://localhost:3000/api/cloud-relay-host/tasks/process:0
[105531920ms] [WARNING] [cloud-relay-host] background poll skipped SyntaxError: Unexpected token '<', "<!DOCTYPE "... is not valid JSON @ http://localhost:3000/static/js/bundle.js:176
[105591603ms] [ERROR] Failed to load resource: the server responded with a status of 404 (Not Found) @ http://localhost:3000/api/cloud-relay-host/tasks/process:0
[105591604ms] [WARNING] [cloud-relay-host] background poll skipped SyntaxError: Unexpected token '<', "<!DOCTYPE "... is not valid JSON @ http://localhost:3000/static/js/bundle.js:176
[105652228ms] [ERROR] Failed to load resource: the server responded with a status of 404 (Not Found) @ http://localhost:3000/api/cloud-relay-host/tasks/process:0
[105652231ms] [WARNING] [cloud-relay-host] background poll skipped SyntaxError: Unexpected token '<', "<!DOCTYPE "... is not valid JSON @ http://localhost:3000/static/js/bundle.js:176
[105711597ms] [ERROR] Failed to load resource: the server responded with a status of 404 (Not Found) @ http://localhost:3000/api/cloud-relay-host/tasks/process:0
[105711597ms] [WARNING] [cloud-relay-host] background poll skipped SyntaxError: Unexpected token '<', "<!DOCTYPE "... is not valid JSON @ http://localhost:3000/static/js/bundle.js:176
[105772001ms] [ERROR] Failed to load resource: the server responded with a status of 404 (Not Found) @ http://localhost:3000/api/cloud-relay-host/tasks/process:0
[105772003ms] [WARNING] [cloud-relay-host] background poll skipped SyntaxError: Unexpected token '<', "<!DOCTYPE "... is not valid JSON @ http://localhost:3000/static/js/bundle.js:176
[105831600ms] [ERROR] Failed to load resource: the server responded with a status of 404 (Not Found) @ http://localhost:3000/api/cloud-relay-host/tasks/process:0
[105831601ms] [WARNING] [cloud-relay-host] background poll skipped SyntaxError: Unexpected token '<', "<!DOCTYPE "... is not valid JSON @ http://localhost:3000/static/js/bundle.js:176
[105891967ms] [ERROR] Failed to load resource: the server responded with a status of 404 (Not Found) @ http://localhost:3000/api/cloud-relay-host/tasks/process:0
[105891969ms] [WARNING] [cloud-relay-host] background poll skipped SyntaxError: Unexpected token '<', "<!DOCTYPE "... is not valid JSON @ http://localhost:3000/static/js/bundle.js:176
[105951617ms] [ERROR] Failed to load resource: the server responded with a status of 404 (Not Found) @ http://localhost:3000/api/cloud-relay-host/tasks/process:0
[105951617ms] [WARNING] [cloud-relay-host] background poll skipped SyntaxError: Unexpected token '<', "<!DOCTYPE "... is not valid JSON @ http://localhost:3000/static/js/bundle.js:176
[106011967ms] [ERROR] Failed to load resource: the server responded with a status of 404 (Not Found) @ http://localhost:3000/api/cloud-relay-host/tasks/process:0
[106011969ms] [WARNING] [cloud-relay-host] background poll skipped SyntaxError: Unexpected token '<', "<!DOCTYPE "... is not valid JSON @ http://localhost:3000/static/js/bundle.js:176
[106071608ms] [ERROR] Failed to load resource: the server responded with a status of 404 (Not Found) @ http://localhost:3000/api/cloud-relay-host/tasks/process:0
[106071608ms] [WARNING] [cloud-relay-host] background poll skipped SyntaxError: Unexpected token '<', "<!DOCTYPE "... is not valid JSON @ http://localhost:3000/static/js/bundle.js:176
[106131921ms] [ERROR] Failed to load resource: the server responded with a status of 404 (Not Found) @ http://localhost:3000/api/cloud-relay-host/tasks/process:0
[106131922ms] [WARNING] [cloud-relay-host] background poll skipped SyntaxError: Unexpected token '<', "<!DOCTYPE "... is not valid JSON @ http://localhost:3000/static/js/bundle.js:176
[106191794ms] [ERROR] Failed to load resource: the server responded with a status of 404 (Not Found) @ http://localhost:3000/api/cloud-relay-host/tasks/process:0
[106191796ms] [WARNING] [cloud-relay-host] background poll skipped SyntaxError: Unexpected token '<', "<!DOCTYPE "... is not valid JSON @ http://localhost:3000/static/js/bundle.js:176
[106251909ms] [ERROR] Failed to load resource: the server responded with a status of 404 (Not Found) @ http://localhost:3000/api/cloud-relay-host/tasks/process:0
[106251910ms] [WARNING] [cloud-relay-host] background poll skipped SyntaxError: Unexpected token '<', "<!DOCTYPE "... is not valid JSON @ http://localhost:3000/static/js/bundle.js:176
[106311647ms] [ERROR] Failed to load resource: the server responded with a status of 404 (Not Found) @ http://localhost:3000/api/cloud-relay-host/tasks/process:0
[106311652ms] [WARNING] [cloud-relay-host] background poll skipped SyntaxError: Unexpected token '<', "<!DOCTYPE "... is not valid JSON @ http://localhost:3000/static/js/bundle.js:176
[106371935ms] [ERROR] Failed to load resource: the server responded with a status of 404 (Not Found) @ http://localhost:3000/api/cloud-relay-host/tasks/process:0
[106371936ms] [WARNING] [cloud-relay-host] background poll skipped SyntaxError: Unexpected token '<', "<!DOCTYPE "... is not valid JSON @ http://localhost:3000/static/js/bundle.js:176
[106431670ms] [ERROR] Failed to load resource: the server responded with a status of 404 (Not Found) @ http://localhost:3000/api/cloud-relay-host/tasks/process:0
[106431677ms] [WARNING] [cloud-relay-host] background poll skipped SyntaxError: Unexpected token '<', "<!DOCTYPE "... is not valid JSON @ http://localhost:3000/static/js/bundle.js:176
[106491979ms] [ERROR] Failed to load resource: the server responded with a status of 404 (Not Found) @ http://localhost:3000/api/cloud-relay-host/tasks/process:0
[106491982ms] [WARNING] [cloud-relay-host] background poll skipped SyntaxError: Unexpected token '<', "<!DOCTYPE "... is not valid JSON @ http://localhost:3000/static/js/bundle.js:176
[106551615ms] [ERROR] Failed to load resource: the server responded with a status of 404 (Not Found) @ http://localhost:3000/api/cloud-relay-host/tasks/process:0
[106551616ms] [WARNING] [cloud-relay-host] background poll skipped SyntaxError: Unexpected token '<', "<!DOCTYPE "... is not valid JSON @ http://localhost:3000/static/js/bundle.js:176
[106612032ms] [ERROR] Failed to load resource: the server responded with a status of 404 (Not Found) @ http://localhost:3000/api/cloud-relay-host/tasks/process:0
[106612035ms] [WARNING] [cloud-relay-host] background poll skipped SyntaxError: Unexpected token '<', "<!DOCTYPE "... is not valid JSON @ http://localhost:3000/static/js/bundle.js:176
[106671617ms] [ERROR] Failed to load resource: the server responded with a status of 404 (Not Found) @ http://localhost:3000/api/cloud-relay-host/tasks/process:0
[106671617ms] [WARNING] [cloud-relay-host] background poll skipped SyntaxError: Unexpected token '<', "<!DOCTYPE "... is not valid JSON @ http://localhost:3000/static/js/bundle.js:176
[106732032ms] [ERROR] Failed to load resource: the server responded with a status of 404 (Not Found) @ http://localhost:3000/api/cloud-relay-host/tasks/process:0
[106732038ms] [WARNING] [cloud-relay-host] background poll skipped SyntaxError: Unexpected token '<', "<!DOCTYPE "... is not valid JSON @ http://localhost:3000/static/js/bundle.js:176
[106791629ms] [ERROR] Failed to load resource: the server responded with a status of 404 (Not Found) @ http://localhost:3000/api/cloud-relay-host/tasks/process:0
[106791630ms] [WARNING] [cloud-relay-host] background poll skipped SyntaxError: Unexpected token '<', "<!DOCTYPE "... is not valid JSON @ http://localhost:3000/static/js/bundle.js:176
[106851929ms] [ERROR] Failed to load resource: the server responded with a status of 404 (Not Found) @ http://localhost:3000/api/cloud-relay-host/tasks/process:0
[106851929ms] [WARNING] [cloud-relay-host] background poll skipped SyntaxError: Unexpected token '<', "<!DOCTYPE "... is not valid JSON @ http://localhost:3000/static/js/bundle.js:176
[106911624ms] [ERROR] Failed to load resource: the server responded with a status of 404 (Not Found) @ http://localhost:3000/api/cloud-relay-host/tasks/process:0
[106911625ms] [WARNING] [cloud-relay-host] background poll skipped SyntaxError: Unexpected token '<', "<!DOCTYPE "... is not valid JSON @ http://localhost:3000/static/js/bundle.js:176
[106971930ms] [ERROR] Failed to load resource: the server responded with a status of 404 (Not Found) @ http://localhost:3000/api/cloud-relay-host/tasks/process:0
[106971930ms] [WARNING] [cloud-relay-host] background poll skipped SyntaxError: Unexpected token '<', "<!DOCTYPE "... is not valid JSON @ http://localhost:3000/static/js/bundle.js:176
[107031631ms] [ERROR] Failed to load resource: the server responded with a status of 404 (Not Found) @ http://localhost:3000/api/cloud-relay-host/tasks/process:0
[107031632ms] [WARNING] [cloud-relay-host] background poll skipped SyntaxError: Unexpected token '<', "<!DOCTYPE "... is not valid JSON @ http://localhost:3000/static/js/bundle.js:176
[107091931ms] [ERROR] Failed to load resource: the server responded with a status of 404 (Not Found) @ http://localhost:3000/api/cloud-relay-host/tasks/process:0
[107091931ms] [WARNING] [cloud-relay-host] background poll skipped SyntaxError: Unexpected token '<', "<!DOCTYPE "... is not valid JSON @ http://localhost:3000/static/js/bundle.js:176
[107151635ms] [ERROR] Failed to load resource: the server responded with a status of 404 (Not Found) @ http://localhost:3000/api/cloud-relay-host/tasks/process:0
[107151635ms] [WARNING] [cloud-relay-host] background poll skipped SyntaxError: Unexpected token '<', "<!DOCTYPE "... is not valid JSON @ http://localhost:3000/static/js/bundle.js:176
[107212027ms] [ERROR] Failed to load resource: the server responded with a status of 404 (Not Found) @ http://localhost:3000/api/cloud-relay-host/tasks/process:0
[107212032ms] [WARNING] [cloud-relay-host] background poll skipped SyntaxError: Unexpected token '<', "<!DOCTYPE "... is not valid JSON @ http://localhost:3000/static/js/bundle.js:176
[107271655ms] [ERROR] Failed to load resource: the server responded with a status of 404 (Not Found) @ http://localhost:3000/api/cloud-relay-host/tasks/process:0
[107271656ms] [WARNING] [cloud-relay-host] background poll skipped SyntaxError: Unexpected token '<', "<!DOCTYPE "... is not valid JSON @ http://localhost:3000/static/js/bundle.js:176
[107331933ms] [ERROR] Failed to load resource: the server responded with a status of 404 (Not Found) @ http://localhost:3000/api/cloud-relay-host/tasks/process:0
[107331934ms] [WARNING] [cloud-relay-host] background poll skipped SyntaxError: Unexpected token '<', "<!DOCTYPE "... is not valid JSON @ http://localhost:3000/static/js/bundle.js:176
[107391630ms] [ERROR] Failed to load resource: the server responded with a status of 404 (Not Found) @ http://localhost:3000/api/cloud-relay-host/tasks/process:0
[107391631ms] [WARNING] [cloud-relay-host] background poll skipped SyntaxError: Unexpected token '<', "<!DOCTYPE "... is not valid JSON @ http://localhost:3000/static/js/bundle.js:176
[107451963ms] [ERROR] Failed to load resource: the server responded with a status of 404 (Not Found) @ http://localhost:3000/api/cloud-relay-host/tasks/process:0
[107451963ms] [WARNING] [cloud-relay-host] background poll skipped SyntaxError: Unexpected token '<', "<!DOCTYPE "... is not valid JSON @ http://localhost:3000/static/js/bundle.js:176
[107511636ms] [ERROR] Failed to load resource: the server responded with a status of 404 (Not Found) @ http://localhost:3000/api/cloud-relay-host/tasks/process:0
[107511637ms] [WARNING] [cloud-relay-host] background poll skipped SyntaxError: Unexpected token '<', "<!DOCTYPE "... is not valid JSON @ http://localhost:3000/static/js/bundle.js:176
[107571965ms] [ERROR] Failed to load resource: the server responded with a status of 404 (Not Found) @ http://localhost:3000/api/cloud-relay-host/tasks/process:0
[107571966ms] [WARNING] [cloud-relay-host] background poll skipped SyntaxError: Unexpected token '<', "<!DOCTYPE "... is not valid JSON @ http://localhost:3000/static/js/bundle.js:176
[107631666ms] [ERROR] Failed to load resource: the server responded with a status of 404 (Not Found) @ http://localhost:3000/api/cloud-relay-host/tasks/process:0
[107631670ms] [WARNING] [cloud-relay-host] background poll skipped SyntaxError: Unexpected token '<', "<!DOCTYPE "... is not valid JSON @ http://localhost:3000/static/js/bundle.js:176
[107691974ms] [ERROR] Failed to load resource: the server responded with a status of 404 (Not Found) @ http://localhost:3000/api/cloud-relay-host/tasks/process:0
[107691975ms] [WARNING] [cloud-relay-host] background poll skipped SyntaxError: Unexpected token '<', "<!DOCTYPE "... is not valid JSON @ http://localhost:3000/static/js/bundle.js:176
[107751772ms] [ERROR] Failed to load resource: the server responded with a status of 404 (Not Found) @ http://localhost:3000/api/cloud-relay-host/tasks/process:0
[107751774ms] [WARNING] [cloud-relay-host] background poll skipped SyntaxError: Unexpected token '<', "<!DOCTYPE "... is not valid JSON @ http://localhost:3000/static/js/bundle.js:176
[107811944ms] [ERROR] Failed to load resource: the server responded with a status of 404 (Not Found) @ http://localhost:3000/api/cloud-relay-host/tasks/process:0
[107811945ms] [WARNING] [cloud-relay-host] background poll skipped SyntaxError: Unexpected token '<', "<!DOCTYPE "... is not valid JSON @ http://localhost:3000/static/js/bundle.js:176
[107871678ms] [ERROR] Failed to load resource: the server responded with a status of 404 (Not Found) @ http://localhost:3000/api/cloud-relay-host/tasks/process:0
[107871681ms] [WARNING] [cloud-relay-host] background poll skipped SyntaxError: Unexpected token '<', "<!DOCTYPE "... is not valid JSON @ http://localhost:3000/static/js/bundle.js:176
[107931947ms] [ERROR] Failed to load resource: the server responded with a status of 404 (Not Found) @ http://localhost:3000/api/cloud-relay-host/tasks/process:0
[107931948ms] [WARNING] [cloud-relay-host] background poll skipped SyntaxError: Unexpected token '<', "<!DOCTYPE "... is not valid JSON @ http://localhost:3000/static/js/bundle.js:176
[107991639ms] [ERROR] Failed to load resource: the server responded with a status of 404 (Not Found) @ http://localhost:3000/api/cloud-relay-host/tasks/process:0
[107991639ms] [WARNING] [cloud-relay-host] background poll skipped SyntaxError: Unexpected token '<', "<!DOCTYPE "... is not valid JSON @ http://localhost:3000/static/js/bundle.js:176
[108052032ms] [ERROR] Failed to load resource: the server responded with a status of 404 (Not Found) @ http://localhost:3000/api/cloud-relay-host/tasks/process:0
[108052034ms] [WARNING] [cloud-relay-host] background poll skipped SyntaxError: Unexpected token '<', "<!DOCTYPE "... is not valid JSON @ http://localhost:3000/static/js/bundle.js:176
[108111643ms] [ERROR] Failed to load resource: the server responded with a status of 404 (Not Found) @ http://localhost:3000/api/cloud-relay-host/tasks/process:0
[108111643ms] [WARNING] [cloud-relay-host] background poll skipped SyntaxError: Unexpected token '<', "<!DOCTYPE "... is not valid JSON @ http://localhost:3000/static/js/bundle.js:176
[108171964ms] [ERROR] Failed to load resource: the server responded with a status of 404 (Not Found) @ http://localhost:3000/api/cloud-relay-host/tasks/process:0
[108171965ms] [WARNING] [cloud-relay-host] background poll skipped SyntaxError: Unexpected token '<', "<!DOCTYPE "... is not valid JSON @ http://localhost:3000/static/js/bundle.js:176
[108231656ms] [ERROR] Failed to load resource: the server responded with a status of 404 (Not Found) @ http://localhost:3000/api/cloud-relay-host/tasks/process:0
[108231656ms] [WARNING] [cloud-relay-host] background poll skipped SyntaxError: Unexpected token '<', "<!DOCTYPE "... is not valid JSON @ http://localhost:3000/static/js/bundle.js:176
[108292028ms] [ERROR] Failed to load resource: the server responded with a status of 404 (Not Found) @ http://localhost:3000/api/cloud-relay-host/tasks/process:0
[108292033ms] [WARNING] [cloud-relay-host] background poll skipped SyntaxError: Unexpected token '<', "<!DOCTYPE "... is not valid JSON @ http://localhost:3000/static/js/bundle.js:176
[108351647ms] [ERROR] Failed to load resource: the server responded with a status of 404 (Not Found) @ http://localhost:3000/api/cloud-relay-host/tasks/process:0
[108351647ms] [WARNING] [cloud-relay-host] background poll skipped SyntaxError: Unexpected token '<', "<!DOCTYPE "... is not valid JSON @ http://localhost:3000/static/js/bundle.js:176
[108411971ms] [ERROR] Failed to load resource: the server responded with a status of 404 (Not Found) @ http://localhost:3000/api/cloud-relay-host/tasks/process:0
[108411971ms] [WARNING] [cloud-relay-host] background poll skipped SyntaxError: Unexpected token '<', "<!DOCTYPE "... is not valid JSON @ http://localhost:3000/static/js/bundle.js:176
[108471657ms] [ERROR] Failed to load resource: the server responded with a status of 404 (Not Found) @ http://localhost:3000/api/cloud-relay-host/tasks/process:0
[108471658ms] [WARNING] [cloud-relay-host] background poll skipped SyntaxError: Unexpected token '<', "<!DOCTYPE "... is not valid JSON @ http://localhost:3000/static/js/bundle.js:176
[108531964ms] [ERROR] Failed to load resource: the server responded with a status of 404 (Not Found) @ http://localhost:3000/api/cloud-relay-host/tasks/process:0
[108531964ms] [WARNING] [cloud-relay-host] background poll skipped SyntaxError: Unexpected token '<', "<!DOCTYPE "... is not valid JSON @ http://localhost:3000/static/js/bundle.js:176
[108591735ms] [ERROR] Failed to load resource: the server responded with a status of 404 (Not Found) @ http://localhost:3000/api/cloud-relay-host/tasks/process:0
[108591736ms] [WARNING] [cloud-relay-host] background poll skipped SyntaxError: Unexpected token '<', "<!DOCTYPE "... is not valid JSON @ http://localhost:3000/static/js/bundle.js:176
[108651949ms] [ERROR] Failed to load resource: the server responded with a status of 404 (Not Found) @ http://localhost:3000/api/cloud-relay-host/tasks/process:0
[108651949ms] [WARNING] [cloud-relay-host] background poll skipped SyntaxError: Unexpected token '<', "<!DOCTYPE "... is not valid JSON @ http://localhost:3000/static/js/bundle.js:176
[108711653ms] [ERROR] Failed to load resource: the server responded with a status of 404 (Not Found) @ http://localhost:3000/api/cloud-relay-host/tasks/process:0
[108711653ms] [WARNING] [cloud-relay-host] background poll skipped SyntaxError: Unexpected token '<', "<!DOCTYPE "... is not valid JSON @ http://localhost:3000/static/js/bundle.js:176
[108771965ms] [ERROR] Failed to load resource: the server responded with a status of 404 (Not Found) @ http://localhost:3000/api/cloud-relay-host/tasks/process:0
[108771966ms] [WARNING] [cloud-relay-host] background poll skipped SyntaxError: Unexpected token '<', "<!DOCTYPE "... is not valid JSON @ http://localhost:3000/static/js/bundle.js:176
[108831665ms] [ERROR] Failed to load resource: the server responded with a status of 404 (Not Found) @ http://localhost:3000/api/cloud-relay-host/tasks/process:0
[108831666ms] [WARNING] [cloud-relay-host] background poll skipped SyntaxError: Unexpected token '<', "<!DOCTYPE "... is not valid JSON @ http://localhost:3000/static/js/bundle.js:176
[108891971ms] [ERROR] Failed to load resource: the server responded with a status of 404 (Not Found) @ http://localhost:3000/api/cloud-relay-host/tasks/process:0
[108891971ms] [WARNING] [cloud-relay-host] background poll skipped SyntaxError: Unexpected token '<', "<!DOCTYPE "... is not valid JSON @ http://localhost:3000/static/js/bundle.js:176
[108951658ms] [ERROR] Failed to load resource: the server responded with a status of 404 (Not Found) @ http://localhost:3000/api/cloud-relay-host/tasks/process:0
[108951658ms] [WARNING] [cloud-relay-host] background poll skipped SyntaxError: Unexpected token '<', "<!DOCTYPE "... is not valid JSON @ http://localhost:3000/static/js/bundle.js:176
[109011960ms] [ERROR] Failed to load resource: the server responded with a status of 404 (Not Found) @ http://localhost:3000/api/cloud-relay-host/tasks/process:0
[109011961ms] [WARNING] [cloud-relay-host] background poll skipped SyntaxError: Unexpected token '<', "<!DOCTYPE "... is not valid JSON @ http://localhost:3000/static/js/bundle.js:176
[109071658ms] [ERROR] Failed to load resource: the server responded with a status of 404 (Not Found) @ http://localhost:3000/api/cloud-relay-host/tasks/process:0
[109071660ms] [WARNING] [cloud-relay-host] background poll skipped SyntaxError: Unexpected token '<', "<!DOCTYPE "... is not valid JSON @ http://localhost:3000/static/js/bundle.js:176
[109132012ms] [ERROR] Failed to load resource: the server responded with a status of 404 (Not Found) @ http://localhost:3000/api/cloud-relay-host/tasks/process:0
[109132013ms] [WARNING] [cloud-relay-host] background poll skipped SyntaxError: Unexpected token '<', "<!DOCTYPE "... is not valid JSON @ http://localhost:3000/static/js/bundle.js:176
[109191668ms] [ERROR] Failed to load resource: the server responded with a status of 404 (Not Found) @ http://localhost:3000/api/cloud-relay-host/tasks/process:0
[109191668ms] [WARNING] [cloud-relay-host] background poll skipped SyntaxError: Unexpected token '<', "<!DOCTYPE "... is not valid JSON @ http://localhost:3000/static/js/bundle.js:176
[109252079ms] [ERROR] Failed to load resource: the server responded with a status of 404 (Not Found) @ http://localhost:3000/api/cloud-relay-host/tasks/process:0
[109252084ms] [WARNING] [cloud-relay-host] background poll skipped SyntaxError: Unexpected token '<', "<!DOCTYPE "... is not valid JSON @ http://localhost:3000/static/js/bundle.js:176
[109311662ms] [ERROR] Failed to load resource: the server responded with a status of 404 (Not Found) @ http://localhost:3000/api/cloud-relay-host/tasks/process:0
[109311662ms] [WARNING] [cloud-relay-host] background poll skipped SyntaxError: Unexpected token '<', "<!DOCTYPE "... is not valid JSON @ http://localhost:3000/static/js/bundle.js:176
[109371978ms] [ERROR] Failed to load resource: the server responded with a status of 404 (Not Found) @ http://localhost:3000/api/cloud-relay-host/tasks/process:0
[109371979ms] [WARNING] [cloud-relay-host] background poll skipped SyntaxError: Unexpected token '<', "<!DOCTYPE "... is not valid JSON @ http://localhost:3000/static/js/bundle.js:176
[109431706ms] [ERROR] Failed to load resource: the server responded with a status of 404 (Not Found) @ http://localhost:3000/api/cloud-relay-host/tasks/process:0
[109431708ms] [WARNING] [cloud-relay-host] background poll skipped SyntaxError: Unexpected token '<', "<!DOCTYPE "... is not valid JSON @ http://localhost:3000/static/js/bundle.js:176
[109491983ms] [ERROR] Failed to load resource: the server responded with a status of 404 (Not Found) @ http://localhost:3000/api/cloud-relay-host/tasks/process:0
[109491984ms] [WARNING] [cloud-relay-host] background poll skipped SyntaxError: Unexpected token '<', "<!DOCTYPE "... is not valid JSON @ http://localhost:3000/static/js/bundle.js:176
[109551673ms] [ERROR] Failed to load resource: the server responded with a status of 404 (Not Found) @ http://localhost:3000/api/cloud-relay-host/tasks/process:0
[109551674ms] [WARNING] [cloud-relay-host] background poll skipped SyntaxError: Unexpected token '<', "<!DOCTYPE "... is not valid JSON @ http://localhost:3000/static/js/bundle.js:176
[109611980ms] [ERROR] Failed to load resource: the server responded with a status of 404 (Not Found) @ http://localhost:3000/api/cloud-relay-host/tasks/process:0
[109611981ms] [WARNING] [cloud-relay-host] background poll skipped SyntaxError: Unexpected token '<', "<!DOCTYPE "... is not valid JSON @ http://localhost:3000/static/js/bundle.js:176
[109671678ms] [ERROR] Failed to load resource: the server responded with a status of 404 (Not Found) @ http://localhost:3000/api/cloud-relay-host/tasks/process:0
[109671678ms] [WARNING] [cloud-relay-host] background poll skipped SyntaxError: Unexpected token '<', "<!DOCTYPE "... is not valid JSON @ http://localhost:3000/static/js/bundle.js:176
[109732087ms] [ERROR] Failed to load resource: the server responded with a status of 404 (Not Found) @ http://localhost:3000/api/cloud-relay-host/tasks/process:0
[109732089ms] [WARNING] [cloud-relay-host] background poll skipped SyntaxError: Unexpected token '<', "<!DOCTYPE "... is not valid JSON @ http://localhost:3000/static/js/bundle.js:176
[109791678ms] [ERROR] Failed to load resource: the server responded with a status of 404 (Not Found) @ http://localhost:3000/api/cloud-relay-host/tasks/process:0
[109791679ms] [WARNING] [cloud-relay-host] background poll skipped SyntaxError: Unexpected token '<', "<!DOCTYPE "... is not valid JSON @ http://localhost:3000/static/js/bundle.js:176
[109852058ms] [ERROR] Failed to load resource: the server responded with a status of 404 (Not Found) @ http://localhost:3000/api/cloud-relay-host/tasks/process:0
[109852060ms] [WARNING] [cloud-relay-host] background poll skipped SyntaxError: Unexpected token '<', "<!DOCTYPE "... is not valid JSON @ http://localhost:3000/static/js/bundle.js:176
[109911679ms] [ERROR] Failed to load resource: the server responded with a status of 404 (Not Found) @ http://localhost:3000/api/cloud-relay-host/tasks/process:0
[109911679ms] [WARNING] [cloud-relay-host] background poll skipped SyntaxError: Unexpected token '<', "<!DOCTYPE "... is not valid JSON @ http://localhost:3000/static/js/bundle.js:176
[109971986ms] [ERROR] Failed to load resource: the server responded with a status of 404 (Not Found) @ http://localhost:3000/api/cloud-relay-host/tasks/process:0
[109971987ms] [WARNING] [cloud-relay-host] background poll skipped SyntaxError: Unexpected token '<', "<!DOCTYPE "... is not valid JSON @ http://localhost:3000/static/js/bundle.js:176
[110031686ms] [ERROR] Failed to load resource: the server responded with a status of 404 (Not Found) @ http://localhost:3000/api/cloud-relay-host/tasks/process:0
[110031686ms] [WARNING] [cloud-relay-host] background poll skipped SyntaxError: Unexpected token '<', "<!DOCTYPE "... is not valid JSON @ http://localhost:3000/static/js/bundle.js:176
[110091982ms] [ERROR] Failed to load resource: the server responded with a status of 404 (Not Found) @ http://localhost:3000/api/cloud-relay-host/tasks/process:0
[110091982ms] [WARNING] [cloud-relay-host] background poll skipped SyntaxError: Unexpected token '<', "<!DOCTYPE "... is not valid JSON @ http://localhost:3000/static/js/bundle.js:176
[110151677ms] [ERROR] Failed to load resource: the server responded with a status of 404 (Not Found) @ http://localhost:3000/api/cloud-relay-host/tasks/process:0
[110151678ms] [WARNING] [cloud-relay-host] background poll skipped SyntaxError: Unexpected token '<', "<!DOCTYPE "... is not valid JSON @ http://localhost:3000/static/js/bundle.js:176
[110211995ms] [ERROR] Failed to load resource: the server responded with a status of 404 (Not Found) @ http://localhost:3000/api/cloud-relay-host/tasks/process:0
[110211996ms] [WARNING] [cloud-relay-host] background poll skipped SyntaxError: Unexpected token '<', "<!DOCTYPE "... is not valid JSON @ http://localhost:3000/static/js/bundle.js:176
[110271692ms] [ERROR] Failed to load resource: the server responded with a status of 404 (Not Found) @ http://localhost:3000/api/cloud-relay-host/tasks/process:0
[110271692ms] [WARNING] [cloud-relay-host] background poll skipped SyntaxError: Unexpected token '<', "<!DOCTYPE "... is not valid JSON @ http://localhost:3000/static/js/bundle.js:176
[110332009ms] [ERROR] Failed to load resource: the server responded with a status of 404 (Not Found) @ http://localhost:3000/api/cloud-relay-host/tasks/process:0
[110332010ms] [WARNING] [cloud-relay-host] background poll skipped SyntaxError: Unexpected token '<', "<!DOCTYPE "... is not valid JSON @ http://localhost:3000/static/js/bundle.js:176
[110391722ms] [ERROR] Failed to load resource: the server responded with a status of 404 (Not Found) @ http://localhost:3000/api/cloud-relay-host/tasks/process:0
[110391726ms] [WARNING] [cloud-relay-host] background poll skipped SyntaxError: Unexpected token '<', "<!DOCTYPE "... is not valid JSON @ http://localhost:3000/static/js/bundle.js:176
[110451989ms] [ERROR] Failed to load resource: the server responded with a status of 404 (Not Found) @ http://localhost:3000/api/cloud-relay-host/tasks/process:0
[110451989ms] [WARNING] [cloud-relay-host] background poll skipped SyntaxError: Unexpected token '<', "<!DOCTYPE "... is not valid JSON @ http://localhost:3000/static/js/bundle.js:176
[110512238ms] [ERROR] Failed to load resource: the server responded with a status of 404 (Not Found) @ http://localhost:3000/api/cloud-relay-host/tasks/process:0
[110512240ms] [WARNING] [cloud-relay-host] background poll skipped SyntaxError: Unexpected token '<', "<!DOCTYPE "... is not valid JSON @ http://localhost:3000/static/js/bundle.js:176
[110572011ms] [ERROR] Failed to load resource: the server responded with a status of 404 (Not Found) @ http://localhost:3000/api/cloud-relay-host/tasks/process:0
[110572012ms] [WARNING] [cloud-relay-host] background poll skipped SyntaxError: Unexpected token '<', "<!DOCTYPE "... is not valid JSON @ http://localhost:3000/static/js/bundle.js:176
[110631689ms] [ERROR] Failed to load resource: the server responded with a status of 404 (Not Found) @ http://localhost:3000/api/cloud-relay-host/tasks/process:0
[110631689ms] [WARNING] [cloud-relay-host] background poll skipped SyntaxError: Unexpected token '<', "<!DOCTYPE "... is not valid JSON @ http://localhost:3000/static/js/bundle.js:176
[110692089ms] [ERROR] Failed to load resource: the server responded with a status of 404 (Not Found) @ http://localhost:3000/api/cloud-relay-host/tasks/process:0
[110692091ms] [WARNING] [cloud-relay-host] background poll skipped SyntaxError: Unexpected token '<', "<!DOCTYPE "... is not valid JSON @ http://localhost:3000/static/js/bundle.js:176
[110751693ms] [ERROR] Failed to load resource: the server responded with a status of 404 (Not Found) @ http://localhost:3000/api/cloud-relay-host/tasks/process:0
[110751694ms] [WARNING] [cloud-relay-host] background poll skipped SyntaxError: Unexpected token '<', "<!DOCTYPE "... is not valid JSON @ http://localhost:3000/static/js/bundle.js:176
[110812947ms] [ERROR] Failed to load resource: the server responded with a status of 404 (Not Found) @ http://localhost:3000/api/cloud-relay-host/tasks/process:0
[110812948ms] [WARNING] [cloud-relay-host] background poll skipped SyntaxError: Unexpected token '<', "<!DOCTYPE "... is not valid JSON @ http://localhost:3000/static/js/bundle.js:176
[110871699ms] [ERROR] Failed to load resource: the server responded with a status of 404 (Not Found) @ http://localhost:3000/api/cloud-relay-host/tasks/process:0
[110871699ms] [WARNING] [cloud-relay-host] background poll skipped SyntaxError: Unexpected token '<', "<!DOCTYPE "... is not valid JSON @ http://localhost:3000/static/js/bundle.js:176
[110932001ms] [ERROR] Failed to load resource: the server responded with a status of 404 (Not Found) @ http://localhost:3000/api/cloud-relay-host/tasks/process:0
[110932001ms] [WARNING] [cloud-relay-host] background poll skipped SyntaxError: Unexpected token '<', "<!DOCTYPE "... is not valid JSON @ http://localhost:3000/static/js/bundle.js:176
[110991691ms] [ERROR] Failed to load resource: the server responded with a status of 404 (Not Found) @ http://localhost:3000/api/cloud-relay-host/tasks/process:0
[110991691ms] [WARNING] [cloud-relay-host] background poll skipped SyntaxError: Unexpected token '<', "<!DOCTYPE "... is not valid JSON @ http://localhost:3000/static/js/bundle.js:176
[111052088ms] [ERROR] Failed to load resource: the server responded with a status of 404 (Not Found) @ http://localhost:3000/api/cloud-relay-host/tasks/process:0
[111052093ms] [WARNING] [cloud-relay-host] background poll skipped SyntaxError: Unexpected token '<', "<!DOCTYPE "... is not valid JSON @ http://localhost:3000/static/js/bundle.js:176
[111111696ms] [ERROR] Failed to load resource: the server responded with a status of 404 (Not Found) @ http://localhost:3000/api/cloud-relay-host/tasks/process:0
[111111697ms] [WARNING] [cloud-relay-host] background poll skipped SyntaxError: Unexpected token '<', "<!DOCTYPE "... is not valid JSON @ http://localhost:3000/static/js/bundle.js:176
[111171996ms] [ERROR] Failed to load resource: the server responded with a status of 404 (Not Found) @ http://localhost:3000/api/cloud-relay-host/tasks/process:0
[111171997ms] [WARNING] [cloud-relay-host] background poll skipped SyntaxError: Unexpected token '<', "<!DOCTYPE "... is not valid JSON @ http://localhost:3000/static/js/bundle.js:176
[111231696ms] [ERROR] Failed to load resource: the server responded with a status of 404 (Not Found) @ http://localhost:3000/api/cloud-relay-host/tasks/process:0
[111231696ms] [WARNING] [cloud-relay-host] background poll skipped SyntaxError: Unexpected token '<', "<!DOCTYPE "... is not valid JSON @ http://localhost:3000/static/js/bundle.js:176
[111292004ms] [ERROR] Failed to load resource: the server responded with a status of 404 (Not Found) @ http://localhost:3000/api/cloud-relay-host/tasks/process:0
[111292005ms] [WARNING] [cloud-relay-host] background poll skipped SyntaxError: Unexpected token '<', "<!DOCTYPE "... is not valid JSON @ http://localhost:3000/static/js/bundle.js:176
[111351700ms] [ERROR] Failed to load resource: the server responded with a status of 404 (Not Found) @ http://localhost:3000/api/cloud-relay-host/tasks/process:0
[111351701ms] [WARNING] [cloud-relay-host] background poll skipped SyntaxError: Unexpected token '<', "<!DOCTYPE "... is not valid JSON @ http://localhost:3000/static/js/bundle.js:176
[111412007ms] [ERROR] Failed to load resource: the server responded with a status of 404 (Not Found) @ http://localhost:3000/api/cloud-relay-host/tasks/process:0
[111412008ms] [WARNING] [cloud-relay-host] background poll skipped SyntaxError: Unexpected token '<', "<!DOCTYPE "... is not valid JSON @ http://localhost:3000/static/js/bundle.js:176
[111471711ms] [ERROR] Failed to load resource: the server responded with a status of 404 (Not Found) @ http://localhost:3000/api/cloud-relay-host/tasks/process:0
[111471712ms] [WARNING] [cloud-relay-host] background poll skipped SyntaxError: Unexpected token '<', "<!DOCTYPE "... is not valid JSON @ http://localhost:3000/static/js/bundle.js:176
[111532006ms] [ERROR] Failed to load resource: the server responded with a status of 404 (Not Found) @ http://localhost:3000/api/cloud-relay-host/tasks/process:0
[111532007ms] [WARNING] [cloud-relay-host] background poll skipped SyntaxError: Unexpected token '<', "<!DOCTYPE "... is not valid JSON @ http://localhost:3000/static/js/bundle.js:176
[111591705ms] [ERROR] Failed to load resource: the server responded with a status of 404 (Not Found) @ http://localhost:3000/api/cloud-relay-host/tasks/process:0
[111591705ms] [WARNING] [cloud-relay-host] background poll skipped SyntaxError: Unexpected token '<', "<!DOCTYPE "... is not valid JSON @ http://localhost:3000/static/js/bundle.js:176
[111652023ms] [ERROR] Failed to load resource: the server responded with a status of 404 (Not Found) @ http://localhost:3000/api/cloud-relay-host/tasks/process:0
[111652024ms] [WARNING] [cloud-relay-host] background poll skipped SyntaxError: Unexpected token '<', "<!DOCTYPE "... is not valid JSON @ http://localhost:3000/static/js/bundle.js:176
[111711715ms] [ERROR] Failed to load resource: the server responded with a status of 404 (Not Found) @ http://localhost:3000/api/cloud-relay-host/tasks/process:0
[111711716ms] [WARNING] [cloud-relay-host] background poll skipped SyntaxError: Unexpected token '<', "<!DOCTYPE "... is not valid JSON @ http://localhost:3000/static/js/bundle.js:176
[111772023ms] [ERROR] Failed to load resource: the server responded with a status of 404 (Not Found) @ http://localhost:3000/api/cloud-relay-host/tasks/process:0
[111772024ms] [WARNING] [cloud-relay-host] background poll skipped SyntaxError: Unexpected token '<', "<!DOCTYPE "... is not valid JSON @ http://localhost:3000/static/js/bundle.js:176
[111831704ms] [ERROR] Failed to load resource: the server responded with a status of 404 (Not Found) @ http://localhost:3000/api/cloud-relay-host/tasks/process:0
[111831705ms] [WARNING] [cloud-relay-host] background poll skipped SyntaxError: Unexpected token '<', "<!DOCTYPE "... is not valid JSON @ http://localhost:3000/static/js/bundle.js:176
[111892014ms] [ERROR] Failed to load resource: the server responded with a status of 404 (Not Found) @ http://localhost:3000/api/cloud-relay-host/tasks/process:0
[111892015ms] [WARNING] [cloud-relay-host] background poll skipped SyntaxError: Unexpected token '<', "<!DOCTYPE "... is not valid JSON @ http://localhost:3000/static/js/bundle.js:176
[111951712ms] [ERROR] Failed to load resource: the server responded with a status of 404 (Not Found) @ http://localhost:3000/api/cloud-relay-host/tasks/process:0
[111951713ms] [WARNING] [cloud-relay-host] background poll skipped SyntaxError: Unexpected token '<', "<!DOCTYPE "... is not valid JSON @ http://localhost:3000/static/js/bundle.js:176
[112012088ms] [ERROR] Failed to load resource: the server responded with a status of 404 (Not Found) @ http://localhost:3000/api/cloud-relay-host/tasks/process:0
[112012093ms] [WARNING] [cloud-relay-host] background poll skipped SyntaxError: Unexpected token '<', "<!DOCTYPE "... is not valid JSON @ http://localhost:3000/static/js/bundle.js:176
[112071717ms] [ERROR] Failed to load resource: the server responded with a status of 404 (Not Found) @ http://localhost:3000/api/cloud-relay-host/tasks/process:0
[112071718ms] [WARNING] [cloud-relay-host] background poll skipped SyntaxError: Unexpected token '<', "<!DOCTYPE "... is not valid JSON @ http://localhost:3000/static/js/bundle.js:176
[112132081ms] [ERROR] Failed to load resource: the server responded with a status of 404 (Not Found) @ http://localhost:3000/api/cloud-relay-host/tasks/process:0
[112132082ms] [WARNING] [cloud-relay-host] background poll skipped SyntaxError: Unexpected token '<', "<!DOCTYPE "... is not valid JSON @ http://localhost:3000/static/js/bundle.js:176
[112191717ms] [ERROR] Failed to load resource: the server responded with a status of 404 (Not Found) @ http://localhost:3000/api/cloud-relay-host/tasks/process:0
[112191718ms] [WARNING] [cloud-relay-host] background poll skipped SyntaxError: Unexpected token '<', "<!DOCTYPE "... is not valid JSON @ http://localhost:3000/static/js/bundle.js:176
[112252015ms] [ERROR] Failed to load resource: the server responded with a status of 404 (Not Found) @ http://localhost:3000/api/cloud-relay-host/tasks/process:0
[112252015ms] [WARNING] [cloud-relay-host] background poll skipped SyntaxError: Unexpected token '<', "<!DOCTYPE "... is not valid JSON @ http://localhost:3000/static/js/bundle.js:176
[112311724ms] [ERROR] Failed to load resource: the server responded with a status of 404 (Not Found) @ http://localhost:3000/api/cloud-relay-host/tasks/process:0
[112311725ms] [WARNING] [cloud-relay-host] background poll skipped SyntaxError: Unexpected token '<', "<!DOCTYPE "... is not valid JSON @ http://localhost:3000/static/js/bundle.js:176
[112372079ms] [ERROR] Failed to load resource: the server responded with a status of 404 (Not Found) @ http://localhost:3000/api/cloud-relay-host/tasks/process:0
[112372081ms] [WARNING] [cloud-relay-host] background poll skipped SyntaxError: Unexpected token '<', "<!DOCTYPE "... is not valid JSON @ http://localhost:3000/static/js/bundle.js:176
[112431722ms] [ERROR] Failed to load resource: the server responded with a status of 404 (Not Found) @ http://localhost:3000/api/cloud-relay-host/tasks/process:0
[112431723ms] [WARNING] [cloud-relay-host] background poll skipped SyntaxError: Unexpected token '<', "<!DOCTYPE "... is not valid JSON @ http://localhost:3000/static/js/bundle.js:176
[112492078ms] [ERROR] Failed to load resource: the server responded with a status of 404 (Not Found) @ http://localhost:3000/api/cloud-relay-host/tasks/process:0
[112492081ms] [WARNING] [cloud-relay-host] background poll skipped SyntaxError: Unexpected token '<', "<!DOCTYPE "... is not valid JSON @ http://localhost:3000/static/js/bundle.js:176
[112551717ms] [ERROR] Failed to load resource: the server responded with a status of 404 (Not Found) @ http://localhost:3000/api/cloud-relay-host/tasks/process:0
[112551718ms] [WARNING] [cloud-relay-host] background poll skipped SyntaxError: Unexpected token '<', "<!DOCTYPE "... is not valid JSON @ http://localhost:3000/static/js/bundle.js:176
[112612047ms] [ERROR] Failed to load resource: the server responded with a status of 404 (Not Found) @ http://localhost:3000/api/cloud-relay-host/tasks/process:0
[112612047ms] [WARNING] [cloud-relay-host] background poll skipped SyntaxError: Unexpected token '<', "<!DOCTYPE "... is not valid JSON @ http://localhost:3000/static/js/bundle.js:176
[112671718ms] [ERROR] Failed to load resource: the server responded with a status of 404 (Not Found) @ http://localhost:3000/api/cloud-relay-host/tasks/process:0
[112671718ms] [WARNING] [cloud-relay-host] background poll skipped SyntaxError: Unexpected token '<', "<!DOCTYPE "... is not valid JSON @ http://localhost:3000/static/js/bundle.js:176
[112732046ms] [ERROR] Failed to load resource: the server responded with a status of 404 (Not Found) @ http://localhost:3000/api/cloud-relay-host/tasks/process:0
[112732046ms] [WARNING] [cloud-relay-host] background poll skipped SyntaxError: Unexpected token '<', "<!DOCTYPE "... is not valid JSON @ http://localhost:3000/static/js/bundle.js:176
[112791820ms] [ERROR] Failed to load resource: the server responded with a status of 404 (Not Found) @ http://localhost:3000/api/cloud-relay-host/tasks/process:0
[112791822ms] [WARNING] [cloud-relay-host] background poll skipped SyntaxError: Unexpected token '<', "<!DOCTYPE "... is not valid JSON @ http://localhost:3000/static/js/bundle.js:176
[112852051ms] [ERROR] Failed to load resource: the server responded with a status of 404 (Not Found) @ http://localhost:3000/api/cloud-relay-host/tasks/process:0
[112852052ms] [WARNING] [cloud-relay-host] background poll skipped SyntaxError: Unexpected token '<', "<!DOCTYPE "... is not valid JSON @ http://localhost:3000/static/js/bundle.js:176
[112911740ms] [ERROR] Failed to load resource: the server responded with a status of 404 (Not Found) @ http://localhost:3000/api/cloud-relay-host/tasks/process:0
[112911741ms] [WARNING] [cloud-relay-host] background poll skipped SyntaxError: Unexpected token '<', "<!DOCTYPE "... is not valid JSON @ http://localhost:3000/static/js/bundle.js:176
[112972087ms] [ERROR] Failed to load resource: the server responded with a status of 404 (Not Found) @ http://localhost:3000/api/cloud-relay-host/tasks/process:0
[112972088ms] [WARNING] [cloud-relay-host] background poll skipped SyntaxError: Unexpected token '<', "<!DOCTYPE "... is not valid JSON @ http://localhost:3000/static/js/bundle.js:176
[113031730ms] [ERROR] Failed to load resource: the server responded with a status of 404 (Not Found) @ http://localhost:3000/api/cloud-relay-host/tasks/process:0
[113031731ms] [WARNING] [cloud-relay-host] background poll skipped SyntaxError: Unexpected token '<', "<!DOCTYPE "... is not valid JSON @ http://localhost:3000/static/js/bundle.js:176
[113092099ms] [ERROR] Failed to load resource: the server responded with a status of 404 (Not Found) @ http://localhost:3000/api/cloud-relay-host/tasks/process:0
[113092100ms] [WARNING] [cloud-relay-host] background poll skipped SyntaxError: Unexpected token '<', "<!DOCTYPE "... is not valid JSON @ http://localhost:3000/static/js/bundle.js:176
[113151740ms] [ERROR] Failed to load resource: the server responded with a status of 404 (Not Found) @ http://localhost:3000/api/cloud-relay-host/tasks/process:0
[113151740ms] [WARNING] [cloud-relay-host] background poll skipped SyntaxError: Unexpected token '<', "<!DOCTYPE "... is not valid JSON @ http://localhost:3000/static/js/bundle.js:176
[113212090ms] [ERROR] Failed to load resource: the server responded with a status of 404 (Not Found) @ http://localhost:3000/api/cloud-relay-host/tasks/process:0
[113212094ms] [WARNING] [cloud-relay-host] background poll skipped SyntaxError: Unexpected token '<', "<!DOCTYPE "... is not valid JSON @ http://localhost:3000/static/js/bundle.js:176
[113271732ms] [ERROR] Failed to load resource: the server responded with a status of 404 (Not Found) @ http://localhost:3000/api/cloud-relay-host/tasks/process:0
[113271732ms] [WARNING] [cloud-relay-host] background poll skipped SyntaxError: Unexpected token '<', "<!DOCTYPE "... is not valid JSON @ http://localhost:3000/static/js/bundle.js:176
[113332133ms] [ERROR] Failed to load resource: the server responded with a status of 404 (Not Found) @ http://localhost:3000/api/cloud-relay-host/tasks/process:0
[113332135ms] [WARNING] [cloud-relay-host] background poll skipped SyntaxError: Unexpected token '<', "<!DOCTYPE "... is not valid JSON @ http://localhost:3000/static/js/bundle.js:176
[113391734ms] [ERROR] Failed to load resource: the server responded with a status of 404 (Not Found) @ http://localhost:3000/api/cloud-relay-host/tasks/process:0
[113391734ms] [WARNING] [cloud-relay-host] background poll skipped SyntaxError: Unexpected token '<', "<!DOCTYPE "... is not valid JSON @ http://localhost:3000/static/js/bundle.js:176
[113452049ms] [ERROR] Failed to load resource: the server responded with a status of 404 (Not Found) @ http://localhost:3000/api/cloud-relay-host/tasks/process:0
[113452049ms] [WARNING] [cloud-relay-host] background poll skipped SyntaxError: Unexpected token '<', "<!DOCTYPE "... is not valid JSON @ http://localhost:3000/static/js/bundle.js:176
[113511781ms] [ERROR] Failed to load resource: the server responded with a status of 404 (Not Found) @ http://localhost:3000/api/cloud-relay-host/tasks/process:0
[113511787ms] [WARNING] [cloud-relay-host] background poll skipped SyntaxError: Unexpected token '<', "<!DOCTYPE "... is not valid JSON @ http://localhost:3000/static/js/bundle.js:176
[113572052ms] [ERROR] Failed to load resource: the server responded with a status of 404 (Not Found) @ http://localhost:3000/api/cloud-relay-host/tasks/process:0
[113572053ms] [WARNING] [cloud-relay-host] background poll skipped SyntaxError: Unexpected token '<', "<!DOCTYPE "... is not valid JSON @ http://localhost:3000/static/js/bundle.js:176
[113631799ms] [ERROR] Failed to load resource: the server responded with a status of 404 (Not Found) @ http://localhost:3000/api/cloud-relay-host/tasks/process:0
[113631802ms] [WARNING] [cloud-relay-host] background poll skipped SyntaxError: Unexpected token '<', "<!DOCTYPE "... is not valid JSON @ http://localhost:3000/static/js/bundle.js:176
[113692065ms] [ERROR] Failed to load resource: the server responded with a status of 404 (Not Found) @ http://localhost:3000/api/cloud-relay-host/tasks/process:0
[113692065ms] [WARNING] [cloud-relay-host] background poll skipped SyntaxError: Unexpected token '<', "<!DOCTYPE "... is not valid JSON @ http://localhost:3000/static/js/bundle.js:176
[113751800ms] [ERROR] Failed to load resource: the server responded with a status of 404 (Not Found) @ http://localhost:3000/api/cloud-relay-host/tasks/process:0
[113751802ms] [WARNING] [cloud-relay-host] background poll skipped SyntaxError: Unexpected token '<', "<!DOCTYPE "... is not valid JSON @ http://localhost:3000/static/js/bundle.js:176
[113812051ms] [ERROR] Failed to load resource: the server responded with a status of 404 (Not Found) @ http://localhost:3000/api/cloud-relay-host/tasks/process:0
[113812051ms] [WARNING] [cloud-relay-host] background poll skipped SyntaxError: Unexpected token '<', "<!DOCTYPE "... is not valid JSON @ http://localhost:3000/static/js/bundle.js:176
[113871744ms] [ERROR] Failed to load resource: the server responded with a status of 404 (Not Found) @ http://localhost:3000/api/cloud-relay-host/tasks/process:0
[113871745ms] [WARNING] [cloud-relay-host] background poll skipped SyntaxError: Unexpected token '<', "<!DOCTYPE "... is not valid JSON @ http://localhost:3000/static/js/bundle.js:176
[113932047ms] [ERROR] Failed to load resource: the server responded with a status of 404 (Not Found) @ http://localhost:3000/api/cloud-relay-host/tasks/process:0
[113932048ms] [WARNING] [cloud-relay-host] background poll skipped SyntaxError: Unexpected token '<', "<!DOCTYPE "... is not valid JSON @ http://localhost:3000/static/js/bundle.js:176
[113991742ms] [ERROR] Failed to load resource: the server responded with a status of 404 (Not Found) @ http://localhost:3000/api/cloud-relay-host/tasks/process:0
[113991743ms] [WARNING] [cloud-relay-host] background poll skipped SyntaxError: Unexpected token '<', "<!DOCTYPE "... is not valid JSON @ http://localhost:3000/static/js/bundle.js:176
[114052058ms] [ERROR] Failed to load resource: the server responded with a status of 404 (Not Found) @ http://localhost:3000/api/cloud-relay-host/tasks/process:0
[114052058ms] [WARNING] [cloud-relay-host] background poll skipped SyntaxError: Unexpected token '<', "<!DOCTYPE "... is not valid JSON @ http://localhost:3000/static/js/bundle.js:176
[114111746ms] [ERROR] Failed to load resource: the server responded with a status of 404 (Not Found) @ http://localhost:3000/api/cloud-relay-host/tasks/process:0
[114111746ms] [WARNING] [cloud-relay-host] background poll skipped SyntaxError: Unexpected token '<', "<!DOCTYPE "... is not valid JSON @ http://localhost:3000/static/js/bundle.js:176
[114172051ms] [ERROR] Failed to load resource: the server responded with a status of 404 (Not Found) @ http://localhost:3000/api/cloud-relay-host/tasks/process:0
[114172052ms] [WARNING] [cloud-relay-host] background poll skipped SyntaxError: Unexpected token '<', "<!DOCTYPE "... is not valid JSON @ http://localhost:3000/static/js/bundle.js:176
[114231754ms] [ERROR] Failed to load resource: the server responded with a status of 404 (Not Found) @ http://localhost:3000/api/cloud-relay-host/tasks/process:0
[114231754ms] [WARNING] [cloud-relay-host] background poll skipped SyntaxError: Unexpected token '<', "<!DOCTYPE "... is not valid JSON @ http://localhost:3000/static/js/bundle.js:176
[114292100ms] [ERROR] Failed to load resource: the server responded with a status of 404 (Not Found) @ http://localhost:3000/api/cloud-relay-host/tasks/process:0
[114292102ms] [WARNING] [cloud-relay-host] background poll skipped SyntaxError: Unexpected token '<', "<!DOCTYPE "... is not valid JSON @ http://localhost:3000/static/js/bundle.js:176
[114351751ms] [ERROR] Failed to load resource: the server responded with a status of 404 (Not Found) @ http://localhost:3000/api/cloud-relay-host/tasks/process:0
[114351751ms] [WARNING] [cloud-relay-host] background poll skipped SyntaxError: Unexpected token '<', "<!DOCTYPE "... is not valid JSON @ http://localhost:3000/static/js/bundle.js:176
[114412116ms] [ERROR] Failed to load resource: the server responded with a status of 404 (Not Found) @ http://localhost:3000/api/cloud-relay-host/tasks/process:0
[114412119ms] [WARNING] [cloud-relay-host] background poll skipped SyntaxError: Unexpected token '<', "<!DOCTYPE "... is not valid JSON @ http://localhost:3000/static/js/bundle.js:176
[114471754ms] [ERROR] Failed to load resource: the server responded with a status of 404 (Not Found) @ http://localhost:3000/api/cloud-relay-host/tasks/process:0
[114471755ms] [WARNING] [cloud-relay-host] background poll skipped SyntaxError: Unexpected token '<', "<!DOCTYPE "... is not valid JSON @ http://localhost:3000/static/js/bundle.js:176
[114532125ms] [ERROR] Failed to load resource: the server responded with a status of 404 (Not Found) @ http://localhost:3000/api/cloud-relay-host/tasks/process:0
[114532127ms] [WARNING] [cloud-relay-host] background poll skipped SyntaxError: Unexpected token '<', "<!DOCTYPE "... is not valid JSON @ http://localhost:3000/static/js/bundle.js:176
[114591761ms] [ERROR] Failed to load resource: the server responded with a status of 404 (Not Found) @ http://localhost:3000/api/cloud-relay-host/tasks/process:0
[114591762ms] [WARNING] [cloud-relay-host] background poll skipped SyntaxError: Unexpected token '<', "<!DOCTYPE "... is not valid JSON @ http://localhost:3000/static/js/bundle.js:176
[114652098ms] [ERROR] Failed to load resource: the server responded with a status of 404 (Not Found) @ http://localhost:3000/api/cloud-relay-host/tasks/process:0
[114652101ms] [WARNING] [cloud-relay-host] background poll skipped SyntaxError: Unexpected token '<', "<!DOCTYPE "... is not valid JSON @ http://localhost:3000/static/js/bundle.js:176
[114711768ms] [ERROR] Failed to load resource: the server responded with a status of 404 (Not Found) @ http://localhost:3000/api/cloud-relay-host/tasks/process:0
[114711769ms] [WARNING] [cloud-relay-host] background poll skipped SyntaxError: Unexpected token '<', "<!DOCTYPE "... is not valid JSON @ http://localhost:3000/static/js/bundle.js:176
[114772111ms] [ERROR] Failed to load resource: the server responded with a status of 404 (Not Found) @ http://localhost:3000/api/cloud-relay-host/tasks/process:0
[114772114ms] [WARNING] [cloud-relay-host] background poll skipped SyntaxError: Unexpected token '<', "<!DOCTYPE "... is not valid JSON @ http://localhost:3000/static/js/bundle.js:176
[114831761ms] [ERROR] Failed to load resource: the server responded with a status of 404 (Not Found) @ http://localhost:3000/api/cloud-relay-host/tasks/process:0
[114831762ms] [WARNING] [cloud-relay-host] background poll skipped SyntaxError: Unexpected token '<', "<!DOCTYPE "... is not valid JSON @ http://localhost:3000/static/js/bundle.js:176
[114892060ms] [ERROR] Failed to load resource: the server responded with a status of 404 (Not Found) @ http://localhost:3000/api/cloud-relay-host/tasks/process:0
[114892060ms] [WARNING] [cloud-relay-host] background poll skipped SyntaxError: Unexpected token '<', "<!DOCTYPE "... is not valid JSON @ http://localhost:3000/static/js/bundle.js:176
[114951765ms] [ERROR] Failed to load resource: the server responded with a status of 404 (Not Found) @ http://localhost:3000/api/cloud-relay-host/tasks/process:0
[114951766ms] [WARNING] [cloud-relay-host] background poll skipped SyntaxError: Unexpected token '<', "<!DOCTYPE "... is not valid JSON @ http://localhost:3000/static/js/bundle.js:176
[115012068ms] [ERROR] Failed to load resource: the server responded with a status of 404 (Not Found) @ http://localhost:3000/api/cloud-relay-host/tasks/process:0
[115012069ms] [WARNING] [cloud-relay-host] background poll skipped SyntaxError: Unexpected token '<', "<!DOCTYPE "... is not valid JSON @ http://localhost:3000/static/js/bundle.js:176
[115071772ms] [ERROR] Failed to load resource: the server responded with a status of 404 (Not Found) @ http://localhost:3000/api/cloud-relay-host/tasks/process:0
[115071773ms] [WARNING] [cloud-relay-host] background poll skipped SyntaxError: Unexpected token '<', "<!DOCTYPE "... is not valid JSON @ http://localhost:3000/static/js/bundle.js:176
[115132083ms] [ERROR] Failed to load resource: the server responded with a status of 404 (Not Found) @ http://localhost:3000/api/cloud-relay-host/tasks/process:0
[115132083ms] [WARNING] [cloud-relay-host] background poll skipped SyntaxError: Unexpected token '<', "<!DOCTYPE "... is not valid JSON @ http://localhost:3000/static/js/bundle.js:176
[115191772ms] [ERROR] Failed to load resource: the server responded with a status of 404 (Not Found) @ http://localhost:3000/api/cloud-relay-host/tasks/process:0
[115191773ms] [WARNING] [cloud-relay-host] background poll skipped SyntaxError: Unexpected token '<', "<!DOCTYPE "... is not valid JSON @ http://localhost:3000/static/js/bundle.js:176
[115252069ms] [ERROR] Failed to load resource: the server responded with a status of 404 (Not Found) @ http://localhost:3000/api/cloud-relay-host/tasks/process:0
[115252069ms] [WARNING] [cloud-relay-host] background poll skipped SyntaxError: Unexpected token '<', "<!DOCTYPE "... is not valid JSON @ http://localhost:3000/static/js/bundle.js:176
[115311771ms] [ERROR] Failed to load resource: the server responded with a status of 404 (Not Found) @ http://localhost:3000/api/cloud-relay-host/tasks/process:0
[115311771ms] [WARNING] [cloud-relay-host] background poll skipped SyntaxError: Unexpected token '<', "<!DOCTYPE "... is not valid JSON @ http://localhost:3000/static/js/bundle.js:176
[115372083ms] [ERROR] Failed to load resource: the server responded with a status of 404 (Not Found) @ http://localhost:3000/api/cloud-relay-host/tasks/process:0
[115372084ms] [WARNING] [cloud-relay-host] background poll skipped SyntaxError: Unexpected token '<', "<!DOCTYPE "... is not valid JSON @ http://localhost:3000/static/js/bundle.js:176
[115431811ms] [ERROR] Failed to load resource: the server responded with a status of 404 (Not Found) @ http://localhost:3000/api/cloud-relay-host/tasks/process:0
[115431814ms] [WARNING] [cloud-relay-host] background poll skipped SyntaxError: Unexpected token '<', "<!DOCTYPE "... is not valid JSON @ http://localhost:3000/static/js/bundle.js:176
[115492080ms] [ERROR] Failed to load resource: the server responded with a status of 404 (Not Found) @ http://localhost:3000/api/cloud-relay-host/tasks/process:0
[115492080ms] [WARNING] [cloud-relay-host] background poll skipped SyntaxError: Unexpected token '<', "<!DOCTYPE "... is not valid JSON @ http://localhost:3000/static/js/bundle.js:176
[115551771ms] [ERROR] Failed to load resource: the server responded with a status of 404 (Not Found) @ http://localhost:3000/api/cloud-relay-host/tasks/process:0
[115551771ms] [WARNING] [cloud-relay-host] background poll skipped SyntaxError: Unexpected token '<', "<!DOCTYPE "... is not valid JSON @ http://localhost:3000/static/js/bundle.js:176
[115612147ms] [ERROR] Failed to load resource: the server responded with a status of 404 (Not Found) @ http://localhost:3000/api/cloud-relay-host/tasks/process:0
[115612151ms] [WARNING] [cloud-relay-host] background poll skipped SyntaxError: Unexpected token '<', "<!DOCTYPE "... is not valid JSON @ http://localhost:3000/static/js/bundle.js:176
[115671781ms] [ERROR] Failed to load resource: the server responded with a status of 404 (Not Found) @ http://localhost:3000/api/cloud-relay-host/tasks/process:0
[115671782ms] [WARNING] [cloud-relay-host] background poll skipped SyntaxError: Unexpected token '<', "<!DOCTYPE "... is not valid JSON @ http://localhost:3000/static/js/bundle.js:176
[115732161ms] [ERROR] Failed to load resource: the server responded with a status of 404 (Not Found) @ http://localhost:3000/api/cloud-relay-host/tasks/process:0
[115732163ms] [WARNING] [cloud-relay-host] background poll skipped SyntaxError: Unexpected token '<', "<!DOCTYPE "... is not valid JSON @ http://localhost:3000/static/js/bundle.js:176
[115791783ms] [ERROR] Failed to load resource: the server responded with a status of 404 (Not Found) @ http://localhost:3000/api/cloud-relay-host/tasks/process:0
[115791784ms] [WARNING] [cloud-relay-host] background poll skipped SyntaxError: Unexpected token '<', "<!DOCTYPE "... is not valid JSON @ http://localhost:3000/static/js/bundle.js:176
[115852088ms] [ERROR] Failed to load resource: the server responded with a status of 404 (Not Found) @ http://localhost:3000/api/cloud-relay-host/tasks/process:0
[115852088ms] [WARNING] [cloud-relay-host] background poll skipped SyntaxError: Unexpected token '<', "<!DOCTYPE "... is not valid JSON @ http://localhost:3000/static/js/bundle.js:176
[115911846ms] [ERROR] Failed to load resource: the server responded with a status of 404 (Not Found) @ http://localhost:3000/api/cloud-relay-host/tasks/process:0
[115911859ms] [WARNING] [cloud-relay-host] background poll skipped SyntaxError: Unexpected token '<', "<!DOCTYPE "... is not valid JSON @ http://localhost:3000/static/js/bundle.js:176
[115972084ms] [ERROR] Failed to load resource: the server responded with a status of 404 (Not Found) @ http://localhost:3000/api/cloud-relay-host/tasks/process:0
[115972084ms] [WARNING] [cloud-relay-host] background poll skipped SyntaxError: Unexpected token '<', "<!DOCTYPE "... is not valid JSON @ http://localhost:3000/static/js/bundle.js:176
[116031839ms] [ERROR] Failed to load resource: the server responded with a status of 404 (Not Found) @ http://localhost:3000/api/cloud-relay-host/tasks/process:0
[116031843ms] [WARNING] [cloud-relay-host] background poll skipped SyntaxError: Unexpected token '<', "<!DOCTYPE "... is not valid JSON @ http://localhost:3000/static/js/bundle.js:176
[116092129ms] [ERROR] Failed to load resource: the server responded with a status of 404 (Not Found) @ http://localhost:3000/api/cloud-relay-host/tasks/process:0
[116092130ms] [WARNING] [cloud-relay-host] background poll skipped SyntaxError: Unexpected token '<', "<!DOCTYPE "... is not valid JSON @ http://localhost:3000/static/js/bundle.js:176
[116151786ms] [ERROR] Failed to load resource: the server responded with a status of 404 (Not Found) @ http://localhost:3000/api/cloud-relay-host/tasks/process:0
[116151786ms] [WARNING] [cloud-relay-host] background poll skipped SyntaxError: Unexpected token '<', "<!DOCTYPE "... is not valid JSON @ http://localhost:3000/static/js/bundle.js:176
[116212096ms] [ERROR] Failed to load resource: the server responded with a status of 404 (Not Found) @ http://localhost:3000/api/cloud-relay-host/tasks/process:0
[116212097ms] [WARNING] [cloud-relay-host] background poll skipped SyntaxError: Unexpected token '<', "<!DOCTYPE "... is not valid JSON @ http://localhost:3000/static/js/bundle.js:176
[116271779ms] [ERROR] Failed to load resource: the server responded with a status of 404 (Not Found) @ http://localhost:3000/api/cloud-relay-host/tasks/process:0
[116271779ms] [WARNING] [cloud-relay-host] background poll skipped SyntaxError: Unexpected token '<', "<!DOCTYPE "... is not valid JSON @ http://localhost:3000/static/js/bundle.js:176
[116332100ms] [ERROR] Failed to load resource: the server responded with a status of 404 (Not Found) @ http://localhost:3000/api/cloud-relay-host/tasks/process:0
[116332101ms] [WARNING] [cloud-relay-host] background poll skipped SyntaxError: Unexpected token '<', "<!DOCTYPE "... is not valid JSON @ http://localhost:3000/static/js/bundle.js:176
[116391822ms] [ERROR] Failed to load resource: the server responded with a status of 404 (Not Found) @ http://localhost:3000/api/cloud-relay-host/tasks/process:0
[116391825ms] [WARNING] [cloud-relay-host] background poll skipped SyntaxError: Unexpected token '<', "<!DOCTYPE "... is not valid JSON @ http://localhost:3000/static/js/bundle.js:176
[116452109ms] [ERROR] Failed to load resource: the server responded with a status of 404 (Not Found) @ http://localhost:3000/api/cloud-relay-host/tasks/process:0
[116452109ms] [WARNING] [cloud-relay-host] background poll skipped SyntaxError: Unexpected token '<', "<!DOCTYPE "... is not valid JSON @ http://localhost:3000/static/js/bundle.js:176
[116511798ms] [ERROR] Failed to load resource: the server responded with a status of 404 (Not Found) @ http://localhost:3000/api/cloud-relay-host/tasks/process:0
[116511798ms] [WARNING] [cloud-relay-host] background poll skipped SyntaxError: Unexpected token '<', "<!DOCTYPE "... is not valid JSON @ http://localhost:3000/static/js/bundle.js:176
[116572123ms] [ERROR] Failed to load resource: the server responded with a status of 404 (Not Found) @ http://localhost:3000/api/cloud-relay-host/tasks/process:0
[116572124ms] [WARNING] [cloud-relay-host] background poll skipped SyntaxError: Unexpected token '<', "<!DOCTYPE "... is not valid JSON @ http://localhost:3000/static/js/bundle.js:176
[116631806ms] [ERROR] Failed to load resource: the server responded with a status of 404 (Not Found) @ http://localhost:3000/api/cloud-relay-host/tasks/process:0
[116631806ms] [WARNING] [cloud-relay-host] background poll skipped SyntaxError: Unexpected token '<', "<!DOCTYPE "... is not valid JSON @ http://localhost:3000/static/js/bundle.js:176
[116692232ms] [ERROR] Failed to load resource: the server responded with a status of 404 (Not Found) @ http://localhost:3000/api/cloud-relay-host/tasks/process:0
[116692234ms] [WARNING] [cloud-relay-host] background poll skipped SyntaxError: Unexpected token '<', "<!DOCTYPE "... is not valid JSON @ http://localhost:3000/static/js/bundle.js:176
[116751800ms] [ERROR] Failed to load resource: the server responded with a status of 404 (Not Found) @ http://localhost:3000/api/cloud-relay-host/tasks/process:0
[116751801ms] [WARNING] [cloud-relay-host] background poll skipped SyntaxError: Unexpected token '<', "<!DOCTYPE "... is not valid JSON @ http://localhost:3000/static/js/bundle.js:176
[116812185ms] [ERROR] Failed to load resource: the server responded with a status of 404 (Not Found) @ http://localhost:3000/api/cloud-relay-host/tasks/process:0
[116812190ms] [WARNING] [cloud-relay-host] background poll skipped SyntaxError: Unexpected token '<', "<!DOCTYPE "... is not valid JSON @ http://localhost:3000/static/js/bundle.js:176
[116871798ms] [ERROR] Failed to load resource: the server responded with a status of 404 (Not Found) @ http://localhost:3000/api/cloud-relay-host/tasks/process:0
[116871798ms] [WARNING] [cloud-relay-host] background poll skipped SyntaxError: Unexpected token '<', "<!DOCTYPE "... is not valid JSON @ http://localhost:3000/static/js/bundle.js:176
[116932137ms] [ERROR] Failed to load resource: the server responded with a status of 404 (Not Found) @ http://localhost:3000/api/cloud-relay-host/tasks/process:0
[116932139ms] [WARNING] [cloud-relay-host] background poll skipped SyntaxError: Unexpected token '<', "<!DOCTYPE "... is not valid JSON @ http://localhost:3000/static/js/bundle.js:176
[116991799ms] [ERROR] Failed to load resource: the server responded with a status of 404 (Not Found) @ http://localhost:3000/api/cloud-relay-host/tasks/process:0
[116991799ms] [WARNING] [cloud-relay-host] background poll skipped SyntaxError: Unexpected token '<', "<!DOCTYPE "... is not valid JSON @ http://localhost:3000/static/js/bundle.js:176
[117052118ms] [ERROR] Failed to load resource: the server responded with a status of 404 (Not Found) @ http://localhost:3000/api/cloud-relay-host/tasks/process:0
[117052119ms] [WARNING] [cloud-relay-host] background poll skipped SyntaxError: Unexpected token '<', "<!DOCTYPE "... is not valid JSON @ http://localhost:3000/static/js/bundle.js:176
[117111798ms] [ERROR] Failed to load resource: the server responded with a status of 404 (Not Found) @ http://localhost:3000/api/cloud-relay-host/tasks/process:0
[117111798ms] [WARNING] [cloud-relay-host] background poll skipped SyntaxError: Unexpected token '<', "<!DOCTYPE "... is not valid JSON @ http://localhost:3000/static/js/bundle.js:176
[117172183ms] [ERROR] Failed to load resource: the server responded with a status of 404 (Not Found) @ http://localhost:3000/api/cloud-relay-host/tasks/process:0
[117172185ms] [WARNING] [cloud-relay-host] background poll skipped SyntaxError: Unexpected token '<', "<!DOCTYPE "... is not valid JSON @ http://localhost:3000/static/js/bundle.js:176
[117231813ms] [ERROR] Failed to load resource: the server responded with a status of 404 (Not Found) @ http://localhost:3000/api/cloud-relay-host/tasks/process:0
[117231813ms] [WARNING] [cloud-relay-host] background poll skipped SyntaxError: Unexpected token '<', "<!DOCTYPE "... is not valid JSON @ http://localhost:3000/static/js/bundle.js:176
[117292118ms] [ERROR] Failed to load resource: the server responded with a status of 404 (Not Found) @ http://localhost:3000/api/cloud-relay-host/tasks/process:0
[117292119ms] [WARNING] [cloud-relay-host] background poll skipped SyntaxError: Unexpected token '<', "<!DOCTYPE "... is not valid JSON @ http://localhost:3000/static/js/bundle.js:176
[117352132ms] [ERROR] Failed to load resource: the server responded with a status of 404 (Not Found) @ http://localhost:3000/api/cloud-relay-host/tasks/process:0
[117352132ms] [WARNING] [cloud-relay-host] background poll skipped SyntaxError: Unexpected token '<', "<!DOCTYPE "... is not valid JSON @ http://localhost:3000/static/js/bundle.js:176
[117411847ms] [ERROR] Failed to load resource: the server responded with a status of 404 (Not Found) @ http://localhost:3000/api/cloud-relay-host/tasks/process:0
[117411848ms] [WARNING] [cloud-relay-host] background poll skipped SyntaxError: Unexpected token '<', "<!DOCTYPE "... is not valid JSON @ http://localhost:3000/static/js/bundle.js:176
[117471813ms] [ERROR] Failed to load resource: the server responded with a status of 404 (Not Found) @ http://localhost:3000/api/cloud-relay-host/tasks/process:0
[117471813ms] [WARNING] [cloud-relay-host] background poll skipped SyntaxError: Unexpected token '<', "<!DOCTYPE "... is not valid JSON @ http://localhost:3000/static/js/bundle.js:176
[117531938ms] [ERROR] Failed to load resource: the server responded with a status of 404 (Not Found) @ http://localhost:3000/api/cloud-relay-host/tasks/process:0
[117531942ms] [WARNING] [cloud-relay-host] background poll skipped SyntaxError: Unexpected token '<', "<!DOCTYPE "... is not valid JSON @ http://localhost:3000/static/js/bundle.js:176
[117591946ms] [ERROR] Failed to load resource: the server responded with a status of 404 (Not Found) @ http://localhost:3000/api/cloud-relay-host/tasks/process:0
[117591948ms] [WARNING] [cloud-relay-host] background poll skipped SyntaxError: Unexpected token '<', "<!DOCTYPE "... is not valid JSON @ http://localhost:3000/static/js/bundle.js:176
[117651831ms] [ERROR] Failed to load resource: the server responded with a status of 404 (Not Found) @ http://localhost:3000/api/cloud-relay-host/tasks/process:0
[117651831ms] [WARNING] [cloud-relay-host] background poll skipped SyntaxError: Unexpected token '<', "<!DOCTYPE "... is not valid JSON @ http://localhost:3000/static/js/bundle.js:176
[117711902ms] [ERROR] Failed to load resource: the server responded with a status of 404 (Not Found) @ http://localhost:3000/api/cloud-relay-host/tasks/process:0
[117711903ms] [WARNING] [cloud-relay-host] background poll skipped SyntaxError: Unexpected token '<', "<!DOCTYPE "... is not valid JSON @ http://localhost:3000/static/js/bundle.js:176
[117772183ms] [ERROR] Failed to load resource: the server responded with a status of 404 (Not Found) @ http://localhost:3000/api/cloud-relay-host/tasks/process:0
[117772190ms] [WARNING] [cloud-relay-host] background poll skipped SyntaxError: Unexpected token '<', "<!DOCTYPE "... is not valid JSON @ http://localhost:3000/static/js/bundle.js:176
[117831849ms] [ERROR] Failed to load resource: the server responded with a status of 404 (Not Found) @ http://localhost:3000/api/cloud-relay-host/tasks/process:0
[117831850ms] [WARNING] [cloud-relay-host] background poll skipped SyntaxError: Unexpected token '<', "<!DOCTYPE "... is not valid JSON @ http://localhost:3000/static/js/bundle.js:176
[117891848ms] [ERROR] Failed to load resource: the server responded with a status of 404 (Not Found) @ http://localhost:3000/api/cloud-relay-host/tasks/process:0
[117891850ms] [WARNING] [cloud-relay-host] background poll skipped SyntaxError: Unexpected token '<', "<!DOCTYPE "... is not valid JSON @ http://localhost:3000/static/js/bundle.js:176
[117952750ms] [ERROR] Failed to load resource: the server responded with a status of 404 (Not Found) @ http://localhost:3000/api/cloud-relay-host/tasks/process:0
[117952757ms] [WARNING] [cloud-relay-host] background poll skipped SyntaxError: Unexpected token '<', "<!DOCTYPE "... is not valid JSON @ http://localhost:3000/static/js/bundle.js:176
[118012095ms] [ERROR] Failed to load resource: the server responded with a status of 404 (Not Found) @ http://localhost:3000/api/cloud-relay-host/tasks/process:0
[118012108ms] [WARNING] [cloud-relay-host] background poll skipped SyntaxError: Unexpected token '<', "<!DOCTYPE "... is not valid JSON @ http://localhost:3000/static/js/bundle.js:176
[118071848ms] [ERROR] Failed to load resource: the server responded with a status of 404 (Not Found) @ http://localhost:3000/api/cloud-relay-host/tasks/process:0
[118071849ms] [WARNING] [cloud-relay-host] background poll skipped SyntaxError: Unexpected token '<', "<!DOCTYPE "... is not valid JSON @ http://localhost:3000/static/js/bundle.js:176
[118133561ms] [ERROR] Failed to load resource: the server responded with a status of 404 (Not Found) @ http://localhost:3000/api/cloud-relay-host/tasks/process:0
[118133561ms] [WARNING] [cloud-relay-host] background poll skipped SyntaxError: Unexpected token '<', "<!DOCTYPE "... is not valid JSON @ http://localhost:3000/static/js/bundle.js:176
[118193369ms] [ERROR] Failed to load resource: the server responded with a status of 404 (Not Found) @ http://localhost:3000/api/cloud-relay-host/tasks/process:0
[118193374ms] [WARNING] [cloud-relay-host] background poll skipped SyntaxError: Unexpected token '<', "<!DOCTYPE "... is not valid JSON @ http://localhost:3000/static/js/bundle.js:176
[118251819ms] [ERROR] Failed to load resource: the server responded with a status of 404 (Not Found) @ http://localhost:3000/api/cloud-relay-host/tasks/process:0
[118251820ms] [WARNING] [cloud-relay-host] background poll skipped SyntaxError: Unexpected token '<', "<!DOCTYPE "... is not valid JSON @ http://localhost:3000/static/js/bundle.js:176
[118311835ms] [ERROR] Failed to load resource: the server responded with a status of 404 (Not Found) @ http://localhost:3000/api/cloud-relay-host/tasks/process:0
[118311836ms] [WARNING] [cloud-relay-host] background poll skipped SyntaxError: Unexpected token '<', "<!DOCTYPE "... is not valid JSON @ http://localhost:3000/static/js/bundle.js:176
[118372216ms] [ERROR] Failed to load resource: the server responded with a status of 404 (Not Found) @ http://localhost:3000/api/cloud-relay-host/tasks/process:0
[118372218ms] [WARNING] [cloud-relay-host] background poll skipped SyntaxError: Unexpected token '<', "<!DOCTYPE "... is not valid JSON @ http://localhost:3000/static/js/bundle.js:176
[118431882ms] [ERROR] Failed to load resource: the server responded with a status of 404 (Not Found) @ http://localhost:3000/api/cloud-relay-host/tasks/process:0
[118431882ms] [WARNING] [cloud-relay-host] background poll skipped SyntaxError: Unexpected token '<', "<!DOCTYPE "... is not valid JSON @ http://localhost:3000/static/js/bundle.js:176
[118491866ms] [ERROR] Failed to load resource: the server responded with a status of 404 (Not Found) @ http://localhost:3000/api/cloud-relay-host/tasks/process:0
[118491867ms] [WARNING] [cloud-relay-host] background poll skipped SyntaxError: Unexpected token '<', "<!DOCTYPE "... is not valid JSON @ http://localhost:3000/static/js/bundle.js:176
[118558364ms] [ERROR] Failed to load resource: the server responded with a status of 404 (Not Found) @ http://localhost:3000/api/cloud-relay-host/tasks/process:0
[118558366ms] [WARNING] [cloud-relay-host] background poll skipped SyntaxError: Unexpected token '<', "<!DOCTYPE "... is not valid JSON @ http://localhost:3000/static/js/bundle.js:176
[118611844ms] [ERROR] Failed to load resource: the server responded with a status of 404 (Not Found) @ http://localhost:3000/api/cloud-relay-host/tasks/process:0
[118611845ms] [WARNING] [cloud-relay-host] background poll skipped SyntaxError: Unexpected token '<', "<!DOCTYPE "... is not valid JSON @ http://localhost:3000/static/js/bundle.js:176
[118671866ms] [ERROR] Failed to load resource: the server responded with a status of 404 (Not Found) @ http://localhost:3000/api/cloud-relay-host/tasks/process:0
[118671867ms] [WARNING] [cloud-relay-host] background poll skipped SyntaxError: Unexpected token '<', "<!DOCTYPE "... is not valid JSON @ http://localhost:3000/static/js/bundle.js:176
[118733000ms] [ERROR] Failed to load resource: the server responded with a status of 404 (Not Found) @ http://localhost:3000/api/cloud-relay-host/tasks/process:0
[118733002ms] [WARNING] [cloud-relay-host] background poll skipped SyntaxError: Unexpected token '<', "<!DOCTYPE "... is not valid JSON @ http://localhost:3000/static/js/bundle.js:176
[118791847ms] [ERROR] Failed to load resource: the server responded with a status of 404 (Not Found) @ http://localhost:3000/api/cloud-relay-host/tasks/process:0
[118791848ms] [WARNING] [cloud-relay-host] background poll skipped SyntaxError: Unexpected token '<', "<!DOCTYPE "... is not valid JSON @ http://localhost:3000/static/js/bundle.js:176
[118851847ms] [ERROR] Failed to load resource: the server responded with a status of 404 (Not Found) @ http://localhost:3000/api/cloud-relay-host/tasks/process:0
[118851848ms] [WARNING] [cloud-relay-host] background poll skipped SyntaxError: Unexpected token '<', "<!DOCTYPE "... is not valid JSON @ http://localhost:3000/static/js/bundle.js:176
[118912152ms] [ERROR] Failed to load resource: the server responded with a status of 404 (Not Found) @ http://localhost:3000/api/cloud-relay-host/tasks/process:0
[118912155ms] [WARNING] [cloud-relay-host] background poll skipped SyntaxError: Unexpected token '<', "<!DOCTYPE "... is not valid JSON @ http://localhost:3000/static/js/bundle.js:176
[118972301ms] [ERROR] Failed to load resource: the server responded with a status of 404 (Not Found) @ http://localhost:3000/api/cloud-relay-host/tasks/process:0
[118972311ms] [WARNING] [cloud-relay-host] background poll skipped SyntaxError: Unexpected token '<', "<!DOCTYPE "... is not valid JSON @ http://localhost:3000/static/js/bundle.js:176
[119031875ms] [ERROR] Failed to load resource: the server responded with a status of 404 (Not Found) @ http://localhost:3000/api/cloud-relay-host/tasks/process:0
[119031875ms] [WARNING] [cloud-relay-host] background poll skipped SyntaxError: Unexpected token '<', "<!DOCTYPE "... is not valid JSON @ http://localhost:3000/static/js/bundle.js:176
[119091841ms] [ERROR] Failed to load resource: the server responded with a status of 404 (Not Found) @ http://localhost:3000/api/cloud-relay-host/tasks/process:0
[119091842ms] [WARNING] [cloud-relay-host] background poll skipped SyntaxError: Unexpected token '<', "<!DOCTYPE "... is not valid JSON @ http://localhost:3000/static/js/bundle.js:176
[119156203ms] [ERROR] Failed to load resource: the server responded with a status of 404 (Not Found) @ http://localhost:3000/api/cloud-relay-host/tasks/process:0
[119156213ms] [WARNING] [cloud-relay-host] background poll skipped SyntaxError: Unexpected token '<', "<!DOCTYPE "... is not valid JSON @ http://localhost:3000/static/js/bundle.js:176
[119211859ms] [ERROR] Failed to load resource: the server responded with a status of 404 (Not Found) @ http://localhost:3000/api/cloud-relay-host/tasks/process:0
[119211859ms] [WARNING] [cloud-relay-host] background poll skipped SyntaxError: Unexpected token '<', "<!DOCTYPE "... is not valid JSON @ http://localhost:3000/static/js/bundle.js:176
[119271838ms] [ERROR] Failed to load resource: the server responded with a status of 404 (Not Found) @ http://localhost:3000/api/cloud-relay-host/tasks/process:0
[119271840ms] [WARNING] [cloud-relay-host] background poll skipped SyntaxError: Unexpected token '<', "<!DOCTYPE "... is not valid JSON @ http://localhost:3000/static/js/bundle.js:176
[119332171ms] [ERROR] Failed to load resource: the server responded with a status of 404 (Not Found) @ http://localhost:3000/api/cloud-relay-host/tasks/process:0
[119332173ms] [WARNING] [cloud-relay-host] background poll skipped SyntaxError: Unexpected token '<', "<!DOCTYPE "... is not valid JSON @ http://localhost:3000/static/js/bundle.js:176
[119391990ms] [ERROR] Failed to load resource: the server responded with a status of 404 (Not Found) @ http://localhost:3000/api/cloud-relay-host/tasks/process:0
[119391995ms] [WARNING] [cloud-relay-host] background poll skipped SyntaxError: Unexpected token '<', "<!DOCTYPE "... is not valid JSON @ http://localhost:3000/static/js/bundle.js:176
[119451871ms] [ERROR] Failed to load resource: the server responded with a status of 404 (Not Found) @ http://localhost:3000/api/cloud-relay-host/tasks/process:0
[119451872ms] [WARNING] [cloud-relay-host] background poll skipped SyntaxError: Unexpected token '<', "<!DOCTYPE "... is not valid JSON @ http://localhost:3000/static/js/bundle.js:176
[119511985ms] [ERROR] Failed to load resource: the server responded with a status of 404 (Not Found) @ http://localhost:3000/api/cloud-relay-host/tasks/process:0
[119512016ms] [WARNING] [cloud-relay-host] background poll skipped SyntaxError: Unexpected token '<', "<!DOCTYPE "... is not valid JSON @ http://localhost:3000/static/js/bundle.js:176
[119572054ms] [ERROR] Failed to load resource: the server responded with a status of 404 (Not Found) @ http://localhost:3000/api/cloud-relay-host/tasks/process:0
[119572059ms] [WARNING] [cloud-relay-host] background poll skipped SyntaxError: Unexpected token '<', "<!DOCTYPE "... is not valid JSON @ http://localhost:3000/static/js/bundle.js:176
[119631861ms] [ERROR] Failed to load resource: the server responded with a status of 404 (Not Found) @ http://localhost:3000/api/cloud-relay-host/tasks/process:0
[119631861ms] [WARNING] [cloud-relay-host] background poll skipped SyntaxError: Unexpected token '<', "<!DOCTYPE "... is not valid JSON @ http://localhost:3000/static/js/bundle.js:176
[119691866ms] [ERROR] Failed to load resource: the server responded with a status of 404 (Not Found) @ http://localhost:3000/api/cloud-relay-host/tasks/process:0
[119691866ms] [WARNING] [cloud-relay-host] background poll skipped SyntaxError: Unexpected token '<', "<!DOCTYPE "... is not valid JSON @ http://localhost:3000/static/js/bundle.js:176
[119753257ms] [ERROR] Failed to load resource: the server responded with a status of 404 (Not Found) @ http://localhost:3000/api/cloud-relay-host/tasks/process:0
[119753260ms] [WARNING] [cloud-relay-host] background poll skipped SyntaxError: Unexpected token '<', "<!DOCTYPE "... is not valid JSON @ http://localhost:3000/static/js/bundle.js:176
[119812232ms] [ERROR] Failed to load resource: the server responded with a status of 404 (Not Found) @ http://localhost:3000/api/cloud-relay-host/tasks/process:0
[119812236ms] [WARNING] [cloud-relay-host] background poll skipped SyntaxError: Unexpected token '<', "<!DOCTYPE "... is not valid JSON @ http://localhost:3000/static/js/bundle.js:176
[119871867ms] [ERROR] Failed to load resource: the server responded with a status of 404 (Not Found) @ http://localhost:3000/api/cloud-relay-host/tasks/process:0
[119871870ms] [WARNING] [cloud-relay-host] background poll skipped SyntaxError: Unexpected token '<', "<!DOCTYPE "... is not valid JSON @ http://localhost:3000/static/js/bundle.js:176
[119932496ms] [ERROR] Failed to load resource: the server responded with a status of 404 (Not Found) @ http://localhost:3000/api/cloud-relay-host/tasks/process:0
[119932499ms] [WARNING] [cloud-relay-host] background poll skipped SyntaxError: Unexpected token '<', "<!DOCTYPE "... is not valid JSON @ http://localhost:3000/static/js/bundle.js:176
[119992000ms] [ERROR] Failed to load resource: the server responded with a status of 404 (Not Found) @ http://localhost:3000/api/cloud-relay-host/tasks/process:0
[119992002ms] [WARNING] [cloud-relay-host] background poll skipped SyntaxError: Unexpected token '<', "<!DOCTYPE "... is not valid JSON @ http://localhost:3000/static/js/bundle.js:176
[120051881ms] [ERROR] Failed to load resource: the server responded with a status of 404 (Not Found) @ http://localhost:3000/api/cloud-relay-host/tasks/process:0
[120051882ms] [WARNING] [cloud-relay-host] background poll skipped SyntaxError: Unexpected token '<', "<!DOCTYPE "... is not valid JSON @ http://localhost:3000/static/js/bundle.js:176
[120116395ms] [ERROR] Failed to load resource: the server responded with a status of 404 (Not Found) @ http://localhost:3000/api/cloud-relay-host/tasks/process:0
[120116398ms] [WARNING] [cloud-relay-host] background poll skipped SyntaxError: Unexpected token '<', "<!DOCTYPE "... is not valid JSON @ http://localhost:3000/static/js/bundle.js:176
[120172079ms] [ERROR] Failed to load resource: the server responded with a status of 404 (Not Found) @ http://localhost:3000/api/cloud-relay-host/tasks/process:0
[120172081ms] [WARNING] [cloud-relay-host] background poll skipped SyntaxError: Unexpected token '<', "<!DOCTYPE "... is not valid JSON @ http://localhost:3000/static/js/bundle.js:176
[120231901ms] [ERROR] Failed to load resource: the server responded with a status of 404 (Not Found) @ http://localhost:3000/api/cloud-relay-host/tasks/process:0
[120231901ms] [WARNING] [cloud-relay-host] background poll skipped SyntaxError: Unexpected token '<', "<!DOCTYPE "... is not valid JSON @ http://localhost:3000/static/js/bundle.js:176
[120292102ms] [ERROR] Failed to load resource: the server responded with a status of 404 (Not Found) @ http://localhost:3000/api/cloud-relay-host/tasks/process:0
[120292104ms] [WARNING] [cloud-relay-host] background poll skipped SyntaxError: Unexpected token '<', "<!DOCTYPE "... is not valid JSON @ http://localhost:3000/static/js/bundle.js:176
[120352482ms] [ERROR] Failed to load resource: the server responded with a status of 404 (Not Found) @ http://localhost:3000/api/cloud-relay-host/tasks/process:0
[120352485ms] [WARNING] [cloud-relay-host] background poll skipped SyntaxError: Unexpected token '<', "<!DOCTYPE "... is not valid JSON @ http://localhost:3000/static/js/bundle.js:176
[120411931ms] [ERROR] Failed to load resource: the server responded with a status of 404 (Not Found) @ http://localhost:3000/api/cloud-relay-host/tasks/process:0
[120411933ms] [WARNING] [cloud-relay-host] background poll skipped SyntaxError: Unexpected token '<', "<!DOCTYPE "... is not valid JSON @ http://localhost:3000/static/js/bundle.js:176
[120471943ms] [ERROR] Failed to load resource: the server responded with a status of 404 (Not Found) @ http://localhost:3000/api/cloud-relay-host/tasks/process:0
[120471946ms] [WARNING] [cloud-relay-host] background poll skipped SyntaxError: Unexpected token '<', "<!DOCTYPE "... is not valid JSON @ http://localhost:3000/static/js/bundle.js:176
[120532024ms] [ERROR] Failed to load resource: the server responded with a status of 404 (Not Found) @ http://localhost:3000/api/cloud-relay-host/tasks/process:0
[120532027ms] [WARNING] [cloud-relay-host] background poll skipped SyntaxError: Unexpected token '<', "<!DOCTYPE "... is not valid JSON @ http://localhost:3000/static/js/bundle.js:176
[120591893ms] [ERROR] Failed to load resource: the server responded with a status of 404 (Not Found) @ http://localhost:3000/api/cloud-relay-host/tasks/process:0
[120591895ms] [WARNING] [cloud-relay-host] background poll skipped SyntaxError: Unexpected token '<', "<!DOCTYPE "... is not valid JSON @ http://localhost:3000/static/js/bundle.js:176
[120651891ms] [ERROR] Failed to load resource: the server responded with a status of 404 (Not Found) @ http://localhost:3000/api/cloud-relay-host/tasks/process:0
[120651892ms] [WARNING] [cloud-relay-host] background poll skipped SyntaxError: Unexpected token '<', "<!DOCTYPE "... is not valid JSON @ http://localhost:3000/static/js/bundle.js:176
[120712405ms] [ERROR] Failed to load resource: the server responded with a status of 404 (Not Found) @ http://localhost:3000/api/cloud-relay-host/tasks/process:0
[120712407ms] [WARNING] [cloud-relay-host] background poll skipped SyntaxError: Unexpected token '<', "<!DOCTYPE "... is not valid JSON @ http://localhost:3000/static/js/bundle.js:176
[120771889ms] [ERROR] Failed to load resource: the server responded with a status of 404 (Not Found) @ http://localhost:3000/api/cloud-relay-host/tasks/process:0
[120771889ms] [WARNING] [cloud-relay-host] background poll skipped SyntaxError: Unexpected token '<', "<!DOCTYPE "... is not valid JSON @ http://localhost:3000/static/js/bundle.js:176
[120831889ms] [ERROR] Failed to load resource: the server responded with a status of 404 (Not Found) @ http://localhost:3000/api/cloud-relay-host/tasks/process:0
[120831890ms] [WARNING] [cloud-relay-host] background poll skipped SyntaxError: Unexpected token '<', "<!DOCTYPE "... is not valid JSON @ http://localhost:3000/static/js/bundle.js:176
[120892441ms] [ERROR] Failed to load resource: the server responded with a status of 404 (Not Found) @ http://localhost:3000/api/cloud-relay-host/tasks/process:0
[120892443ms] [WARNING] [cloud-relay-host] background poll skipped SyntaxError: Unexpected token '<', "<!DOCTYPE "... is not valid JSON @ http://localhost:3000/static/js/bundle.js:176
[120952235ms] [ERROR] Failed to load resource: the server responded with a status of 404 (Not Found) @ http://localhost:3000/api/cloud-relay-host/tasks/process:0
[120952237ms] [WARNING] [cloud-relay-host] background poll skipped SyntaxError: Unexpected token '<', "<!DOCTYPE "... is not valid JSON @ http://localhost:3000/static/js/bundle.js:176
[121011906ms] [ERROR] Failed to load resource: the server responded with a status of 404 (Not Found) @ http://localhost:3000/api/cloud-relay-host/tasks/process:0
[121011907ms] [WARNING] [cloud-relay-host] background poll skipped SyntaxError: Unexpected token '<', "<!DOCTYPE "... is not valid JSON @ http://localhost:3000/static/js/bundle.js:176
[121073340ms] [ERROR] Failed to load resource: the server responded with a status of 404 (Not Found) @ http://localhost:3000/api/cloud-relay-host/tasks/process:0
[121073345ms] [WARNING] [cloud-relay-host] background poll skipped SyntaxError: Unexpected token '<', "<!DOCTYPE "... is not valid JSON @ http://localhost:3000/static/js/bundle.js:176
[121133320ms] [ERROR] Failed to load resource: the server responded with a status of 404 (Not Found) @ http://localhost:3000/api/cloud-relay-host/tasks/process:0
[121133327ms] [WARNING] [cloud-relay-host] background poll skipped SyntaxError: Unexpected token '<', "<!DOCTYPE "... is not valid JSON @ http://localhost:3000/static/js/bundle.js:176
[121191898ms] [ERROR] Failed to load resource: the server responded with a status of 404 (Not Found) @ http://localhost:3000/api/cloud-relay-host/tasks/process:0
[121191899ms] [WARNING] [cloud-relay-host] background poll skipped SyntaxError: Unexpected token '<', "<!DOCTYPE "... is not valid JSON @ http://localhost:3000/static/js/bundle.js:176
[121251967ms] [ERROR] Failed to load resource: the server responded with a status of 404 (Not Found) @ http://localhost:3000/api/cloud-relay-host/tasks/process:0
[121251970ms] [WARNING] [cloud-relay-host] background poll skipped SyntaxError: Unexpected token '<', "<!DOCTYPE "... is not valid JSON @ http://localhost:3000/static/js/bundle.js:176
[121312614ms] [ERROR] Failed to load resource: the server responded with a status of 404 (Not Found) @ http://localhost:3000/api/cloud-relay-host/tasks/process:0
[121312615ms] [WARNING] [cloud-relay-host] background poll skipped SyntaxError: Unexpected token '<', "<!DOCTYPE "... is not valid JSON @ http://localhost:3000/static/js/bundle.js:176
[121371898ms] [ERROR] Failed to load resource: the server responded with a status of 404 (Not Found) @ http://localhost:3000/api/cloud-relay-host/tasks/process:0
[121371898ms] [WARNING] [cloud-relay-host] background poll skipped SyntaxError: Unexpected token '<', "<!DOCTYPE "... is not valid JSON @ http://localhost:3000/static/js/bundle.js:176
[121431900ms] [ERROR] Failed to load resource: the server responded with a status of 404 (Not Found) @ http://localhost:3000/api/cloud-relay-host/tasks/process:0
[121431901ms] [WARNING] [cloud-relay-host] background poll skipped SyntaxError: Unexpected token '<', "<!DOCTYPE "... is not valid JSON @ http://localhost:3000/static/js/bundle.js:176
[121491978ms] [ERROR] Failed to load resource: the server responded with a status of 404 (Not Found) @ http://localhost:3000/api/cloud-relay-host/tasks/process:0
[121491979ms] [WARNING] [cloud-relay-host] background poll skipped SyntaxError: Unexpected token '<', "<!DOCTYPE "... is not valid JSON @ http://localhost:3000/static/js/bundle.js:176
[121551879ms] [ERROR] Failed to load resource: the server responded with a status of 404 (Not Found) @ http://localhost:3000/api/cloud-relay-host/tasks/process:0
[121551879ms] [WARNING] [cloud-relay-host] background poll skipped SyntaxError: Unexpected token '<', "<!DOCTYPE "... is not valid JSON @ http://localhost:3000/static/js/bundle.js:176
[121611927ms] [ERROR] Failed to load resource: the server responded with a status of 404 (Not Found) @ http://localhost:3000/api/cloud-relay-host/tasks/process:0
[121611927ms] [WARNING] [cloud-relay-host] background poll skipped SyntaxError: Unexpected token '<', "<!DOCTYPE "... is not valid JSON @ http://localhost:3000/static/js/bundle.js:176
[121671998ms] [ERROR] Failed to load resource: the server responded with a status of 404 (Not Found) @ http://localhost:3000/api/cloud-relay-host/tasks/process:0
[121672000ms] [WARNING] [cloud-relay-host] background poll skipped SyntaxError: Unexpected token '<', "<!DOCTYPE "... is not valid JSON @ http://localhost:3000/static/js/bundle.js:176
[121731884ms] [ERROR] Failed to load resource: the server responded with a status of 404 (Not Found) @ http://localhost:3000/api/cloud-relay-host/tasks/process:0
[121731885ms] [WARNING] [cloud-relay-host] background poll skipped SyntaxError: Unexpected token '<', "<!DOCTYPE "... is not valid JSON @ http://localhost:3000/static/js/bundle.js:176
[121791882ms] [ERROR] Failed to load resource: the server responded with a status of 404 (Not Found) @ http://localhost:3000/api/cloud-relay-host/tasks/process:0
[121791883ms] [WARNING] [cloud-relay-host] background poll skipped SyntaxError: Unexpected token '<', "<!DOCTYPE "... is not valid JSON @ http://localhost:3000/static/js/bundle.js:176
[121851956ms] [ERROR] Failed to load resource: the server responded with a status of 404 (Not Found) @ http://localhost:3000/api/cloud-relay-host/tasks/process:0
[121851958ms] [WARNING] [cloud-relay-host] background poll skipped SyntaxError: Unexpected token '<', "<!DOCTYPE "... is not valid JSON @ http://localhost:3000/static/js/bundle.js:176
[121912015ms] [ERROR] Failed to load resource: the server responded with a status of 404 (Not Found) @ http://localhost:3000/api/cloud-relay-host/tasks/process:0
[121912017ms] [WARNING] [cloud-relay-host] background poll skipped SyntaxError: Unexpected token '<', "<!DOCTYPE "... is not valid JSON @ http://localhost:3000/static/js/bundle.js:176
[121971888ms] [ERROR] Failed to load resource: the server responded with a status of 404 (Not Found) @ http://localhost:3000/api/cloud-relay-host/tasks/process:0
[121971889ms] [WARNING] [cloud-relay-host] background poll skipped SyntaxError: Unexpected token '<', "<!DOCTYPE "... is not valid JSON @ http://localhost:3000/static/js/bundle.js:176
[122031982ms] [ERROR] Failed to load resource: the server responded with a status of 404 (Not Found) @ http://localhost:3000/api/cloud-relay-host/tasks/process:0
[122031985ms] [WARNING] [cloud-relay-host] background poll skipped SyntaxError: Unexpected token '<', "<!DOCTYPE "... is not valid JSON @ http://localhost:3000/static/js/bundle.js:176
[122091969ms] [ERROR] Failed to load resource: the server responded with a status of 404 (Not Found) @ http://localhost:3000/api/cloud-relay-host/tasks/process:0
[122091971ms] [WARNING] [cloud-relay-host] background poll skipped SyntaxError: Unexpected token '<', "<!DOCTYPE "... is not valid JSON @ http://localhost:3000/static/js/bundle.js:176
[122151896ms] [ERROR] Failed to load resource: the server responded with a status of 404 (Not Found) @ http://localhost:3000/api/cloud-relay-host/tasks/process:0
[122151897ms] [WARNING] [cloud-relay-host] background poll skipped SyntaxError: Unexpected token '<', "<!DOCTYPE "... is not valid JSON @ http://localhost:3000/static/js/bundle.js:176
[122211919ms] [ERROR] Failed to load resource: the server responded with a status of 404 (Not Found) @ http://localhost:3000/api/cloud-relay-host/tasks/process:0
[122211920ms] [WARNING] [cloud-relay-host] background poll skipped SyntaxError: Unexpected token '<', "<!DOCTYPE "... is not valid JSON @ http://localhost:3000/static/js/bundle.js:176
[122271943ms] [ERROR] Failed to load resource: the server responded with a status of 404 (Not Found) @ http://localhost:3000/api/cloud-relay-host/tasks/process:0
[122271945ms] [WARNING] [cloud-relay-host] background poll skipped SyntaxError: Unexpected token '<', "<!DOCTYPE "... is not valid JSON @ http://localhost:3000/static/js/bundle.js:176
[122331986ms] [ERROR] Failed to load resource: the server responded with a status of 404 (Not Found) @ http://localhost:3000/api/cloud-relay-host/tasks/process:0
[122331989ms] [WARNING] [cloud-relay-host] background poll skipped SyntaxError: Unexpected token '<', "<!DOCTYPE "... is not valid JSON @ http://localhost:3000/static/js/bundle.js:176
[122391877ms] [ERROR] Failed to load resource: the server responded with a status of 404 (Not Found) @ http://localhost:3000/api/cloud-relay-host/tasks/process:0
[122391878ms] [WARNING] [cloud-relay-host] background poll skipped SyntaxError: Unexpected token '<', "<!DOCTYPE "... is not valid JSON @ http://localhost:3000/static/js/bundle.js:176
[122451942ms] [ERROR] Failed to load resource: the server responded with a status of 404 (Not Found) @ http://localhost:3000/api/cloud-relay-host/tasks/process:0
[122451943ms] [WARNING] [cloud-relay-host] background poll skipped SyntaxError: Unexpected token '<', "<!DOCTYPE "... is not valid JSON @ http://localhost:3000/static/js/bundle.js:176
[122511875ms] [ERROR] Failed to load resource: the server responded with a status of 404 (Not Found) @ http://localhost:3000/api/cloud-relay-host/tasks/process:0
[122511876ms] [WARNING] [cloud-relay-host] background poll skipped SyntaxError: Unexpected token '<', "<!DOCTYPE "... is not valid JSON @ http://localhost:3000/static/js/bundle.js:176
[122571888ms] [ERROR] Failed to load resource: the server responded with a status of 404 (Not Found) @ http://localhost:3000/api/cloud-relay-host/tasks/process:0
[122571889ms] [WARNING] [cloud-relay-host] background poll skipped SyntaxError: Unexpected token '<', "<!DOCTYPE "... is not valid JSON @ http://localhost:3000/static/js/bundle.js:176
[122631954ms] [ERROR] Failed to load resource: the server responded with a status of 404 (Not Found) @ http://localhost:3000/api/cloud-relay-host/tasks/process:0
[122631957ms] [WARNING] [cloud-relay-host] background poll skipped SyntaxError: Unexpected token '<', "<!DOCTYPE "... is not valid JSON @ http://localhost:3000/static/js/bundle.js:176
[122691880ms] [ERROR] Failed to load resource: the server responded with a status of 404 (Not Found) @ http://localhost:3000/api/cloud-relay-host/tasks/process:0
[122691881ms] [WARNING] [cloud-relay-host] background poll skipped SyntaxError: Unexpected token '<', "<!DOCTYPE "... is not valid JSON @ http://localhost:3000/static/js/bundle.js:176
[122751920ms] [ERROR] Failed to load resource: the server responded with a status of 404 (Not Found) @ http://localhost:3000/api/cloud-relay-host/tasks/process:0
[122751921ms] [WARNING] [cloud-relay-host] background poll skipped SyntaxError: Unexpected token '<', "<!DOCTYPE "... is not valid JSON @ http://localhost:3000/static/js/bundle.js:176
[122812136ms] [ERROR] Failed to load resource: the server responded with a status of 404 (Not Found) @ http://localhost:3000/api/cloud-relay-host/tasks/process:0
[122812139ms] [WARNING] [cloud-relay-host] background poll skipped SyntaxError: Unexpected token '<', "<!DOCTYPE "... is not valid JSON @ http://localhost:3000/static/js/bundle.js:176
[122871888ms] [ERROR] Failed to load resource: the server responded with a status of 404 (Not Found) @ http://localhost:3000/api/cloud-relay-host/tasks/process:0
[122871889ms] [WARNING] [cloud-relay-host] background poll skipped SyntaxError: Unexpected token '<', "<!DOCTYPE "... is not valid JSON @ http://localhost:3000/static/js/bundle.js:176
[122932049ms] [ERROR] Failed to load resource: the server responded with a status of 404 (Not Found) @ http://localhost:3000/api/cloud-relay-host/tasks/process:0
[122932051ms] [WARNING] [cloud-relay-host] background poll skipped SyntaxError: Unexpected token '<', "<!DOCTYPE "... is not valid JSON @ http://localhost:3000/static/js/bundle.js:176
[122991876ms] [ERROR] Failed to load resource: the server responded with a status of 404 (Not Found) @ http://localhost:3000/api/cloud-relay-host/tasks/process:0
[122991877ms] [WARNING] [cloud-relay-host] background poll skipped SyntaxError: Unexpected token '<', "<!DOCTYPE "... is not valid JSON @ http://localhost:3000/static/js/bundle.js:176
[123051900ms] [ERROR] Failed to load resource: the server responded with a status of 404 (Not Found) @ http://localhost:3000/api/cloud-relay-host/tasks/process:0
[123051902ms] [WARNING] [cloud-relay-host] background poll skipped SyntaxError: Unexpected token '<', "<!DOCTYPE "... is not valid JSON @ http://localhost:3000/static/js/bundle.js:176
[123112001ms] [ERROR] Failed to load resource: the server responded with a status of 404 (Not Found) @ http://localhost:3000/api/cloud-relay-host/tasks/process:0
[123112002ms] [WARNING] [cloud-relay-host] background poll skipped SyntaxError: Unexpected token '<', "<!DOCTYPE "... is not valid JSON @ http://localhost:3000/static/js/bundle.js:176
[123171881ms] [ERROR] Failed to load resource: the server responded with a status of 404 (Not Found) @ http://localhost:3000/api/cloud-relay-host/tasks/process:0
[123171882ms] [WARNING] [cloud-relay-host] background poll skipped SyntaxError: Unexpected token '<', "<!DOCTYPE "... is not valid JSON @ http://localhost:3000/static/js/bundle.js:176
[123232163ms] [ERROR] Failed to load resource: the server responded with a status of 404 (Not Found) @ http://localhost:3000/api/cloud-relay-host/tasks/process:0
[123232165ms] [WARNING] [cloud-relay-host] background poll skipped SyntaxError: Unexpected token '<', "<!DOCTYPE "... is not valid JSON @ http://localhost:3000/static/js/bundle.js:176
[123292032ms] [ERROR] Failed to load resource: the server responded with a status of 404 (Not Found) @ http://localhost:3000/api/cloud-relay-host/tasks/process:0
[123292034ms] [WARNING] [cloud-relay-host] background poll skipped SyntaxError: Unexpected token '<', "<!DOCTYPE "... is not valid JSON @ http://localhost:3000/static/js/bundle.js:176
[123351896ms] [ERROR] Failed to load resource: the server responded with a status of 404 (Not Found) @ http://localhost:3000/api/cloud-relay-host/tasks/process:0
[123351899ms] [WARNING] [cloud-relay-host] background poll skipped SyntaxError: Unexpected token '<', "<!DOCTYPE "... is not valid JSON @ http://localhost:3000/static/js/bundle.js:176
[123411991ms] [ERROR] Failed to load resource: the server responded with a status of 404 (Not Found) @ http://localhost:3000/api/cloud-relay-host/tasks/process:0
[123411992ms] [WARNING] [cloud-relay-host] background poll skipped SyntaxError: Unexpected token '<', "<!DOCTYPE "... is not valid JSON @ http://localhost:3000/static/js/bundle.js:176
[123471896ms] [ERROR] Failed to load resource: the server responded with a status of 404 (Not Found) @ http://localhost:3000/api/cloud-relay-host/tasks/process:0
[123471896ms] [WARNING] [cloud-relay-host] background poll skipped SyntaxError: Unexpected token '<', "<!DOCTYPE "... is not valid JSON @ http://localhost:3000/static/js/bundle.js:176
[123532343ms] [ERROR] Failed to load resource: the server responded with a status of 404 (Not Found) @ http://localhost:3000/api/cloud-relay-host/tasks/process:0
[123532345ms] [WARNING] [cloud-relay-host] background poll skipped SyntaxError: Unexpected token '<', "<!DOCTYPE "... is not valid JSON @ http://localhost:3000/static/js/bundle.js:176
[123591976ms] [ERROR] Failed to load resource: the server responded with a status of 404 (Not Found) @ http://localhost:3000/api/cloud-relay-host/tasks/process:0
[123591978ms] [WARNING] [cloud-relay-host] background poll skipped SyntaxError: Unexpected token '<', "<!DOCTYPE "... is not valid JSON @ http://localhost:3000/static/js/bundle.js:176
[123652059ms] [ERROR] Failed to load resource: the server responded with a status of 404 (Not Found) @ http://localhost:3000/api/cloud-relay-host/tasks/process:0
[123652060ms] [WARNING] [cloud-relay-host] background poll skipped SyntaxError: Unexpected token '<', "<!DOCTYPE "... is not valid JSON @ http://localhost:3000/static/js/bundle.js:176
[123713969ms] [ERROR] Failed to load resource: the server responded with a status of 404 (Not Found) @ http://localhost:3000/api/cloud-relay-host/tasks/process:0
[123713972ms] [WARNING] [cloud-relay-host] background poll skipped SyntaxError: Unexpected token '<', "<!DOCTYPE "... is not valid JSON @ http://localhost:3000/static/js/bundle.js:176
[123771929ms] [ERROR] Failed to load resource: the server responded with a status of 404 (Not Found) @ http://localhost:3000/api/cloud-relay-host/tasks/process:0
[123771930ms] [WARNING] [cloud-relay-host] background poll skipped SyntaxError: Unexpected token '<', "<!DOCTYPE "... is not valid JSON @ http://localhost:3000/static/js/bundle.js:176
[123832000ms] [ERROR] Failed to load resource: the server responded with a status of 404 (Not Found) @ http://localhost:3000/api/cloud-relay-host/tasks/process:0
[123832002ms] [WARNING] [cloud-relay-host] background poll skipped SyntaxError: Unexpected token '<', "<!DOCTYPE "... is not valid JSON @ http://localhost:3000/static/js/bundle.js:176
[123892115ms] [ERROR] Failed to load resource: the server responded with a status of 404 (Not Found) @ http://localhost:3000/api/cloud-relay-host/tasks/process:0
[123892120ms] [WARNING] [cloud-relay-host] background poll skipped SyntaxError: Unexpected token '<', "<!DOCTYPE "... is not valid JSON @ http://localhost:3000/static/js/bundle.js:176
[123951910ms] [ERROR] Failed to load resource: the server responded with a status of 404 (Not Found) @ http://localhost:3000/api/cloud-relay-host/tasks/process:0
[123951911ms] [WARNING] [cloud-relay-host] background poll skipped SyntaxError: Unexpected token '<', "<!DOCTYPE "... is not valid JSON @ http://localhost:3000/static/js/bundle.js:176
[124011941ms] [ERROR] Failed to load resource: the server responded with a status of 404 (Not Found) @ http://localhost:3000/api/cloud-relay-host/tasks/process:0
[124011992ms] [WARNING] [cloud-relay-host] background poll skipped SyntaxError: Unexpected token '<', "<!DOCTYPE "... is not valid JSON @ http://localhost:3000/static/js/bundle.js:176
[124072749ms] [ERROR] Failed to load resource: the server responded with a status of 404 (Not Found) @ http://localhost:3000/api/cloud-relay-host/tasks/process:0
[124072754ms] [WARNING] [cloud-relay-host] background poll skipped SyntaxError: Unexpected token '<', "<!DOCTYPE "... is not valid JSON @ http://localhost:3000/static/js/bundle.js:176
[124131983ms] [ERROR] Failed to load resource: the server responded with a status of 404 (Not Found) @ http://localhost:3000/api/cloud-relay-host/tasks/process:0
[124131984ms] [WARNING] [cloud-relay-host] background poll skipped SyntaxError: Unexpected token '<', "<!DOCTYPE "... is not valid JSON @ http://localhost:3000/static/js/bundle.js:176
[124192019ms] [ERROR] Failed to load resource: the server responded with a status of 404 (Not Found) @ http://localhost:3000/api/cloud-relay-host/tasks/process:0
[124192027ms] [WARNING] [cloud-relay-host] background poll skipped SyntaxError: Unexpected token '<', "<!DOCTYPE "... is not valid JSON @ http://localhost:3000/static/js/bundle.js:176
[124252031ms] [ERROR] Failed to load resource: the server responded with a status of 404 (Not Found) @ http://localhost:3000/api/cloud-relay-host/tasks/process:0
[124252034ms] [WARNING] [cloud-relay-host] background poll skipped SyntaxError: Unexpected token '<', "<!DOCTYPE "... is not valid JSON @ http://localhost:3000/static/js/bundle.js:176
[124311881ms] [ERROR] Failed to load resource: the server responded with a status of 404 (Not Found) @ http://localhost:3000/api/cloud-relay-host/tasks/process:0
[124311881ms] [WARNING] [cloud-relay-host] background poll skipped SyntaxError: Unexpected token '<', "<!DOCTYPE "... is not valid JSON @ http://localhost:3000/static/js/bundle.js:176
[124371958ms] [ERROR] Failed to load resource: the server responded with a status of 404 (Not Found) @ http://localhost:3000/api/cloud-relay-host/tasks/process:0
[124371960ms] [WARNING] [cloud-relay-host] background poll skipped SyntaxError: Unexpected token '<', "<!DOCTYPE "... is not valid JSON @ http://localhost:3000/static/js/bundle.js:176
[124431893ms] [ERROR] Failed to load resource: the server responded with a status of 404 (Not Found) @ http://localhost:3000/api/cloud-relay-host/tasks/process:0
[124431893ms] [WARNING] [cloud-relay-host] background poll skipped SyntaxError: Unexpected token '<', "<!DOCTYPE "... is not valid JSON @ http://localhost:3000/static/js/bundle.js:176
[124491924ms] [ERROR] Failed to load resource: the server responded with a status of 404 (Not Found) @ http://localhost:3000/api/cloud-relay-host/tasks/process:0
[124491926ms] [WARNING] [cloud-relay-host] background poll skipped SyntaxError: Unexpected token '<', "<!DOCTYPE "... is not valid JSON @ http://localhost:3000/static/js/bundle.js:176
[124552166ms] [ERROR] Failed to load resource: the server responded with a status of 404 (Not Found) @ http://localhost:3000/api/cloud-relay-host/tasks/process:0
[124552167ms] [WARNING] [cloud-relay-host] background poll skipped SyntaxError: Unexpected token '<', "<!DOCTYPE "... is not valid JSON @ http://localhost:3000/static/js/bundle.js:176
[124611894ms] [ERROR] Failed to load resource: the server responded with a status of 404 (Not Found) @ http://localhost:3000/api/cloud-relay-host/tasks/process:0
[124611894ms] [WARNING] [cloud-relay-host] background poll skipped SyntaxError: Unexpected token '<', "<!DOCTYPE "... is not valid JSON @ http://localhost:3000/static/js/bundle.js:176
[124672374ms] [ERROR] Failed to load resource: the server responded with a status of 404 (Not Found) @ http://localhost:3000/api/cloud-relay-host/tasks/process:0
[124672382ms] [WARNING] [cloud-relay-host] background poll skipped SyntaxError: Unexpected token '<', "<!DOCTYPE "... is not valid JSON @ http://localhost:3000/static/js/bundle.js:176
[124732362ms] [ERROR] Failed to load resource: the server responded with a status of 404 (Not Found) @ http://localhost:3000/api/cloud-relay-host/tasks/process:0
[124732363ms] [WARNING] [cloud-relay-host] background poll skipped SyntaxError: Unexpected token '<', "<!DOCTYPE "... is not valid JSON @ http://localhost:3000/static/js/bundle.js:176
[124791899ms] [ERROR] Failed to load resource: the server responded with a status of 404 (Not Found) @ http://localhost:3000/api/cloud-relay-host/tasks/process:0
[124791900ms] [WARNING] [cloud-relay-host] background poll skipped SyntaxError: Unexpected token '<', "<!DOCTYPE "... is not valid JSON @ http://localhost:3000/static/js/bundle.js:176
[124855504ms] [ERROR] Failed to load resource: the server responded with a status of 404 (Not Found) @ http://localhost:3000/api/cloud-relay-host/tasks/process:0
[124855506ms] [WARNING] [cloud-relay-host] background poll skipped SyntaxError: Unexpected token '<', "<!DOCTYPE "... is not valid JSON @ http://localhost:3000/static/js/bundle.js:176
[124911927ms] [ERROR] Failed to load resource: the server responded with a status of 404 (Not Found) @ http://localhost:3000/api/cloud-relay-host/tasks/process:0
[124911928ms] [WARNING] [cloud-relay-host] background poll skipped SyntaxError: Unexpected token '<', "<!DOCTYPE "... is not valid JSON @ http://localhost:3000/static/js/bundle.js:176
[124972020ms] [ERROR] Failed to load resource: the server responded with a status of 404 (Not Found) @ http://localhost:3000/api/cloud-relay-host/tasks/process:0
[124972030ms] [WARNING] [cloud-relay-host] background poll skipped SyntaxError: Unexpected token '<', "<!DOCTYPE "... is not valid JSON @ http://localhost:3000/static/js/bundle.js:176
[125033742ms] [ERROR] Failed to load resource: the server responded with a status of 404 (Not Found) @ http://localhost:3000/api/cloud-relay-host/tasks/process:0
[125033745ms] [WARNING] [cloud-relay-host] background poll skipped SyntaxError: Unexpected token '<', "<!DOCTYPE "... is not valid JSON @ http://localhost:3000/static/js/bundle.js:176
[125091913ms] [ERROR] Failed to load resource: the server responded with a status of 404 (Not Found) @ http://localhost:3000/api/cloud-relay-host/tasks/process:0
[125091913ms] [WARNING] [cloud-relay-host] background poll skipped SyntaxError: Unexpected token '<', "<!DOCTYPE "... is not valid JSON @ http://localhost:3000/static/js/bundle.js:176
[125152022ms] [ERROR] Failed to load resource: the server responded with a status of 404 (Not Found) @ http://localhost:3000/api/cloud-relay-host/tasks/process:0
[125152028ms] [WARNING] [cloud-relay-host] background poll skipped SyntaxError: Unexpected token '<', "<!DOCTYPE "... is not valid JSON @ http://localhost:3000/static/js/bundle.js:176
[125212258ms] [ERROR] Failed to load resource: the server responded with a status of 404 (Not Found) @ http://localhost:3000/api/cloud-relay-host/tasks/process:0
[125212262ms] [WARNING] [cloud-relay-host] background poll skipped SyntaxError: Unexpected token '<', "<!DOCTYPE "... is not valid JSON @ http://localhost:3000/static/js/bundle.js:176
[125271890ms] [ERROR] Failed to load resource: the server responded with a status of 404 (Not Found) @ http://localhost:3000/api/cloud-relay-host/tasks/process:0
[125271891ms] [WARNING] [cloud-relay-host] background poll skipped SyntaxError: Unexpected token '<', "<!DOCTYPE "... is not valid JSON @ http://localhost:3000/static/js/bundle.js:176
[125332055ms] [ERROR] Failed to load resource: the server responded with a status of 404 (Not Found) @ http://localhost:3000/api/cloud-relay-host/tasks/process:0
[125332057ms] [WARNING] [cloud-relay-host] background poll skipped SyntaxError: Unexpected token '<', "<!DOCTYPE "... is not valid JSON @ http://localhost:3000/static/js/bundle.js:176
[125392076ms] [ERROR] Failed to load resource: the server responded with a status of 404 (Not Found) @ http://localhost:3000/api/cloud-relay-host/tasks/process:0
[125392077ms] [WARNING] [cloud-relay-host] background poll skipped SyntaxError: Unexpected token '<', "<!DOCTYPE "... is not valid JSON @ http://localhost:3000/static/js/bundle.js:176
[125452007ms] [ERROR] Failed to load resource: the server responded with a status of 404 (Not Found) @ http://localhost:3000/api/cloud-relay-host/tasks/process:0
[125452007ms] [WARNING] [cloud-relay-host] background poll skipped SyntaxError: Unexpected token '<', "<!DOCTYPE "... is not valid JSON @ http://localhost:3000/static/js/bundle.js:176
[125512765ms] [ERROR] Failed to load resource: the server responded with a status of 404 (Not Found) @ http://localhost:3000/api/cloud-relay-host/tasks/process:0
[125512768ms] [WARNING] [cloud-relay-host] background poll skipped SyntaxError: Unexpected token '<', "<!DOCTYPE "... is not valid JSON @ http://localhost:3000/static/js/bundle.js:176
[125571934ms] [ERROR] Failed to load resource: the server responded with a status of 404 (Not Found) @ http://localhost:3000/api/cloud-relay-host/tasks/process:0
[125571935ms] [WARNING] [cloud-relay-host] background poll skipped SyntaxError: Unexpected token '<', "<!DOCTYPE "... is not valid JSON @ http://localhost:3000/static/js/bundle.js:176
[125632064ms] [ERROR] Failed to load resource: the server responded with a status of 404 (Not Found) @ http://localhost:3000/api/cloud-relay-host/tasks/process:0
[125632066ms] [WARNING] [cloud-relay-host] background poll skipped SyntaxError: Unexpected token '<', "<!DOCTYPE "... is not valid JSON @ http://localhost:3000/static/js/bundle.js:176
[125691872ms] [ERROR] Failed to load resource: the server responded with a status of 404 (Not Found) @ http://localhost:3000/api/cloud-relay-host/tasks/process:0
[125691873ms] [WARNING] [cloud-relay-host] background poll skipped SyntaxError: Unexpected token '<', "<!DOCTYPE "... is not valid JSON @ http://localhost:3000/static/js/bundle.js:176
[125752359ms] [ERROR] Failed to load resource: the server responded with a status of 404 (Not Found) @ http://localhost:3000/api/cloud-relay-host/tasks/process:0
[125752361ms] [WARNING] [cloud-relay-host] background poll skipped SyntaxError: Unexpected token '<', "<!DOCTYPE "... is not valid JSON @ http://localhost:3000/static/js/bundle.js:176
[125811888ms] [ERROR] Failed to load resource: the server responded with a status of 404 (Not Found) @ http://localhost:3000/api/cloud-relay-host/tasks/process:0
[125811889ms] [WARNING] [cloud-relay-host] background poll skipped SyntaxError: Unexpected token '<', "<!DOCTYPE "... is not valid JSON @ http://localhost:3000/static/js/bundle.js:176
[125872156ms] [ERROR] Failed to load resource: the server responded with a status of 404 (Not Found) @ http://localhost:3000/api/cloud-relay-host/tasks/process:0
[125872157ms] [WARNING] [cloud-relay-host] background poll skipped SyntaxError: Unexpected token '<', "<!DOCTYPE "... is not valid JSON @ http://localhost:3000/static/js/bundle.js:176
[125932108ms] [ERROR] Failed to load resource: the server responded with a status of 404 (Not Found) @ http://localhost:3000/api/cloud-relay-host/tasks/process:0
[125932109ms] [WARNING] [cloud-relay-host] background poll skipped SyntaxError: Unexpected token '<', "<!DOCTYPE "... is not valid JSON @ http://localhost:3000/static/js/bundle.js:176
[125991919ms] [ERROR] Failed to load resource: the server responded with a status of 404 (Not Found) @ http://localhost:3000/api/cloud-relay-host/tasks/process:0
[125991923ms] [WARNING] [cloud-relay-host] background poll skipped SyntaxError: Unexpected token '<', "<!DOCTYPE "... is not valid JSON @ http://localhost:3000/static/js/bundle.js:176
[126052231ms] [ERROR] Failed to load resource: the server responded with a status of 404 (Not Found) @ http://localhost:3000/api/cloud-relay-host/tasks/process:0
[126052234ms] [WARNING] [cloud-relay-host] background poll skipped SyntaxError: Unexpected token '<', "<!DOCTYPE "... is not valid JSON @ http://localhost:3000/static/js/bundle.js:176
[126111883ms] [ERROR] Failed to load resource: the server responded with a status of 404 (Not Found) @ http://localhost:3000/api/cloud-relay-host/tasks/process:0
[126111884ms] [WARNING] [cloud-relay-host] background poll skipped SyntaxError: Unexpected token '<', "<!DOCTYPE "... is not valid JSON @ http://localhost:3000/static/js/bundle.js:176
[126172916ms] [ERROR] Failed to load resource: the server responded with a status of 404 (Not Found) @ http://localhost:3000/api/cloud-relay-host/tasks/process:0
[126172918ms] [WARNING] [cloud-relay-host] background poll skipped SyntaxError: Unexpected token '<', "<!DOCTYPE "... is not valid JSON @ http://localhost:3000/static/js/bundle.js:176
[126232931ms] [ERROR] Failed to load resource: the server responded with a status of 404 (Not Found) @ http://localhost:3000/api/cloud-relay-host/tasks/process:0
[126232933ms] [WARNING] [cloud-relay-host] background poll skipped SyntaxError: Unexpected token '<', "<!DOCTYPE "... is not valid JSON @ http://localhost:3000/static/js/bundle.js:176
[126292123ms] [ERROR] Failed to load resource: the server responded with a status of 404 (Not Found) @ http://localhost:3000/api/cloud-relay-host/tasks/process:0
[126292125ms] [WARNING] [cloud-relay-host] background poll skipped SyntaxError: Unexpected token '<', "<!DOCTYPE "... is not valid JSON @ http://localhost:3000/static/js/bundle.js:176
[126354841ms] [ERROR] Failed to load resource: the server responded with a status of 404 (Not Found) @ http://localhost:3000/api/cloud-relay-host/tasks/process:0
[126354855ms] [WARNING] [cloud-relay-host] background poll skipped SyntaxError: Unexpected token '<', "<!DOCTYPE "... is not valid JSON @ http://localhost:3000/static/js/bundle.js:176
[126411876ms] [ERROR] Failed to load resource: the server responded with a status of 404 (Not Found) @ http://localhost:3000/api/cloud-relay-host/tasks/process:0
[126411876ms] [WARNING] [cloud-relay-host] background poll skipped SyntaxError: Unexpected token '<', "<!DOCTYPE "... is not valid JSON @ http://localhost:3000/static/js/bundle.js:176
[126472538ms] [ERROR] Failed to load resource: the server responded with a status of 404 (Not Found) @ http://localhost:3000/api/cloud-relay-host/tasks/process:0
[126472540ms] [WARNING] [cloud-relay-host] background poll skipped SyntaxError: Unexpected token '<', "<!DOCTYPE "... is not valid JSON @ http://localhost:3000/static/js/bundle.js:176
[126533222ms] [ERROR] Failed to load resource: the server responded with a status of 404 (Not Found) @ http://localhost:3000/api/cloud-relay-host/tasks/process:0
[126533224ms] [WARNING] [cloud-relay-host] background poll skipped SyntaxError: Unexpected token '<', "<!DOCTYPE "... is not valid JSON @ http://localhost:3000/static/js/bundle.js:176
[126597504ms] [ERROR] Failed to load resource: the server responded with a status of 404 (Not Found) @ http://localhost:3000/api/cloud-relay-host/tasks/process:0
[126597506ms] [WARNING] [cloud-relay-host] background poll skipped SyntaxError: Unexpected token '<', "<!DOCTYPE "... is not valid JSON @ http://localhost:3000/static/js/bundle.js:176
[126652337ms] [ERROR] Failed to load resource: the server responded with a status of 404 (Not Found) @ http://localhost:3000/api/cloud-relay-host/tasks/process:0
[126652339ms] [WARNING] [cloud-relay-host] background poll skipped SyntaxError: Unexpected token '<', "<!DOCTYPE "... is not valid JSON @ http://localhost:3000/static/js/bundle.js:176
[126712100ms] [ERROR] Failed to load resource: the server responded with a status of 404 (Not Found) @ http://localhost:3000/api/cloud-relay-host/tasks/process:0
[126712102ms] [WARNING] [cloud-relay-host] background poll skipped SyntaxError: Unexpected token '<', "<!DOCTYPE "... is not valid JSON @ http://localhost:3000/static/js/bundle.js:176
[126771969ms] [ERROR] Failed to load resource: the server responded with a status of 404 (Not Found) @ http://localhost:3000/api/cloud-relay-host/tasks/process:0
[126771971ms] [WARNING] [cloud-relay-host] background poll skipped SyntaxError: Unexpected token '<', "<!DOCTYPE "... is not valid JSON @ http://localhost:3000/static/js/bundle.js:176
[126832775ms] [ERROR] Failed to load resource: the server responded with a status of 404 (Not Found) @ http://localhost:3000/api/cloud-relay-host/tasks/process:0
[126832777ms] [WARNING] [cloud-relay-host] background poll skipped SyntaxError: Unexpected token '<', "<!DOCTYPE "... is not valid JSON @ http://localhost:3000/static/js/bundle.js:176
[126892624ms] [ERROR] Failed to load resource: the server responded with a status of 404 (Not Found) @ http://localhost:3000/api/cloud-relay-host/tasks/process:0
[126892627ms] [WARNING] [cloud-relay-host] background poll skipped SyntaxError: Unexpected token '<', "<!DOCTYPE "... is not valid JSON @ http://localhost:3000/static/js/bundle.js:176
[126952409ms] [ERROR] Failed to load resource: the server responded with a status of 404 (Not Found) @ http://localhost:3000/api/cloud-relay-host/tasks/process:0
[126952412ms] [WARNING] [cloud-relay-host] background poll skipped SyntaxError: Unexpected token '<', "<!DOCTYPE "... is not valid JSON @ http://localhost:3000/static/js/bundle.js:176
[127012067ms] [ERROR] Failed to load resource: the server responded with a status of 404 (Not Found) @ http://localhost:3000/api/cloud-relay-host/tasks/process:0
[127012070ms] [WARNING] [cloud-relay-host] background poll skipped SyntaxError: Unexpected token '<', "<!DOCTYPE "... is not valid JSON @ http://localhost:3000/static/js/bundle.js:176
[127071955ms] [ERROR] Failed to load resource: the server responded with a status of 404 (Not Found) @ http://localhost:3000/api/cloud-relay-host/tasks/process:0
[127071956ms] [WARNING] [cloud-relay-host] background poll skipped SyntaxError: Unexpected token '<', "<!DOCTYPE "... is not valid JSON @ http://localhost:3000/static/js/bundle.js:176
[127132054ms] [ERROR] Failed to load resource: the server responded with a status of 404 (Not Found) @ http://localhost:3000/api/cloud-relay-host/tasks/process:0
[127132056ms] [WARNING] [cloud-relay-host] background poll skipped SyntaxError: Unexpected token '<', "<!DOCTYPE "... is not valid JSON @ http://localhost:3000/static/js/bundle.js:176
[127208450ms] [ERROR] Failed to load resource: the server responded with a status of 404 (Not Found) @ http://localhost:3000/api/cloud-relay-host/tasks/process:0
[127208452ms] [WARNING] [cloud-relay-host] background poll skipped SyntaxError: Unexpected token '<', "<!DOCTYPE "... is not valid JSON @ http://localhost:3000/static/js/bundle.js:176
[127252135ms] [ERROR] Failed to load resource: the server responded with a status of 404 (Not Found) @ http://localhost:3000/api/cloud-relay-host/tasks/process:0
[127252136ms] [WARNING] [cloud-relay-host] background poll skipped SyntaxError: Unexpected token '<', "<!DOCTYPE "... is not valid JSON @ http://localhost:3000/static/js/bundle.js:176
[127311928ms] [ERROR] Failed to load resource: the server responded with a status of 404 (Not Found) @ http://localhost:3000/api/cloud-relay-host/tasks/process:0
[127311935ms] [WARNING] [cloud-relay-host] background poll skipped SyntaxError: Unexpected token '<', "<!DOCTYPE "... is not valid JSON @ http://localhost:3000/static/js/bundle.js:176
[127372067ms] [ERROR] Failed to load resource: the server responded with a status of 404 (Not Found) @ http://localhost:3000/api/cloud-relay-host/tasks/process:0
[127372069ms] [WARNING] [cloud-relay-host] background poll skipped SyntaxError: Unexpected token '<', "<!DOCTYPE "... is not valid JSON @ http://localhost:3000/static/js/bundle.js:176
[127431911ms] [ERROR] Failed to load resource: the server responded with a status of 404 (Not Found) @ http://localhost:3000/api/cloud-relay-host/tasks/process:0
[127431911ms] [WARNING] [cloud-relay-host] background poll skipped SyntaxError: Unexpected token '<', "<!DOCTYPE "... is not valid JSON @ http://localhost:3000/static/js/bundle.js:176
[127492048ms] [ERROR] Failed to load resource: the server responded with a status of 404 (Not Found) @ http://localhost:3000/api/cloud-relay-host/tasks/process:0
[127492052ms] [WARNING] [cloud-relay-host] background poll skipped SyntaxError: Unexpected token '<', "<!DOCTYPE "... is not valid JSON @ http://localhost:3000/static/js/bundle.js:176
[127551874ms] [ERROR] Failed to load resource: the server responded with a status of 404 (Not Found) @ http://localhost:3000/api/cloud-relay-host/tasks/process:0
[127551877ms] [WARNING] [cloud-relay-host] background poll skipped SyntaxError: Unexpected token '<', "<!DOCTYPE "... is not valid JSON @ http://localhost:3000/static/js/bundle.js:176
[127611875ms] [ERROR] Failed to load resource: the server responded with a status of 404 (Not Found) @ http://localhost:3000/api/cloud-relay-host/tasks/process:0
[127611878ms] [WARNING] [cloud-relay-host] background poll skipped SyntaxError: Unexpected token '<', "<!DOCTYPE "... is not valid JSON @ http://localhost:3000/static/js/bundle.js:176
[127672226ms] [ERROR] Failed to load resource: the server responded with a status of 404 (Not Found) @ http://localhost:3000/api/cloud-relay-host/tasks/process:0
[127672228ms] [WARNING] [cloud-relay-host] background poll skipped SyntaxError: Unexpected token '<', "<!DOCTYPE "... is not valid JSON @ http://localhost:3000/static/js/bundle.js:176
[127731941ms] [ERROR] Failed to load resource: the server responded with a status of 404 (Not Found) @ http://localhost:3000/api/cloud-relay-host/tasks/process:0
[127731942ms] [WARNING] [cloud-relay-host] background poll skipped SyntaxError: Unexpected token '<', "<!DOCTYPE "... is not valid JSON @ http://localhost:3000/static/js/bundle.js:176
[127792361ms] [ERROR] Failed to load resource: the server responded with a status of 404 (Not Found) @ http://localhost:3000/api/cloud-relay-host/tasks/process:0
[127792363ms] [WARNING] [cloud-relay-host] background poll skipped SyntaxError: Unexpected token '<', "<!DOCTYPE "... is not valid JSON @ http://localhost:3000/static/js/bundle.js:176
[127851877ms] [ERROR] Failed to load resource: the server responded with a status of 404 (Not Found) @ http://localhost:3000/api/cloud-relay-host/tasks/process:0
[127851878ms] [WARNING] [cloud-relay-host] background poll skipped SyntaxError: Unexpected token '<', "<!DOCTYPE "... is not valid JSON @ http://localhost:3000/static/js/bundle.js:176
[127912155ms] [ERROR] Failed to load resource: the server responded with a status of 404 (Not Found) @ http://localhost:3000/api/cloud-relay-host/tasks/process:0
[127912157ms] [WARNING] [cloud-relay-host] background poll skipped SyntaxError: Unexpected token '<', "<!DOCTYPE "... is not valid JSON @ http://localhost:3000/static/js/bundle.js:176
[127972174ms] [ERROR] Failed to load resource: the server responded with a status of 404 (Not Found) @ http://localhost:3000/api/cloud-relay-host/tasks/process:0
[127972174ms] [WARNING] [cloud-relay-host] background poll skipped SyntaxError: Unexpected token '<', "<!DOCTYPE "... is not valid JSON @ http://localhost:3000/static/js/bundle.js:176
[128031987ms] [ERROR] Failed to load resource: the server responded with a status of 404 (Not Found) @ http://localhost:3000/api/cloud-relay-host/tasks/process:0
[128031988ms] [WARNING] [cloud-relay-host] background poll skipped SyntaxError: Unexpected token '<', "<!DOCTYPE "... is not valid JSON @ http://localhost:3000/static/js/bundle.js:176
[128091972ms] [ERROR] Failed to load resource: the server responded with a status of 404 (Not Found) @ http://localhost:3000/api/cloud-relay-host/tasks/process:0
[128091974ms] [WARNING] [cloud-relay-host] background poll skipped SyntaxError: Unexpected token '<', "<!DOCTYPE "... is not valid JSON @ http://localhost:3000/static/js/bundle.js:176
[128151933ms] [ERROR] Failed to load resource: the server responded with a status of 404 (Not Found) @ http://localhost:3000/api/cloud-relay-host/tasks/process:0
[128151934ms] [WARNING] [cloud-relay-host] background poll skipped SyntaxError: Unexpected token '<', "<!DOCTYPE "... is not valid JSON @ http://localhost:3000/static/js/bundle.js:176
[128212015ms] [ERROR] Failed to load resource: the server responded with a status of 404 (Not Found) @ http://localhost:3000/api/cloud-relay-host/tasks/process:0
[128212016ms] [WARNING] [cloud-relay-host] background poll skipped SyntaxError: Unexpected token '<', "<!DOCTYPE "... is not valid JSON @ http://localhost:3000/static/js/bundle.js:176
[128271923ms] [ERROR] Failed to load resource: the server responded with a status of 404 (Not Found) @ http://localhost:3000/api/cloud-relay-host/tasks/process:0
[128271924ms] [WARNING] [cloud-relay-host] background poll skipped SyntaxError: Unexpected token '<', "<!DOCTYPE "... is not valid JSON @ http://localhost:3000/static/js/bundle.js:176
[128331966ms] [ERROR] Failed to load resource: the server responded with a status of 404 (Not Found) @ http://localhost:3000/api/cloud-relay-host/tasks/process:0
[128331967ms] [WARNING] [cloud-relay-host] background poll skipped SyntaxError: Unexpected token '<', "<!DOCTYPE "... is not valid JSON @ http://localhost:3000/static/js/bundle.js:176
[128392599ms] [ERROR] Failed to load resource: the server responded with a status of 404 (Not Found) @ http://localhost:3000/api/cloud-relay-host/tasks/process:0
[128392600ms] [WARNING] [cloud-relay-host] background poll skipped SyntaxError: Unexpected token '<', "<!DOCTYPE "... is not valid JSON @ http://localhost:3000/static/js/bundle.js:176
[128451956ms] [ERROR] Failed to load resource: the server responded with a status of 404 (Not Found) @ http://localhost:3000/api/cloud-relay-host/tasks/process:0
[128451984ms] [WARNING] [cloud-relay-host] background poll skipped SyntaxError: Unexpected token '<', "<!DOCTYPE "... is not valid JSON @ http://localhost:3000/static/js/bundle.js:176
[128512098ms] [ERROR] Failed to load resource: the server responded with a status of 404 (Not Found) @ http://localhost:3000/api/cloud-relay-host/tasks/process:0
[128512100ms] [WARNING] [cloud-relay-host] background poll skipped SyntaxError: Unexpected token '<', "<!DOCTYPE "... is not valid JSON @ http://localhost:3000/static/js/bundle.js:176
[128572243ms] [ERROR] Failed to load resource: the server responded with a status of 404 (Not Found) @ http://localhost:3000/api/cloud-relay-host/tasks/process:0
[128572243ms] [WARNING] [cloud-relay-host] background poll skipped SyntaxError: Unexpected token '<', "<!DOCTYPE "... is not valid JSON @ http://localhost:3000/static/js/bundle.js:176
[128632030ms] [ERROR] Failed to load resource: the server responded with a status of 404 (Not Found) @ http://localhost:3000/api/cloud-relay-host/tasks/process:0
[128632031ms] [WARNING] [cloud-relay-host] background poll skipped SyntaxError: Unexpected token '<', "<!DOCTYPE "... is not valid JSON @ http://localhost:3000/static/js/bundle.js:176
[128692039ms] [ERROR] Failed to load resource: the server responded with a status of 404 (Not Found) @ http://localhost:3000/api/cloud-relay-host/tasks/process:0
[128692040ms] [WARNING] [cloud-relay-host] background poll skipped SyntaxError: Unexpected token '<', "<!DOCTYPE "... is not valid JSON @ http://localhost:3000/static/js/bundle.js:176
[128757843ms] [ERROR] Failed to load resource: the server responded with a status of 404 (Not Found) @ http://localhost:3000/api/cloud-relay-host/tasks/process:0
[128757845ms] [WARNING] [cloud-relay-host] background poll skipped SyntaxError: Unexpected token '<', "<!DOCTYPE "... is not valid JSON @ http://localhost:3000/static/js/bundle.js:176
